video_id,comment,clean_comment,label
DfYhY-bKsZI,S6 angst mndukung,s6 angst mndukung,positive
DfYhY-bKsZI,Nah begitu tvone hapus saja tegss dong ya salam welas asih 🙏🙏👍👍👍🤝,nah begitu tvone hapus saja tegss dong ya salam welas asih,positive
DfYhY-bKsZI,plis menteri aku mau nya agar bukan medsos di batasi tapi org yg bikin porno grafi,plis menteri aku mau nya agar bukan medsos di batasi tapi org yg bikin porno grafi,negative
DfYhY-bKsZI,demo demo demo,demo demo demo,negative
DfYhY-bKsZI,😂😂 ikutin Negara besar,ikutin negara besar,neutral
DfYhY-bKsZI,saya minta untuk sosmed yg di tahan di batalkan cari org jahat nya itu baru betul,saya minta untuk sosmed yg di tahan di batalkan cari org jahat nya itu baru betul,negative
DfYhY-bKsZI,Kenapa sih GK boleh kan emak bapak nya yang beliin😢,kenapa sih gk boleh kan emak bapak nya yang beliin,negative
DfYhY-bKsZI,Yah jadi nonton cocomelon lagi deh 😭,yah jadi nonton cocomelon lagi deh,negative
DfYhY-bKsZI,Apalah kenapaaaaa woiii,apalah kenapaaaaa woiii,negative
DfYhY-bKsZI,Mohon maaf pak saya mau izin melanjutkan jika YouTube di blokir atau di batasin anak anak dari umur 5 sampai 15 tahun belajar perkalian gimana? Pantes negara ga pernah maju sedangkan isi ny tikus semua MASA JUDOL GA DI BAN? KALIAN DUKUNG JUDI?JANGAN sampe anak anak ikut JUDOL kalo kami demo jangan salahkan kami! Kalian yang mulai lalu anak anak 13 sampai 15 tahun chat orang tua saat pulang sekolah gimana masa hrs pake guru? Ga mungkin jika aplikasi yang di larang itu di banned kami akan kasih bintang satu semua aplikasi terutama aplikasi komdigi di gital! Siapa yang setuju!!,mohon maaf pak saya mau izin melanjutkan jika youtube di blokir atau di batasin anak anak dari umur 5 sampai 15 tahun belajar perkalian gimana pantes negara ga pernah maju sedangkan isi ny tikus semua masa judol ga di ban kalian dukung judijangan sampe anak anak ikut judol kalo kami demo jangan salahkan kami kalian yang mulai lalu anak anak 13 sampai 15 tahun chat orang tua saat pulang sekolah gimana masa hrs pake guru ga mungkin jika aplikasi yang di larang itu di banned kami akan kasih bintang satu semua aplikasi terutama aplikasi komdigi di gital siapa yang setuju,negative
DfYhY-bKsZI,Mantap pembasmian bocah iq78 yg semakin meresahkan👍,mantap pembasmian bocah iq78 yg semakin meresahkan,positive
DfYhY-bKsZI,Woi gak usah caper lu pemerintah 😡😡😡,woi gak usah caper lu pemerintah,negative
DfYhY-bKsZI,dasar mahluk sok bikin aturan,dasar mahluk sok bikin aturan,negative
DfYhY-bKsZI,Setujuh karena anak anak sudah terobsesi dengan tontonan 🔞,setujuh karena anak anak sudah terobsesi dengan tontonan,positive
DfYhY-bKsZI,Ah ela gw baru umur 8 thun ini co co😢,ah ela gw baru umur 8 thun ini co co,negative
DfYhY-bKsZI,Saya tidak terima!!!!!!! Facebook YouTube nggak boleh diblokir harus dijalanin lagi kalau belajar membuat kepala pusing atau stress harus dihentikan pemerintah 😡😡😡😡😡😡😡😡😡😡😡😡😡😡😡😡😡😡😡😡😡😡,saya tidak terima facebook youtube nggak boleh diblokir harus dijalanin lagi kalau belajar membuat kepala pusing atau stress harus dihentikan pemerintah,negative
DfYhY-bKsZI,ANJ😞👈,anj,negative
DfYhY-bKsZI,Serah lah bodoamat akuh,serah lah bodoamat akuh,neutral
DfYhY-bKsZI,"Klo dihapus demo gak sihhh, yg demo kumpul<br>👇",klo dihapus demo gak sihhh yg demo kumpul,negative
DfYhY-bKsZI,Bukan nya hapus korup atau judi malah hapus sosmed di bawah 16 bodo,bukan nya hapus korup atau judi malah hapus sosmed di bawah 16 bodo,negative
DfYhY-bKsZI,Mantap,mantap,positive
DfYhY-bKsZI,Pala kau lah terbaik,pala kau lah terbaik,negative
DfYhY-bKsZI,Dasar  pemrintah  gatau diri 😡😡😡😡🤬😡😡🤬😡,dasar pemrintah gatau diri,negative
DfYhY-bKsZI,Ayo hujat habis habisan😡😡😡🤬😡🤬🤬😡😡😡,ayo hujat habis habisan,negative
DfYhY-bKsZI,"Terus gue ulangan pake apa?,gue ulangan pake hp anjg,itu juga disuruh cari jawaban dimedsos!!",terus gue ulangan pake apague ulangan pake hp anjgitu juga disuruh cari jawaban dimedsos,negative
DfYhY-bKsZI,Klo anak di bawah 16 tahun gak bisa nonton   youtube  terus aku belajar bahasa Russia nya gemana,klo anak di bawah 16 tahun gak bisa nonton youtube terus aku belajar bahasa russia nya gemana,negative
DfYhY-bKsZI,Dasar gatau diri😡😡😡😡🤬🤬😡😡😡🤬😡🤬🤬😡😡🤬,dasar gatau diri,negative
DfYhY-bKsZI,Iya peraturan nya sangat jelek😡😡😡😡😡😡🤬🤬🤬🤬🤬🤬😡🤬🤬😡🤬😡🤬😡🤬🤬🤬🤬😡😡😡😡😡😡🤬🤬😡🤬🤬😡🤬🤬🤬😡🤬🤬😡😡😡😡🤬,iya peraturan nya sangat jelek,negative
DfYhY-bKsZI,Peraturan nya jelek 😡😡😡🤬😡🤬🤬😡🤬😡🤬🤬😡🤬😡,peraturan nya jelek
DfYhY-bKsZI,Dasar lu ya😡,dasar lu ya,negative
DfYhY-bKsZI,Lu emang mau demo lagi😡,lu emang mau demo lagi,negative
DfYhY-bKsZI,Seharusnya kalau mau anak anak aman Ben atau blokir akun yang berbahaya,seharusnya kalau mau anak anak aman ben atau blokir akun yang berbahaya,negative
DfYhY-bKsZI,😭😭😭😭😭😭😭😭😭😭😭😭😭😭😭plissssssssssssssss jangan di hapus,plissssssssssssssss jangan di hapus,negative
DfYhY-bKsZI,Harus nya di ajarin yg ilegal atau yg bahaya dan yg aman dan GK bahaya bukan seenaknya doang di blockir lu tuh mau GK di berhentiin aja jadi pemerintah seenak nya kita rakyat biasa GK mau kan?,harus nya di ajarin yg ilegal atau yg bahaya dan yg aman dan gk bahaya bukan seenaknya doang di blockir lu tuh mau gk di berhentiin aja jadi pemerintah seenak nya kita rakyat biasa gk mau kan,negative
DfYhY-bKsZI,Halah gua aja ya nonton biasa kayak penting info ada apa (CONTOH) katanya ada gerhana bulan nah kan kita gak tahu jadi gerhana yang kita tunggu tunggu malah Terlewat <br>Dan kata kata hari ini : kenapa Indonesia tidak maju karena fideo yang penting untuk anak anak seperti gerhana bulan atau matematika tidak bisah tau orang yang mau liat kereta taupun kendaraan lain gitu <br>. Kenapa gak begini urusin judi  dulu nah ke. 2. Video yang tidak pantas untuk di tonton anak anak harus nya di hapus atau di praifet gitu loh 🤬🤬🤬🤬🤬🤬🙏🤬🤬🤬😑😅,halah gua aja ya nonton biasa kayak penting info ada apa contoh katanya ada gerhana bulan nah kan kita gak tahu jadi gerhana yang kita tunggu tunggu malah terlewat dan kata kata hari ini kenapa indonesia tidak maju karena fideo yang penting untuk anak anak seperti gerhana bulan atau matematika tidak bisah tau orang yang mau liat kereta taupun kendaraan lain gitu kenapa gak begini urusin judi dulu nah ke 2 video yang tidak pantas untuk di tonton anak anak harus nya di hapus atau di praifet gitu loh,negative
DfYhY-bKsZI,Hoooo pemerintah jahat hoooo!!! 😡😡😡😡😡😡😡😡😡😡😡😡😡😡😡👎🥀🥀👎🥀🥀,hoooo pemerintah jahat hoooo,negative
DfYhY-bKsZI,Tapi jangan juga di nonaktifkan,tapi jangan juga di nonaktifkan,negative
DfYhY-bKsZI,Kami tidak setujuh tidak setuju,kami tidak setujuh tidak setuju,negative
DfYhY-bKsZI,SAYA TIDAK TERIMA!!!!!!!!!!!!!,saya tidak terima,negative
DfYhY-bKsZI,Lebih baik anak anak tidak di boleh membuat konten yg tidak pantas untuk anak di bawah 16 tahun gimana ya hanya menyarankan,lebih baik anak anak tidak di boleh membuat konten yg tidak pantas untuk anak di bawah 16 tahun gimana ya hanya menyarankan,neutral
DfYhY-bKsZI,Kenapa sekalinya korupsi narkoba  gak cepat bergerak. tapi kalau tentang pembatasan digital pemerintah sok asik,kenapa sekalinya korupsi narkoba gak cepat bergerak tapi kalau tentang pembatasan digital pemerintah sok asik,negative
DfYhY-bKsZI,Gw gk setuju kenapa yutube sama roblox sama tiktok dan sosmed gw gk setuju anj😡wtf gw gk setujuuuuuuuuuuu kenapa harus seperti ini kenapa harus di blokir kita semua punya hal masing masing itu tergantung dewasa nya kenapa ha aku bilang kenapa kamu buka orang penting kesian orang yang di bawah umur16 tahun kalo mau kasih praturan itu mikir napa woi kenapa harus yutube sama tik tok sama roblox woi awas kalo gk baca lu lo bukan orang penting,gw gk setuju kenapa yutube sama roblox sama tiktok dan sosmed gw gk setuju anjwtf gw gk setujuuuuuuuuuuu kenapa harus seperti ini kenapa harus di blokir kita semua punya hal masing masing itu tergantung dewasa nya kenapa ha aku bilang kenapa kamu buka orang penting kesian orang yang di bawah umur16 tahun kalo mau kasih praturan itu mikir napa woi kenapa harus yutube sama tik tok sama roblox woi awas kalo gk baca lu lo bukan orang penting,negative
DfYhY-bKsZI,Tapi ini sawit makin banyak koruptor gak di usir terus masih banyak gw kasian Ama bocah bocah,tapi ini sawit makin banyak koruptor gak di usir terus masih banyak gw kasian ama bocah bocah,negative
DfYhY-bKsZI,Woi gak setuju tim gak setuju kumpul di sini kita ramaikan,woi gak setuju tim gak setuju kumpul di sini kita ramaikan,negative
NzMXdwZm8B0,TIDAK ROBLOX  DAN YUTUB,tidak roblox dan yutub,negative
NzMXdwZm8B0,pemerintah udah  keteraluan,pemerintah udah keteraluan,negative
NzMXdwZm8B0,Nanggung banget 16 tahun tambahin 2 tahun kek jadinya 18 tahun. Kalo 16 tahun anak2 belum matang dalam hidup walaupun menurut persepsi orang umur 16 tahun udah matang tapi menurut ku kurang yang benar tuh 18 tahun soalnya matang dalam hidup,nanggung banget 16 tahun tambahin 2 tahun kek jadinya 18 tahun kalo 16 tahun anak2 belum matang dalam hidup walaupun menurut persepsi orang umur 16 tahun udah matang tapi menurut ku kurang yang benar tuh 18 tahun soalnya matang dalam hidup,positive
NzMXdwZm8B0,Kenape plua kene anak Indonesia yaang kena di band? Kenape tk anak negara yang lain? Saye sebagai anak Malaysia pun tk setuju drngan berita ni! Tk kan anak umur 15 14 dan 13 juga kenak band? Anak² ade juga yang belajar dari YouTube atau sosmed yang lainnya! Jadi kan sosmad tu tk payah di band apalah!🤬,kenape plua kene anak indonesia yaang kena di band kenape tk anak negara yang lain saye sebagai anak malaysia pun tk setuju drngan berita ni tk kan anak umur 15 14 dan 13 juga kenak band anak ade juga yang belajar dari youtube atau sosmed yang lainnya jadi kan sosmad tu tk payah di band apalah,negative
NzMXdwZm8B0,"Aku tau ini baik untuk kita semua,tapi ada resiko juga yang malah membuat anak jadi susah berkembang.contoh contohnya seperti:<br><br>•Kreator kecil menghilang,Banyak anak kecil merintis mencari duit kecil kecilan,Dengan pemblokiran ini menimbulkan anak kecil mulai kehilang potensi besarnya.<br><br>•Edukasi jadi lebih terbatas,Banyak video video edukasi yang membantu anak bangsa kita contoh video edukasi,tutorial,dan sebagainya.Dengan pemblokiran ini menimbulkan anak kecil jadi susah dapat informasi atau bahkan harus cari informasi dari jauh banget.<br><br>•Platform lain lain akan mulai menghilang sedikit demi sedikit,Banyak sekali platform platform yang di isi anak kecil,Dengan kebijakan ini membuat platform tersebut mulai menghilang atau lebih parahnya platfor tersebut akan meninggalkan indonesia dan beralih ke negara lain yang membuat potensi indonesia berkurang drastis.<br><br>Pendapat aku soal kebijakan ini adalah:<br><br>Jangan diblokir tapi edukasi mendalam kepada anak anak,Contoh buat guru naik gaji dan mengajarkan anak untuk mengetahui apa bahaya media sosial.<br><br>Sekian denga saya mohon maaf aku bukan ahli atau semacamnya ini hanya perasaan dan pendapat saya saja mohon di dengar dan semoga bisa di komunikasikan.",aku tau ini baik untuk kita semuatapi ada resiko juga yang malah membuat anak jadi susah berkembangcontoh contohnya sepertikreator kecil menghilangbanyak anak kecil merintis mencari duit kecil kecilandengan pemblokiran ini menimbulkan anak kecil mulai kehilang potensi besarnyaedukasi jadi lebih terbatasbanyak video video edukasi yang membantu anak bangsa kita contoh video edukasitutorialdan sebagainyadengan pemblokiran ini menimbulkan anak kecil jadi susah dapat informasi atau bahkan harus cari informasi dari jauh bangetplatform lain lain akan mulai menghilang sedikit demi sedikitbanyak sekali platform platform yang di isi anak kecildengan kebijakan ini membuat platform tersebut mulai menghilang atau lebih parahnya platfor tersebut akan meninggalkan indonesia dan beralih ke negara lain yang membuat potensi indonesia berkurang drastispendapat aku soal kebijakan ini adalahjangan diblokir tapi edukasi mendalam kepada anak anakcontoh buat guru naik gaji dan mengajarkan anak untuk mengetahui apa bahaya media sosialsekian denga saya mohon maaf aku bukan ahli atau semacamnya ini hanya perasaan dan pendapat saya saja mohon di dengar dan semoga bisa di komunikasikan,negative
NzMXdwZm8B0,Nggak adil 😡🤬😡😡😡😡🤬🤬🤬🤬,nggak adil,negative
NzMXdwZm8B0,Kan di roblox juga ngajarin kita bertahan hidup di youtube jg belajar gambar dan lain lainnya🤬🤬🤬🤬🤬🤬🤬<br>      <br>👇🏻<br> 👇🏻,kan di roblox juga ngajarin kita bertahan hidup di youtube jg belajar gambar dan lain lainnya,negative
NzMXdwZm8B0,Yok Kita Demo!!!!!!😡😡😡😡😡😡,yok kita demo,negative
NzMXdwZm8B0,"Menurutku, minimal urus dulu negara kaya urusin tikus koruptor, bukan malah bikin peraturan kaya gini, lagian ada juga yang belajar d medsos, kaya youtube, tiktok, ya walaupun banyak yang menyalahgunakan",menurutku minimal urus dulu negara kaya urusin tikus koruptor bukan malah bikin peraturan kaya gini lagian ada juga yang belajar d medsos kaya youtube tiktok ya walaupun banyak yang menyalahgunakan,negative
NzMXdwZm8B0,Kita harus nunggu sampai 13  tahun atau 16 tahun itu lebih parah banget aku nggak suka idenya,kita harus nunggu sampai 13 tahun atau 16 tahun itu lebih parah banget aku nggak suka idenya,negative
NzMXdwZm8B0,Aku nggak setuju sama kamu pemerintah soalnya bocil bocil udah diejek karena gak punya robux dan ini bocil-bocil harus mengalami kayak gini nggak bisa top up gimana dong 🤬🤬,aku nggak setuju sama kamu pemerintah soalnya bocil bocil udah diejek karena gak punya robux dan ini bocilbocil harus mengalami kayak gini nggak bisa top up gimana dong,negative
NzMXdwZm8B0,sok ngatur merasa paling benar nanti juga dapat karna karma itu nyata. paling karma nya di demo sama 1 Indonesia,sok ngatur merasa paling benar nanti juga dapat karna karma itu nyata paling karma nya di demo sama 1 indonesia,negative
NzMXdwZm8B0,woi judol tu gimana beraninya sama anak kecil gk berani sama judol dasar pamerinta. hei orang banyak belajar dengan yoi tube dan lain lain emang kita salah apa  <br>kita yg tidak salah apa kena juga jangan takut buat komen sama sama MAKAN NASI,woi judol tu gimana beraninya sama anak kecil gk berani sama judol dasar pamerinta hei orang banyak belajar dengan yoi tube dan lain lain emang kita salah apa kita yg tidak salah apa kena juga jangan takut buat komen sama sama makan nasi,negative
NzMXdwZm8B0,Seharus nya untuk umur 3 sampai 9 aja🫪,seharus nya untuk umur 3 sampai 9 aja,negative
NzMXdwZm8B0,Setuju biar bocil ngehina agama GK ada lagi akun nya di ilangin awokwok 😂😂😂😂😂 nangis loh bocil² tomlol yang suka rasis sok² ngerti politik bocil² juga,setuju biar bocil ngehina agama gk ada lagi akun nya di ilangin awokwok nangis loh bocil tomlol yang suka rasis sok ngerti politik bocil juga,positive
NzMXdwZm8B0,Nggak jelas yang salah mukena pink yang kena 1 negara,nggak jelas yang salah mukena pink yang kena 1 negara,negative
NzMXdwZm8B0,BOCIL MAU BELAJAR YOUTUBE DI NATHAN SUPARMAN BAHASA INGGRIS,bocil mau belajar youtube di nathan suparman bahasa inggris,negative
NzMXdwZm8B0,Padahal YouTube bikin aku bahagia loh pas aku lagi sedih 😡😡😡😡,padahal youtube bikin aku bahagia loh pas aku lagi sedih,negative
NzMXdwZm8B0,"Judol dibiarin sosmed dihentiin,fomo pen jadi negara maju hdeh,kami setuju&quot; aja sosmed dibatasin lah ini judol dibiarin",judol dibiarin sosmed dihentiinfomo pen jadi negara maju hdehkami setuju aja sosmed dibatasin lah ini judol dibiarin,positive
NzMXdwZm8B0,Q setuju bngt,q setuju bngt,positive
NzMXdwZm8B0,jangan lah komdigi aku mau buat belajar 😢😢😢😢😢,jangan lah komdigi aku mau buat belajar,negative
NzMXdwZm8B0,pemerintah dodol,pemerintah dodol,negative
NzMXdwZm8B0,"Alhamdulillah ,.<br>Saya sangat setuju dengan aturan ini ,. Maju terus Indonesia ku ,. Untuk anak-anakku yang sabar ya ini untuk kebaikan kalian ❤🤗",alhamdulillah saya sangat setuju dengan aturan ini maju terus indonesia ku untuk anakanakku yang sabar ya ini untuk kebaikan kalian,positive
NzMXdwZm8B0,Sia sia kita punya aplikasi kek gini🥀🥀🥀,sia sia kita punya aplikasi kek gini,negative
NzMXdwZm8B0,Peraturan kurang bagus contohnya anak saya sedang mengikuti lomba olimpiade OSN individu pendaftaran mewajibkan punya akun email sendiri terus gimana jika di blokir anak saya berumur 12 THN 1smp,peraturan kurang bagus contohnya anak saya sedang mengikuti lomba olimpiade osn individu pendaftaran mewajibkan punya akun email sendiri terus gimana jika di blokir anak saya berumur 12 thn 1smp,negative
NzMXdwZm8B0,Owalah bocah jembot,owalah bocah jembot,negative
NzMXdwZm8B0,Semoga nanti habis ini ada aplikasi buat anak anak belajar gratis,semoga nanti habis ini ada aplikasi buat anak anak belajar gratis,positive
NzMXdwZm8B0,Gua belajar dari mana gitu orang aku tuh belajar di you tube,gua belajar dari mana gitu orang aku tuh belajar di you tube,negative
NzMXdwZm8B0,Please Jangan Di Blokir Roblox 😭😭😭🙏🙏🙏🙏🥀🥀🥀,please jangan di blokir roblox,negative
NzMXdwZm8B0,Nggak jelas orang jadi kalau mau belajar dari buku nggak bisa mau mengirimkan untuk kawan nggak bisa😡😡😡😡😡😡😡😡😡😡😡😡😡😡😡😡😡😡😡😡😡😡😡😡😡😡😡😡😡😡😡😡😡😡,nggak jelas orang jadi kalau mau belajar dari buku nggak bisa mau mengirimkan untuk kawan nggak bisa,negative
NzMXdwZm8B0,Apala😡😡😡😡😡😡😡😡😡😡😡😡😡😡😡😡😡😡😡😡😡😡😡😡😡😡😡😡😡😡😡😡😡😡😡😡😡😡😡😡😡😡😡😡😡😡😡😡😡😡😡😡😡😡😡😡😡😡😡😡😡😡😡😡😡😡😡😡😡😡😡h pemerintah ini Jadi orang kalau apa mau ngetik sesuatu misalnya memakai kalkulator gimana,apalah pemerintah ini jadi orang kalau apa mau ngetik sesuatu misalnya memakai kalkulator gimana,negative
NzMXdwZm8B0,Masa gini doang di banned urusi judol aja,masa gini doang di banned urusi judol aja,negative
NzMXdwZm8B0,Judi SMA DPR GK di urusi dulu lh in malah gini dlu yg di pentingkan😡,judi sma dpr gk di urusi dulu lh in malah gini dlu yg di pentingkan,negative
NzMXdwZm8B0,Ih peraturan gak jelas 😡,ih peraturan gak jelas,negative
NzMXdwZm8B0,Ini bohongan kalau benaran gw gerebek,ini bohongan kalau benaran gw gerebek,negative
NzMXdwZm8B0,"<a href=""https://www.youtube.com/watch?v=NzMXdwZm8B0&amp;t=71"">1:11</a> :Masa roblox di blokir tapi mobile legend, free fire, pubg nggak di blokir, padahal hal negatifnya lebih besar 3 game itu daripada roblox, emang nih negara konoha😮‍💨Masa roblox di blokir tapi mobile legend, free fire, pubg nggak di blokir, padahal hal negatifnya lebih besar 3 game itu daripada roblox, emang nih namanya juga negara konoha😮‍💨😮‍💨😮‍💨😮‍💨😮‍💨😮‍💨😮‍💨",masa roblox di blokir tapi mobile legend free fire pubg nggak di blokir padahal hal negatifnya lebih besar 3 game itu daripada roblox emang nih negara konohamasa roblox di blokir tapi mobile legend free fire pubg nggak di blokir padahal hal negatifnya lebih besar 3 game itu daripada roblox emang nih namanya juga negara konoha,negative
NzMXdwZm8B0,"jgn salah paham woiii, kata perintah cuma di batasiiiii bukan selamanya aaaa😹😹",jgn salah paham woiii kata perintah cuma di batasiiiii bukan selamanya aaaa,positive
NzMXdwZm8B0,Nggak jelas banget 😡😡😡😡😡😡😡😡😡 pemerintah Thai,nggak jelas banget pemerintah thai,negative
NzMXdwZm8B0,Tapi kan anak-anak udah ambil video yang benar lagian jugaItukan aktivitas kita sehari-hari 😢😢 ❤️💔😂,tapi kan anakanak udah ambil video yang benar lagian jugaitukan aktivitas kita seharihari,negative
NzMXdwZm8B0,Aku benci 😡😡,aku benci,negative
NzMXdwZm8B0,Akun yutube anak ku hilang. Padahal isinya video2 Salawat. Ankki jadi nangis kerena video salawat dan video klip yg dibuatnya hilang beserta akunnya😢😢😢😢,akun yutube anak ku hilang padahal isinya video2 salawat ankki jadi nangis kerena video salawat dan video klip yg dibuatnya hilang beserta akunnya,negative
R1hQwelEGvU,Tidak..... Banyak bocah tantrum di komentar 😭,tidak banyak bocah tantrum di komentar,positive
R1hQwelEGvU,Bubarkan mabar jangan ada games online,bubarkan mabar jangan ada games online,positive
R1hQwelEGvU,LAH NGATUR,lah ngatur,negative
R1hQwelEGvU,Lu jangan Ngatur akun saya banyak konten HP kalo saya ulang buat baru akun jangan buat Gaduh saya dalah Gw gak Setuju,lu jangan ngatur akun saya banyak konten hp kalo saya ulang buat baru akun jangan buat gaduh saya dalah gw gak setuju,negative
R1hQwelEGvU,Kembalikan aja aku mau nonton lagi itu medsos bang,kembalikan aja aku mau nonton lagi itu medsos bang,negative
R1hQwelEGvU,Makasih banyak min,makasih banyak min,positive
R1hQwelEGvU,"Ku doa, in   Semoga kamu dan tim pendek umur amiin 😇😇😇",ku doa in semoga kamu dan tim pendek umur amiin,negative
R1hQwelEGvU,Tu kan apakah kata saya benar ✅ kalian jgn sampai ngasih hp / tapi ke anak² di bawah 👇👇👇usia 16 thn,tu kan apakah kata saya benar kalian jgn sampai ngasih hp tapi ke anak di bawah usia 16 thn,positive
R1hQwelEGvU,"Bagus nih, biar pecandu porno berkurang",bagus nih biar pecandu porno berkurang,positive
R1hQwelEGvU,Ibarat anak kita mau makan ikan pasti kita ajarin jangan makan durinya bukan berarti gk boleh makan ikan. Nah jadi sama seharusnya dibatasi bukan di nonaktifkan,ibarat anak kita mau makan ikan pasti kita ajarin jangan makan durinya bukan berarti gk boleh makan ikan nah jadi sama seharusnya dibatasi bukan di nonaktifkan,negative
R1hQwelEGvU,Kenapa ff sama PUBG nggk juga? Pdhl itu game kekerasan yg ada tembakan tembakan nya dan malah rblx ada fitur parental terus juga kreatif bisa bikin game sendiri koding sendiri? PEMERINTAH INDONESIA PADA GK BENER mungkin gara gara Sule kecolongan 50 juta langsung maju pemerintah nya itu artis tapi pas yg kasus anak nyolong 19 juta buat PUBG GK maju pemerintah nya itu rakyat biasa bukan artis. URUSIN DULU TUH JUDI BUKAN GAME DULU! KALO GK BENER JDI PEMERINTAH GK USAH JADI PEMERINTAH. SAMA URUS DULU TUH PEMERINTAH YG KORUP. YANG SETUJU LIKE,kenapa ff sama pubg nggk juga pdhl itu game kekerasan yg ada tembakan tembakan nya dan malah rblx ada fitur parental terus juga kreatif bisa bikin game sendiri koding sendiri pemerintah indonesia pada gk bener mungkin gara gara sule kecolongan 50 juta langsung maju pemerintah nya itu artis tapi pas yg kasus anak nyolong 19 juta buat pubg gk maju pemerintah nya itu rakyat biasa bukan artis urusin dulu tuh judi bukan game dulu kalo gk bener jdi pemerintah gk usah jadi pemerintah sama urus dulu tuh pemerintah yg korup yang setuju like,negative
R1hQwelEGvU,Berhentikan ini kita akan berbakti dengan orang tua tapi dengan satu syarat hp kita gak boleh dinonaktifkan kalau gak mau gak usah dipaksakan😇😇😇,berhentikan ini kita akan berbakti dengan orang tua tapi dengan satu syarat hp kita gak boleh dinonaktifkan kalau gak mau gak usah dipaksakan,negative
R1hQwelEGvU,Roblox ban: okay i dont mind<br>SocMed ban: oh hel no,roblox ban okay i dont mindsocmed ban oh hel no,negative
R1hQwelEGvU,Kita demo saja,kita demo saja,negative
R1hQwelEGvU,"Medsos terlalu mengerikan untuk anak-anak dibawah umur, jadi ini adalah langkah terbaik untuk anak Indonesia 🇮🇩",medsos terlalu mengerikan untuk anakanak dibawah umur jadi ini adalah langkah terbaik untuk anak indonesia,positive
R1hQwelEGvU,Respect untuk komdigi yang ingin mencerdaskan bangsa🫡🇮🇩🇮🇩,respect untuk komdigi yang ingin mencerdaskan bangsa,positive
R1hQwelEGvU,Baru kali ini aku setuju dg kebijakan Pemerintah❤,baru kali ini aku setuju dg kebijakan pemerintah,positive
R1hQwelEGvU,Gak teriman  roblox mau di bolokir😡😡aku udah top robax harga 100   333robax,gak teriman roblox mau di bolokiraku udah top robax harga 100 333robax,negative
R1hQwelEGvU,😭😭😭😭 ko gitu mau di bolokir,ko gitu mau di bolokir,negative
R1hQwelEGvU,Kalau kayak gini aku pindah ke Minecraft,kalau kayak gini aku pindah ke minecraft,negative
R1hQwelEGvU,"Ada dua APK yang saya tidak setuju jika akan di blokir. 1 YouTube: beberapa sekolah banyak yang memberikan tutorial/tugas anak sekolah dari YouTube,maka dengan tidak adanya YouTube maka pendidikan Indonesia akan terhalang (INGAT SAAT INI PENDIDIKAN INDONESIA BISA DI KATAKAN BURUK JIKA DI BANDINGKAN KE NEGARA LAIN). 2 Roblox: Sebenernya jawabannya simpel, dari video di atas mengatakan bahwa sosial media akan di blokir, sedangkan Roblox itu game yang berjenis multiplayer, artinya percuma jika yang di blokir hanya Roblox, karena ada 1M+ Game yang menggunakan sistem multiplayer dan kemungkinan para pemain yang gamenya terkena blokir akan mencari game yang bersistem multiplayer juga yang artinya para pemain akan tetap bisa bermain bersama, Simpelnya (Roblox game multiplayer, jika di blokir orang akan mencari game multiplayer yang lain).",ada dua apk yang saya tidak setuju jika akan di blokir 1 youtube beberapa sekolah banyak yang memberikan tutorialtugas anak sekolah dari youtubemaka dengan tidak adanya youtube maka pendidikan indonesia akan terhalang ingat saat ini pendidikan indonesia bisa di katakan buruk jika di bandingkan ke negara lain 2 roblox sebenernya jawabannya simpel dari video di atas mengatakan bahwa sosial media akan di blokir sedangkan roblox itu game yang berjenis multiplayer artinya percuma jika yang di blokir hanya roblox karena ada 1m game yang menggunakan sistem multiplayer dan kemungkinan para pemain yang gamenya terkena blokir akan mencari game yang bersistem multiplayer juga yang artinya para pemain akan tetap bisa bermain bersama simpelnya roblox game multiplayer jika di blokir orang akan mencari game multiplayer yang lain,negative
R1hQwelEGvU,Mbak nya rela dibenci anak² untuk memperbaiki mereka terimakasih banyak 🥹🥹🥹,mbak nya rela dibenci anak untuk memperbaiki mereka terimakasih banyak,positive
R1hQwelEGvU,Terus aku mau jadi YouTuber gimana caranya,terus aku mau jadi youtuber gimana caranya,negative
R1hQwelEGvU,Pilih kasih kenapa harus robloxx harusnya game lain juga pemerintah pilih kasihhh ga adiilll 😌,pilih kasih kenapa harus robloxx harusnya game lain juga pemerintah pilih kasihhh ga adiilll,negative
R1hQwelEGvU,HMM ATURAN APA INI HAH LAMA LAMA DEMO LAGI INI MAH,hmm aturan apa ini hah lama lama demo lagi ini mah,negative
R1hQwelEGvU,"Kalau Dari Saya Ini Sih Kagak Guna Sih (Jujur saja)<br><br>Btw, Ini Indonesia, Kebanyakan (Sebagian) Peran Ortu Saja Tidak Peduli Terhadap Pendidikan Anaknya Dan Justru Membiarkan Anak-anak Tersebut Mengakses Medsos Tanpa Sebab, Seharusnya Peran Ortu Harus Lebih Penting Mengembangkan Anak-anak dalam pendidikan dan Adab agar merekalah yg bisa memajukan bangsa-bangsa ini, Ortu Harus Bertanggung jawab apa yang di buat oleh anak tersebut, Ingatlah Kalau Ortunya Baik Maka Anaknya Juga Baik, Kalau Ortunya Buruk Maka Anaknya juga buruk dan ingatlah pepatah mengatakan buah tidak jatuh jauh dari pohonnya. <br><br>Kalau memang ingin nerapkan, harus di pikir dulu bagaimana caranya anak anak bisa berkembang tanpa memakai medsos dan apa lagi kalau ortunya tidak peduli, bisa tambah hancur ini pendidikan bangsa ini. Jadi ingat ya saya memang kurang setuju akan hal ini apa lagi kalau umur 13 - 15, di umur segitu mereka bisa mandiri dalam mencari informasi dan bertanggung dalam penggunaan medsos meskipun begitu ortu tetap bertanggung jawab terhadap tingkah anak yg di lakukan pada medsos. Umur remaja sudah bisa mencoba mandiri dan melakukan kritis dan pola pikir untuk membenarkan suatu kesalahan dan mencoba mengembangkan nya dengan cara yang ia dapat. Menurutku Umur Yang Paling Tepat Untuk Di Batasi Adalah Di Bawah 12 atau 13, Karna Disitulah Anak-anak Mulai Mengembangkan Pola Pikir nya Dan Mengetahui Identitas Yang Ia Punya Sebenarnya. Kalau Memang Mereka Belum Mampu, Tetap Harus Di Ajarkan Sampai Mereka Bisa. Jadi Kesimpulannya Pembatasan Medsos Yang paling tepat adalah di bawah 12/13, di karenakan unruk di bawah 12/13 mereka masih belum terlalu mengetahui tentang Perannya Di Lingkungan Sosial Dan Mereka Masih Mencoba Meniru Perilaku Seseorang Dalam Masyarakat. Jadi Paham Ya (Kalau Ada Yg Kurang Komen)",kalau dari saya ini sih kagak guna sih jujur sajabtw ini indonesia kebanyakan sebagian peran ortu saja tidak peduli terhadap pendidikan anaknya dan justru membiarkan anakanak tersebut mengakses medsos tanpa sebab seharusnya peran ortu harus lebih penting mengembangkan anakanak dalam pendidikan dan adab agar merekalah yg bisa memajukan bangsabangsa ini ortu harus bertanggung jawab apa yang di buat oleh anak tersebut ingatlah kalau ortunya baik maka anaknya juga baik kalau ortunya buruk maka anaknya juga buruk dan ingatlah pepatah mengatakan buah tidak jatuh jauh dari pohonnya kalau memang ingin nerapkan harus di pikir dulu bagaimana caranya anak anak bisa berkembang tanpa memakai medsos dan apa lagi kalau ortunya tidak peduli bisa tambah hancur ini pendidikan bangsa ini jadi ingat ya saya memang kurang setuju akan hal ini apa lagi kalau umur 13 15 di umur segitu mereka bisa mandiri dalam mencari informasi dan bertanggung dalam penggunaan medsos meskipun begitu ortu tetap bertanggung jawab terhadap tingkah anak yg di lakukan pada medsos umur remaja sudah bisa mencoba mandiri dan melakukan kritis dan pola pikir untuk membenarkan suatu kesalahan dan mencoba mengembangkan nya dengan cara yang ia dapat menurutku umur yang paling tepat untuk di batasi adalah di bawah 12 atau 13 karna disitulah anakanak mulai mengembangkan pola pikir nya dan mengetahui identitas yang ia punya sebenarnya kalau memang mereka belum mampu tetap harus di ajarkan sampai mereka bisa jadi kesimpulannya pembatasan medsos yang paling tepat adalah di bawah 1213 di karenakan unruk di bawah 1213 mereka masih belum terlalu mengetahui tentang perannya di lingkungan sosial dan mereka masih mencoba meniru perilaku seseorang dalam masyarakat jadi paham ya kalau ada yg kurang komen,negative
R1hQwelEGvU,Tunggu aku gak mau YouTube jangan😢 yang lain terserah,tunggu aku gak mau youtube jangan yang lain terserah,negative
R1hQwelEGvU,Ah giliran judol aja kagak,ah giliran judol aja kagak,negative
R1hQwelEGvU,Diblokir pun gak berguna karena anak anak dapat membuat akun baru dengan umur 16 tahun keatas.,diblokir pun gak berguna karena anak anak dapat membuat akun baru dengan umur 16 tahun keatas,negative
R1hQwelEGvU,"Kenapa di banned,para bocil yang sedang berusaha berkarya di banned<br><br>Kasihan, mereka sudah berusaha kreatif tapi pemerintah malah melarang. <br>Tapi kalo anak² yang dance² gak jelas baru gw setuju tapi, bagi para animator anak² kreatif jangan ya,anak² sekarang di usia dini(10+ tahun) sudah sangat kreatif membuat berbagai animasi. <br><br>Jadi tolong pertimbangkan",kenapa di bannedpara bocil yang sedang berusaha berkarya di bannedkasihan mereka sudah berusaha kreatif tapi pemerintah malah melarang tapi kalo anak yang dance gak jelas baru gw setuju tapi bagi para animator anak kreatif jangan yaanak sekarang di usia dini10 tahun sudah sangat kreatif membuat berbagai animasi jadi tolong pertimbangkan,negative
R1hQwelEGvU,Woy judol lu gak banned kasian Tuh yang bikin roblox,woy judol lu gak banned kasian tuh yang bikin roblox,negative
R1hQwelEGvU,"Gini Kidz knp YT juga di larang buat anak di bawah umur,emng bener bagus buat anak anak yg mau bljr/cari pengetahuan di YT,tapi sebagian besar anak&quot; juga akan terjaring ke konten&quot; dewasa,konten g baik,konten negatif dll,karena YT adalah apk global<br>YT bukan buat anak kecil doang,kalau mau cari apa apa pake hp kakaknya/ortu juga bisa kan?sekarang liat aja,selain konten yg TDK bermoral ada juga komen&quot; kurang pantas dan komen&quot; promosi judol&quot;,makanya sekarang di buat aturan tsb agar tidak mudah terjaring terhadap hal&quot; kurang baik,knp judol dan korupsi susah hilang?karena judol menyebar keseluruh dunia dan bisa di buat oleh seseorang setiap waktu kpn pun itu,kalau korupsi juga sama,bedanya di dlm negri sendiri dan di lindungi oleh oknum lembaga apapun itulah...dan bisa oknum pejabat melakukan korupsi lagi,jadi judol dan korupsi itu sifatnya kyk berkelanjutan,sementara itu aturan pembatasan sosmed sekarang itu sifatnya aktif karena bisa menonaktifkan pembatasan penggunaan sosmed secara serentak,jadi anak umur 16 Thn kebawah sosmed di nonaktifkan,kalau di atas 16 Thn tidak apa&quot; karena anak umur tsb sudah di anggap sedikit dewasa,1 hal lagi...judol dan korupsi itu tergesit dari hati seseorang untuk melakukannya,kalau aturan pembatasan sosmed itu muncul karena zaman teknologi semakin canggih,makanya itu dibatasi platform&quot; yg berbahaya untuk anak&quot; soalnya dari kecil anak&quot; sekarang bawaannya hp saja dan takutnya mental dan pengalaman di dunia luar gagal,soalnya kalau dimasa depan hanya mengandalkan kecanggihan saja itu kurang,makanya tinggikan pengalaman di luar dan mental sejak dini,gua juga pernah ngalamin itu,ini aja yg gua sampaikan,PAHAM SAMPAI SINI????",gini kidz knp yt juga di larang buat anak di bawah umuremng bener bagus buat anak anak yg mau bljrcari pengetahuan di yttapi sebagian besar anak juga akan terjaring ke konten dewasakonten g baikkonten negatif dllkarena yt adalah apk globalyt bukan buat anak kecil doangkalau mau cari apa apa pake hp kakaknyaortu juga bisa kansekarang liat ajaselain konten yg tdk bermoral ada juga komen kurang pantas dan komen promosi judolmakanya sekarang di buat aturan tsb agar tidak mudah terjaring terhadap hal kurang baikknp judol dan korupsi susah hilangkarena judol menyebar keseluruh dunia dan bisa di buat oleh seseorang setiap waktu kpn pun itukalau korupsi juga samabedanya di dlm negri sendiri dan di lindungi oleh oknum lembaga apapun itulahdan bisa oknum pejabat melakukan korupsi lagijadi judol dan korupsi itu sifatnya kyk berkelanjutansementara itu aturan pembatasan sosmed sekarang itu sifatnya aktif karena bisa menonaktifkan pembatasan penggunaan sosmed secara serentakjadi anak umur 16 thn kebawah sosmed di nonaktifkankalau di atas 16 thn tidak apa karena anak umur tsb sudah di anggap sedikit dewasa1 hal lagijudol dan korupsi itu tergesit dari hati seseorang untuk melakukannyakalau aturan pembatasan sosmed itu muncul karena zaman teknologi semakin canggihmakanya itu dibatasi platform yg berbahaya untuk anak soalnya dari kecil anak sekarang bawaannya hp saja dan takutnya mental dan pengalaman di dunia luar gagalsoalnya kalau dimasa depan hanya mengandalkan kecanggihan saja itu kurangmakanya tinggikan pengalaman di luar dan mental sejak dinigua juga pernah ngalamin ituini aja yg gua sampaikanpaham sampai sini,positive
R1hQwelEGvU,"Kenapa yt, aku padahal suka nonton videonya Steve mould sama numberphile masa itu juga Gaboleh kan bermanfaat bagi kita, harusnya yang dibatasi short nya aja jgn video panjang nya jg",kenapa yt aku padahal suka nonton videonya steve mould sama numberphile masa itu juga gaboleh kan bermanfaat bagi kita harusnya yang dibatasi short nya aja jgn video panjang nya jg,negative
R1hQwelEGvU,"Negara ini apa mau nya , kebijakan segini bagus nya malah gak di dukung dan malah dihujat",negara ini apa mau nya kebijakan segini bagus nya malah gak di dukung dan malah dihujat,positive
R1hQwelEGvU,Padahal aku pengen jadi animator sejak remaja. Aku ini diatas 13 tahun tapi pengen jadi animator. Aku selalu kejar cita2ku dan ku up di medsos. :(,padahal aku pengen jadi animator sejak remaja aku ini diatas 13 tahun tapi pengen jadi animator aku selalu kejar cita2ku dan ku up di medsos,negative
R1hQwelEGvU,Judol gimana dong malah menghancurkan kesenangan anak² korupsinya juga. Ah mending pindah negara aja deh dari pada di negara mundur,judol gimana dong malah menghancurkan kesenangan anak korupsinya juga ah mending pindah negara aja deh dari pada di negara mundur,negative
R1hQwelEGvU,I love Roblox i want play you anymore <br><br>Tetapi nanti Roblox akan di blokir🙂<br><br>David bazuki thank you udh buat game ini<br><br>Kami juga pengen hiburan <br>Bukan mau GK hiburan,i love roblox i want play you anymore tetapi nanti roblox akan di blokirdavid bazuki thank you udh buat game inikami juga pengen hiburan bukan mau gk hiburan,negative
R1hQwelEGvU,Gokil 😂😹🔥🙏,gokil,positive
R1hQwelEGvU,"Negara siapa sih ini, gk ngerti lagi I semua di larang pantes gk maju maju, negara yg lebih maju aja gk sampe kayak gini nya, pindah negara lah aku ke Jepang kali ya, di situ bebas damai, capek saya dengan kondisi indonesia ini😒😤",negara siapa sih ini gk ngerti lagi i semua di larang pantes gk maju maju negara yg lebih maju aja gk sampe kayak gini nya pindah negara lah aku ke jepang kali ya di situ bebas damai capek saya dengan kondisi indonesia ini,negative
R1hQwelEGvU,"Woi komdigi, tau arti korupsi kaga, liat nya judol dong bukan teknologi sialan. Anak muda udh top up segala apapun malah dibatasin, mending lu gantiin sebesar uang yang telah digunakan nya, kalo ga gantiin ditanyain lu di akhirat nanti",woi komdigi tau arti korupsi kaga liat nya judol dong bukan teknologi sialan anak muda udh top up segala apapun malah dibatasin mending lu gantiin sebesar uang yang telah digunakan nya kalo ga gantiin ditanyain lu di akhirat nanti,negative
R1hQwelEGvU,Tidak setuju,tidak setuju,negative
R1hQwelEGvU,gw sih fifty fifty aja. gw bikin konten audiens &lt;16 tahun. mungkin saatnya bikin konten audiens luar negeri.,gw sih fifty fifty aja gw bikin konten audiens 16 tahun mungkin saatnya bikin konten audiens luar negeri,neutral
R1hQwelEGvU,"Terus kami mau nonton gimana?<br>Postingan MBG bermasalah gimana?<br>Kami mau bermain bersama teman gimana?<br>Kami mau saling ngobrol gimana?<br>Cara kami bersenang senang bagaimana?<br>Cara kami senang tanpa sosmed gimana?<br><br>Langkah terbaik? Ceh, terus langkah terbaik yang lu maksud ngehancurin kebahagiaan anak anak? Mental anak anak?",terus kami mau nonton gimanapostingan mbg bermasalah gimanakami mau bermain bersama teman gimanakami mau saling ngobrol gimanacara kami bersenang senang bagaimanacara kami senang tanpa sosmed gimanalangkah terbaik ceh terus langkah terbaik yang lu maksud ngehancurin kebahagiaan anak anak mental anak anak,negative
R1hQwelEGvU,"kalau mau batas minimal umur 7 Ampe 12 tahun lah beg0 umur 13 keatas justru lebih butuh teknologi, gua doain ga jadi 😂",kalau mau batas minimal umur 7 ampe 12 tahun lah beg0 umur 13 keatas justru lebih butuh teknologi gua doain ga jadi,negative
R1hQwelEGvU,Woiii yang bener aja masa gak boleh YouTube sama Roblox kan romblox sekarang gak bisa chat sama YouTube gak aneh aneh kecuali orang dewasa woiii kami masih anak kecil masih 13 tahun mana ada nonton begituan pliss jangan di lakukan praturan anehhh itu karena semua anak termasuk bayi juga kena blokir kalian bikin praturan yang bener dong masak gak nyambung gitu anak bayi ya gak bisa nonton YouTube jangan lakukan ituuuuu!!!!!,woiii yang bener aja masa gak boleh youtube sama roblox kan romblox sekarang gak bisa chat sama youtube gak aneh aneh kecuali orang dewasa woiii kami masih anak kecil masih 13 tahun mana ada nonton begituan pliss jangan di lakukan praturan anehhh itu karena semua anak termasuk bayi juga kena blokir kalian bikin praturan yang bener dong masak gak nyambung gitu anak bayi ya gak bisa nonton youtube jangan lakukan ituuuuu,negative
R1hQwelEGvU,Seandainya Aku jadi WNS! (warga negara Swiss) tapi ada TV bleeeeee😝😝😝 tapi aku belajar gimana?!! Aku pake juga tetep buat belajar! KNP?!!!!!!!! GILIRAN JUDI KORUP KAGAK?!!! ITU DULU URUSIN BARU BEGINIAN! btw apk game <b>***</b> <b>*</b> gk di ituin kan?,seandainya aku jadi wns warga negara swiss tapi ada tv bleeeeee tapi aku belajar gimana aku pake juga tetep buat belajar knp giliran judi korup kagak itu dulu urusin baru beginian btw apk game gk di ituin kan,negative
R1hQwelEGvU,2026 tahun terburuk😢,2026 tahun terburuk,negative
R1hQwelEGvU,Judol kok gak di hapus lebih bahaya untuk anak anak pikir lah urus judol dulu 😒,judol kok gak di hapus lebih bahaya untuk anak anak pikir lah urus judol dulu,negative
R1hQwelEGvU,"Langkah terbaik? MATAMU,yang ada malah bikin anak2 DEPRESI",langkah terbaik matamuyang ada malah bikin anak2 depresi,negative
R1hQwelEGvU,Pemerintah dengkul bapaknya pecah,pemerintah dengkul bapaknya pecah,negative
R1hQwelEGvU,"Good job! walaupun hasilnya seperti apa setidaknya negara hadir dalam hal ini. Oya selain medsos juga knalpot brong yg dipasang di motor yg mana banyak anak abg bahkan di bawah umur kebut kebutan dan mengganggu ketenangan dan hak masyarakat untuk dapat hidup nyaman di lingkungannya. Knalpot brong harus diberantas melalui kerjasama Menkeu, Mendag dan Kepolisian, toko toko spare part dan bengkel bengkel harus dikenakan sanksi dan denda yg jika dihitung lumayan utk pemasukan negara. Razia di rumah rumah kontrakan dan kost itu banyak motor knalpot brong di sana. Pasang mata mata memantau toko spare part dan bengkel yg memasang knalpot brong, lumayan hasilnya untuk pemasukan negara sekalian memberantas hal hal mudarat di masyarakat.",good job walaupun hasilnya seperti apa setidaknya negara hadir dalam hal ini oya selain medsos juga knalpot brong yg dipasang di motor yg mana banyak anak abg bahkan di bawah umur kebut kebutan dan mengganggu ketenangan dan hak masyarakat untuk dapat hidup nyaman di lingkungannya knalpot brong harus diberantas melalui kerjasama menkeu mendag dan kepolisian toko toko spare part dan bengkel bengkel harus dikenakan sanksi dan denda yg jika dihitung lumayan utk pemasukan negara razia di rumah rumah kontrakan dan kost itu banyak motor knalpot brong di sana pasang mata mata memantau toko spare part dan bengkel yg memasang knalpot brong lumayan hasilnya untuk pemasukan negara sekalian memberantas hal hal mudarat di masyarakat,positive
R1hQwelEGvU,Ya bagus sih kayak begini. TAPI HAPUS TU JUDOL 😡 ini tak mikir apa 😾👈🏻,ya bagus sih kayak begini tapi hapus tu judol ini tak mikir apa,positive
R1hQwelEGvU,Gak setuju,gak setuju,negative
R1hQwelEGvU,Iklan saja masih banyak promosi judi,iklan saja masih banyak promosi judi,negative
R1hQwelEGvU,"Hmm,aplikasi yang membuat masa depan anak anak malah dinonaktifkan,emang bener bener pemerintah,menghambat iQ anak anak",hmmaplikasi yang membuat masa depan anak anak malah dinonaktifkanemang bener bener pemerintahmenghambat iq anak anak,negative
R1hQwelEGvU,"Jujur,sebenernya gak semua kek gitu,masa dari beberapa anak doang malah jadi satu negara yang kena?,gak worth it negara ini,kalau gasuka mbg dihujat mending yg bener kerjanya",jujursebenernya gak semua kek gitumasa dari beberapa anak doang malah jadi satu negara yang kenagak worth it negara inikalau gasuka mbg dihujat mending yg bener kerjanya,negative
R1hQwelEGvU,Hei kok ngurusin tontonan eh ada benernya juga ya tapi ngurusin korupsi noh gak ngontak Ama mbg busuk,hei kok ngurusin tontonan eh ada benernya juga ya tapi ngurusin korupsi noh gak ngontak ama mbg busuk
R1hQwelEGvU,Kenapa Roblox termasuk kan Roblox udh ada fitur age check😭,kenapa roblox termasuk kan roblox udh ada fitur age check,positive
R1hQwelEGvU,"negara luar yg lebih maju aja ga kayak gini😂, sosmed&quot; yang di batasi itu jga kan bsa buat belajar, nanti yang ga pernah sama sekali ikut&quot;an hal negatif juga harus pasrah, banyak banget hal yg di larang di negara ini, maju juga engga, banyak loh pejabat di negara ini yg korupsi, tapi ga dicegah tu?",negara luar yg lebih maju aja ga kayak gini sosmed yang di batasi itu jga kan bsa buat belajar nanti yang ga pernah sama sekali ikutan hal negatif juga harus pasrah banyak banget hal yg di larang di negara ini maju juga engga banyak loh pejabat di negara ini yg korupsi tapi ga dicegah tu,negative
R1hQwelEGvU,Roblox jangan dong😢,roblox jangan dong,negative
R1hQwelEGvU,Saya setuju banget,saya setuju banget,positive
R1hQwelEGvU,Pemerintah dodol🤬🤬,pemerintah dodol,negative
R1hQwelEGvU,He Anak anak kasian gak ada hiburan menurut saya jangan di lanjutkan si kasian soalnya,he anak anak kasian gak ada hiburan menurut saya jangan di lanjutkan si kasian soalnya,negative
R1hQwelEGvU,"di YouTube kids ga banyak video edukasi, di YouTube kids gada jerome polin.",di youtube kids ga banyak video edukasi di youtube kids gada jerome polin,negative
C8XBDjbPNNU,"Yg komen tidak setuju pasti bocil2 under 16 tahun ini 😂😂😂, belajar cil biar gk blegug",yg komen tidak setuju pasti bocil2 under 16 tahun ini belajar cil biar gk blegug,positive
C8XBDjbPNNU,Sekarang udah tanggal 29 jadi gw minta tolong gausah di hapus kalau ini HANYA HOAX,sekarang udah tanggal 29 jadi gw minta tolong gausah di hapus kalau ini hanya hoax,negative
C8XBDjbPNNU,Peduli apa gue?<br>Kalau otak lu masih setengah nonton Mimin TOPIC INDONESIA SONOO profesi saya juga sebagai pelukis saya mencoba gambar di game kreativitas saya menambah kek Lo dah hapus judol sok sok an hapus tanda tanda sukses lohh.<br><br>Gausah hapus gausah ngatur kayak donatur titik no koma.,peduli apa guekalau otak lu masih setengah nonton mimin topic indonesia sonoo profesi saya juga sebagai pelukis saya mencoba gambar di game kreativitas saya menambah kek lo dah hapus judol sok sok an hapus tanda tanda sukses lohhgausah hapus gausah ngatur kayak donatur titik no koma,negative
C8XBDjbPNNU,bye bye kiddo 👋🏻😂,bye bye kiddo,positive
C8XBDjbPNNU,"Seharusnya dibatasi saja, kenapa harus langsung di hapus",seharusnya dibatasi saja kenapa harus langsung di hapus,neutral
C8XBDjbPNNU,Saya tidak setuju terkadang ada tugas dari sekolah untuk membuat fidio edukasi dan di aplod di medsos jadi saya kurang setuju dan terkadang anak anak meminjam henpon milik orang tuanya untuk melihat tik tok yutub dan bermain Roblox dan juga kasihan terhadap kreator anak di bawah umur Bakan kehilangan pekerjaannya atau sepi sekian terimakasih pak buk,saya tidak setuju terkadang ada tugas dari sekolah untuk membuat fidio edukasi dan di aplod di medsos jadi saya kurang setuju dan terkadang anak anak meminjam henpon milik orang tuanya untuk melihat tik tok yutub dan bermain roblox dan juga kasihan terhadap kreator anak di bawah umur bakan kehilangan pekerjaannya atau sepi sekian terimakasih pak buk,negative
C8XBDjbPNNU,Gak setuju😡😡😡😡😡,gak setuju,negative
C8XBDjbPNNU,Entah knp sekarang ini banyak berita buruk gitu dan salah satu nya yt knp harus yt padahal aku cape cape bikin channel sub sudah banyak di blokir sia sia,entah knp sekarang ini banyak berita buruk gitu dan salah satu nya yt knp harus yt padahal aku cape cape bikin channel sub sudah banyak di blokir sia sia,negative
C8XBDjbPNNU,di kasih uang berapa itu yg ngomong,di kasih uang berapa itu yg ngomong,neutral
C8XBDjbPNNU,"Seharusnya KONTENNYA diblok, bukan USERNYA",seharusnya kontennya diblok bukan usernya,negative
C8XBDjbPNNU,"itu bagi org dewasa bagi kita ga yg ditanya yg setuju aja jir 🙄 di roblox udah gabisa chat malah ikut ikutan di blok avatar/karakter udah diawasain malah ikut ikutan jir gaasik tau 🥲 <a href=""https://www.youtube.com/watch?v=C8XBDjbPNNU&amp;t=149"">2:29</a>",itu bagi org dewasa bagi kita ga yg ditanya yg setuju aja jir di roblox udah gabisa chat malah ikut ikutan di blok avatarkarakter udah diawasain malah ikut ikutan jir gaasik tau a href,negative
C8XBDjbPNNU,tidak aku tidak setuju karnaa konten kreator anak anak akan sepi penonton lagian medsos berguna untuk anak anak kecil karna ada channel yg untuk  menghibur anak kecil seperti cocomelon dan bing,tidak aku tidak setuju karnaa konten kreator anak anak akan sepi penonton lagian medsos berguna untuk anak anak kecil karna ada channel yg untuk menghibur anak kecil seperti cocomelon dan bing,negative
C8XBDjbPNNU,Saya setuju apalagi di apk FB itu banyak banget vidio2?🤔,saya setuju apalagi di apk fb itu banyak banget vidio2,positive
C8XBDjbPNNU,Bersiap lah tahun ini akan demo anaj2 bangsa,bersiap lah tahun ini akan demo anaj2 bangsa,negative
C8XBDjbPNNU,"tiktok di ban boleh sih. tapi youtube?! terus cari info atau cari tontonan yg baik dan membantu belajar bagaimana?<br>jangan ban semua medsos yg ada, akses info disini dan luar bagaimana? tv lama yg punya channel aja lagi rare sekarang, mau nonton berita dimana lagi kalau bukan youtube?",tiktok di ban boleh sih tapi youtube terus cari info atau cari tontonan yg baik dan membantu belajar bagaimanajangan ban semua medsos yg ada akses info disini dan luar bagaimana tv lama yg punya channel aja lagi rare sekarang mau nonton berita dimana lagi kalau bukan youtube,negative
C8XBDjbPNNU,"Masa depan gw hancur lah, udah masih dibawah umur, udah mimpinya tuh jadi youtuber terkenal, malah bulan ini menghilang😔😭🤞",masa depan gw hancur lah udah masih dibawah umur udah mimpinya tuh jadi youtuber terkenal malah bulan ini menghilang,negative
C8XBDjbPNNU,Berati gw nonton yutub kids😭🗿,berati gw nonton yutub kids,negative
C8XBDjbPNNU,bgi yg TDK setuju.itu hak kalian tp keputusan pemerintah itu psti ada tujuan baik nya.krn yg SDH membuat masa depan anak2 penerus bang skrg rusak ada lh DRI akun2 atau meksos2 itu,bgi yg tdk setujuitu hak kalian tp keputusan pemerintah itu psti ada tujuan baik nyakrn yg sdh membuat masa depan anak2 penerus bang skrg rusak ada lh dri akun2 atau meksos2 itu,positive
C8XBDjbPNNU,Sisi Negatif aja yang di liat,sisi negatif aja yang di liat,neutral
C8XBDjbPNNU,Pemerintah gak ada otak gak semua nya kayak gitu 😡,pemerintah gak ada otak gak semua nya kayak gitu,negative
C8XBDjbPNNU,setuju aja sih gw...kembali ke zaman di mana belum ada hp....modal pakai buku....,setuju aja sih gwkembali ke zaman di mana belum ada hpmodal pakai buku,positive
C8XBDjbPNNU,Setuju kalau sudah 17 tahun baru boleh.,setuju kalau sudah 17 tahun baru boleh,positive
C8XBDjbPNNU,Sama gw gak setuju,sama gw gak setuju,negative
C8XBDjbPNNU,"bagus !! medsos sgt merusak mental dan perilaku anak2 jaman skrg, omongan jd kasar, terpapar pornografi, kekerasan..cuma caranya gmn klo mereka malsuin umur...",bagus medsos sgt merusak mental dan perilaku anak2 jaman skrg omongan jd kasar terpapar pornografi kekerasancuma caranya gmn klo mereka malsuin umur,positive
C8XBDjbPNNU,Setuju,setuju,positive
C8XBDjbPNNU,Aku tidak setuju😡 masa kalo udah punya akun yang susah-susah dirawat harus diblokir! Walaupun aman aku tetap tak setuju! Kenapa ga blokir langsung hal buruknya dan jangan hapus hal baiknya! Bagaimana aku bisa nonton Smurf Indonesia,aku tidak setuju masa kalo udah punya akun yang susahsusah dirawat harus diblokir walaupun aman aku tetap tak setuju kenapa ga blokir langsung hal buruknya dan jangan hapus hal baiknya bagaimana aku bisa nonton smurf indonesia,negative
C8XBDjbPNNU,Gua lebih baik pidah negara dari pada tinggal di konoha,gua lebih baik pidah negara dari pada tinggal di konoha,negative
C8XBDjbPNNU,Me chat aman 😂,me chat aman,neutral
C8XBDjbPNNU,"bro and sis, i mean media sosial gak seharusnya ditindak sampai sejauh itu, karena dari yang saya alami sendiri, banyak ability/kemampuan yang bisa kudapatkan, semisalnya ini peraturan sudah ada dari dulu, i cann&#39;t get ability ngoding, fotografi or videografi, graphic design, drawing, and many things, that all ability i can do because media social and now you what to block all, i don&#39;t get it, i need an more explanation???",bro and sis i mean media sosial gak seharusnya ditindak sampai sejauh itu karena dari yang saya alami sendiri banyak abilitykemampuan yang bisa kudapatkan semisalnya ini peraturan sudah ada dari dulu i cannt get ability ngoding fotografi or videografi graphic design drawing and many things that all ability i can do because media social and now you what to block all i dont get it i need an more explanation,negative
C8XBDjbPNNU,"kasihan deh anak bau kencur <a href=""UCkszU2WH9gy1mb0dV-11UJg/xsIfY4OqCd2T29sP54iAsAw""></a>",kasihan deh anak bau kencur,neutral
C8XBDjbPNNU,Aku tidak setuju kalau YouTube di blokir. Kalau itu blokir terus kalau menambah pembelajaran matematika gimana? Kalau ada pertanyaan susah gimana? Terus kalau di YouTube kan ada isi tentang pembelajaran soal agama islam,aku tidak setuju kalau youtube di blokir kalau itu blokir terus kalau menambah pembelajaran matematika gimana kalau ada pertanyaan susah gimana terus kalau di youtube kan ada isi tentang pembelajaran soal agama islam,negative
C8XBDjbPNNU,"Maaf, saya ingin buka suara juga, saya sebagai animator dibawah umur tidak setuju, saya sia siakan kerja keras ku selama ini, saya juga ada niat untuk membantu menambah penghasilan ortu, saya juga belajar dari medsos, saya bersosialisasi di medsos, anak remaja 13 tahun keatas butuh kebebasan juga, umur segitu sudah bisa bedakan baik dan buruk, saya juga perlu medsos untuk belajar OSN, tidak mungkin saya belajar dari YouTube kids kan?",maaf saya ingin buka suara juga saya sebagai animator dibawah umur tidak setuju saya sia siakan kerja keras ku selama ini saya juga ada niat untuk membantu menambah penghasilan ortu saya juga belajar dari medsos saya bersosialisasi di medsos anak remaja 13 tahun keatas butuh kebebasan juga umur segitu sudah bisa bedakan baik dan buruk saya juga perlu medsos untuk belajar osn tidak mungkin saya belajar dari youtube kids kan,negative
C8XBDjbPNNU,Tidak setuju 🤬🤬🤬🤬🤬🤬🤬,tidak setuju,negative
C8XBDjbPNNU,"Setidaknya anak saya gak nonton p0rΠ09aF1 lah ya, makasih btw :D👍",setidaknya anak saya gak nonton p0r09af1 lah ya makasih btw d,neutral
C8XBDjbPNNU,Robloxnya aja di belokir permanen,robloxnya aja di belokir permanen,positive
C8XBDjbPNNU,Kalau Youtube Kids Its Okelah Bebas,kalau youtube kids its okelah bebas,neutral
C8XBDjbPNNU,Oh Begini Aja Komdigi Untuk Youtube Original Untung yg Berkeluarga dan Punya Dikasih Kode Sandi Aja Bisa Pola Bisa Nomor Nomor Akun.,oh begini aja komdigi untuk youtube original untung yg berkeluarga dan punya dikasih kode sandi aja bisa pola bisa nomor nomor akun,positive
C8XBDjbPNNU,sangatlah setuju,sangatlah setuju,positive
C8XBDjbPNNU,"saya gak setuju karena orang korup aman dibiarin lah orang gakbersalah malah mau di hukum mati, ini juga prabowo mau ke iran mau mengakhiri perang alias damai lah negara aja gak beres apalagi mau ajak damai,katanya nanti indonesia emas 2045 nah yang benar indonesia cemas 2045",saya gak setuju karena orang korup aman dibiarin lah orang gakbersalah malah mau di hukum mati ini juga prabowo mau ke iran mau mengakhiri perang alias damai lah negara aja gak beres apalagi mau ajak damaikatanya nanti indonesia emas 2045 nah yang benar indonesia cemas 
2045C8XBDjbPNNU,Robloxnya aja di belokir permanen,robloxnya aja di belokir permanen,negative
C8XBDjbPNNU,Bagusss,bagusss,positive
C8XBDjbPNNU,Biar anak sekarang ini biar punya moral mana yang jelek dan mana yang baik anak jaman sekarang kebanyakan tak punya sopan,biar anak sekarang ini biar punya moral mana yang jelek dan mana yang baik anak jaman sekarang kebanyakan tak punya sopan,positive
C8XBDjbPNNU,"konten kreator yg video nya buat anak anak bakal sepi , kan medsos ga cuma buat nonton bkep doang masih banyak buat yg laen",konten kreator yg video nya buat anak anak bakal sepi kan medsos ga cuma buat nonton bkep doang masih banyak buat yg laen,negative
C8XBDjbPNNU,Setuju supaya anak kembali dulu lagi,setuju supaya anak kembali dulu lagi,positive
C8XBDjbPNNU,"yg lbih tepat yaitu,pemerinah membuat aturan krja sama dngn pihak medsos mewajibkn dptar ulang pke nik ktp",yg lbih tepat yaitupemerinah membuat aturan krja sama dngn pihak medsos mewajibkn dptar ulang pke nik ktp,positive
C8XBDjbPNNU,sangat setuju,sangat setuju,positive
C8XBDjbPNNU,"Okay, who going to play medsos in the 2027-2028-2029. Like that was the stupid thing ive ever hear. Look,a lot of people and teacher and principal are agree and happy to see that banning medsos was a good thing for KOMDIGI because teenager spent way too much time dancing,playing,and watching. Like if they hit march 28 (which is in indonesia) they gonna protes and riot against KOMDIGI in front of a thousand of teenager, just like were<br>see in 1998 Demo. Look, if KOMDIGI listened to us they will happy and here some thing that KOMDIGI didn&#39;t know about the ban<br>-Studied that from app except ChatGPT<br>-If they have a homework they use own hp to see the answer<br>-If they have a trip they use own hp to take a picture a upload/post on there own sosial media account for mermories and make more fun  and mermory for people",okay who going to play medsos in the 202720282029 like that was the stupid thing ive ever hear looka lot of people and teacher and principal are agree and happy to see that banning medsos was a good thing for komdigi because teenager spent way too much time dancingplayingand watching like if they hit march 28 which is in indonesia they gonna protes and riot against komdigi in front of a thousand of teenager just like weresee in 1998 demo look if komdigi listened to us they will happy and here some thing that komdigi didnt know about the banstudied that from app except chatgptif they have a homework they use own hp to see the answerif they have a trip they use own hp to take a picture a uploadpost on there own sosial media account for mermories and make more fun and mermory for people,negative
C8XBDjbPNNU,Saya kurang setuju   kenapa  karena ini dunia iptek,saya kurang setuju kenapa karena ini dunia iptek,negative
C8XBDjbPNNU,Membingung kan rakyat kalo punya pejabat go blok mental ternak,membingung kan rakyat kalo punya pejabat go blok mental ternak,negative
C8XBDjbPNNU,"saya sebagai animator di bawah umur jujur tidak setuju dengan peraturan ini, di karenakan dengan profesi saya yaitu animator di bawah umur tidak akan bisa lagi mengupload animasi animasi buatan saya lagi, dan kalau begitu apa untung ny saya jadi animator? bakat saya tidak ingin saya sia siakan begitu saja pak/bu.",saya sebagai animator di bawah umur jujur tidak setuju dengan peraturan ini di karenakan dengan profesi saya yaitu animator di bawah umur tidak akan bisa lagi mengupload animasi animasi buatan saya lagi dan kalau begitu apa untung ny saya jadi animator bakat saya tidak ingin saya sia siakan begitu saja pakbu,negative
C8XBDjbPNNU,"KebayakAn org tuanya sendiri yg bikin akunya, gimana mau tau anaknya yg pake.aplikasinya di bolokir",kebayakan org tuanya sendiri yg bikin akunya gimana mau tau anaknya yg pakeaplikasinya di bolokir
C8XBDjbPNNU,Nggk punya kerja&#39;an😂😂😂😂,nggk punya kerjaan,neutral
C8XBDjbPNNU,"Betul ,kurangi ktergntungn media sosial.",betul kurangi ktergntungn media sosial,positive
C8XBDjbPNNU,NAHHH AKHIRNYA Menkomdigi KERJA BENERAN SETELAH SEKIAN LAMA DI GOAA,nahhh akhirnya menkomdigi kerja beneran setelah sekian lama di goaa,positive
C8XBDjbPNNU,Sangat setuju,sangat setuju,positive
C8XBDjbPNNU,Terus aku mau belajar sejarah dimana😢,terus aku mau belajar sejarah dimana,negative
C8XBDjbPNNU,Setuju banget,setuju banget,positive
C8XBDjbPNNU,Kurang ajar ngapain YouTube ikut dibatasi juga 🤬🤬🤬🤬🤬🤬🤬🤬🤬🤬🤬🤬🤬🤬🤬🤬🤬🤬🤬🤬,kurang ajar ngapain youtube ikut dibatasi juga,negative
C8XBDjbPNNU,Tidak ada larangan menggunakan medsos pada anak yang berumur di bawah 16,tidak ada larangan menggunakan medsos pada anak yang berumur di bawah 16,negative
C8XBDjbPNNU,Kurng ajar,kurng ajar,negative
C8XBDjbPNNU,Saya tidak setuju 😠😠😡😠😠😠😠😠😠😠😡,saya tidak setuju,negative
C8XBDjbPNNU,Aturan warga di batasi sementara Mentri mencuri ngak di batasi...peraturan taik kucing .,aturan warga di batasi sementara mentri mencuri ngak di batasiperaturan taik kucing,negative
C8XBDjbPNNU,Medsos yg  ga manfaat di Bent aja klo bener2 care sama masa depan anak bangsa,medsos yg ga manfaat di bent aja klo bener2 care sama masa depan anak bangsa,positive
C8XBDjbPNNU,Anak diberi bny mudratnya,anak diberi bny mudratnya,positive
C8XBDjbPNNU,Se7,se7,positive
C8XBDjbPNNU,"Kami sangat setuju,.. Kalo  bisa tutup semua,..",kami sangat setuju kalo bisa tutup semua,positive
C8XBDjbPNNU,Jangan hanya melarang ksh solusi dong pemerintah/pejabat,jangan hanya melarang ksh solusi dong pemerintahpejabat,negative
C8XBDjbPNNU,Takut viralin MBG,takut viralin mbg,negative
C8XBDjbPNNU,Setuju...,setuju,positive
C8XBDjbPNNU,Setuju banget. <br>Lagian ngapain juga anak-anak punya medsos.,setuju banget lagian ngapain juga anakanak punya medsos,positive
dVTaBKZLsds,"YouTube katanya juga diblokir, tapi menurut itu berlebihan (dibagian YouTube) soalnya ada beberapa anak sekolah mengunakan YouTube sebagai bahan pembelajaran contoh seni dan kerajinan!",youtube katanya juga diblokir tapi menurut itu berlebihan dibagian youtube soalnya ada beberapa anak sekolah mengunakan youtube sebagai bahan pembelajaran contoh seni dan kerajinan,negative
dVTaBKZLsds,Aku setuju kalau Roblox diblokir,aku setuju kalau roblox diblokir,positive
dVTaBKZLsds,Setujuuu setujuuuu setujuu sekali,setujuuu setujuuuu setujuu sekali,positive
dVTaBKZLsds,Harusnya situl judol juga bisa doong dibatasi atau diblokirr !,harusnya situl judol juga bisa doong dibatasi atau diblokirr,positive
dVTaBKZLsds,Kasian yang mak bapaknya gapetk.,kasian yang mak bapaknya gapetk,neutral
dVTaBKZLsds,Ok!! Sangat setuju karena..?? Sangat mempengaruhi moralitas anak kita? Kedepan dan budaya sopan santun terancam puna akibat pengaruh mensos!! Jadi saya sangat setuju.&quot;,ok sangat setuju karena sangat mempengaruhi moralitas anak kita kedepan dan budaya sopan santun terancam puna akibat pengaruh mensos jadi saya sangat setuju,positive
dVTaBKZLsds,"Kebijakan yang diambil sudah sangat baik Bu. Semangat Bu menteri, semoga berkah amalnya",kebijakan yang diambil sudah sangat baik bu semangat bu menteri semoga berkah amalnya,positive
dVTaBKZLsds,Kembali Ke Jaman Batu.<br>Jaman Tanpa Internet.,kembali ke jaman batujaman tanpa internet,negative
dVTaBKZLsds,"Yang jelas HP merusak anak anak bisa emang negara membatasi program yutup Gogel ingat rehabilitasi kena dampak HP ini sulit sembuh dari pada orang kena narkoba dan barang barang haram dipakai apakah negara ingin jerumusi generasi muda kedepan dengan pendidikan dering ,lebih aman menual dari pada elektronik ingat pencurian lebih banyak lewat elek tronik pembunuhan pun begitu mang kanya penting guru mendidik adap aklag prilaku diperatekkin langsung emang prokram elektronik bisa????!!!! Cuman tiori aja okesalam sadar",yang jelas hp merusak anak anak bisa emang negara membatasi program yutup gogel ingat rehabilitasi kena dampak hp ini sulit sembuh dari pada orang kena narkoba dan barang barang haram dipakai apakah negara ingin jerumusi generasi muda kedepan dengan pendidikan dering lebih aman menual dari pada elektronik ingat pencurian lebih banyak lewat elek tronik pembunuhan pun begitu mang kanya penting guru mendidik adap aklag prilaku diperatekkin langsung emang prokram elektronik bisa cuman tiori aja okesalam sadar,positive
dVTaBKZLsds,setuju....,setuju,positive
dVTaBKZLsds,Selama ini w masih lihat anak bocah megang HP tuh,selama ini w masih lihat anak bocah megang hp tuh,neutral
dVTaBKZLsds,Iklan judol sama pinjol msh muncul tuh Bu d yt...<br>Beresin itu aja dlu😂,iklan judol sama pinjol msh muncul tuh bu d ytberesin itu aja dlu,neutral
dVTaBKZLsds,🧔: Jonny Jonny <br>🧒:yes papa<br>🧔: blokir judol<br>🧒:no papa<br>🧔:blokir pinjol<br>🧒:no papa<br>🧔: blokir medsos<br>🧒: yes papa<br>Pemerintah tol0l🙄,jonny jonny yes papa blokir judolno papablokir pinjolno papa blokir medsos yes papapemerintah tol0l,neutral
dVTaBKZLsds,Jangan dong mana gua bocil lagi,jangan dong mana gua bocil lagi,negative
dVTaBKZLsds,Dah telaattttt bosss 😂,dah telaattttt bosss,negative
dVTaBKZLsds,ga bakal berhasil .emang hp anak anak dipakenya sama emanya juga.ema ema dan bapak bapak juga pada resep .gim online anak anak,ga bakal berhasil emang hp anak anak dipakenya sama emanya jugaema ema dan bapak bapak juga pada resep gim online anak anak,negative
dVTaBKZLsds,Anak anak banyak kena virus game. 😂,anak anak banyak kena virus game,positive
dVTaBKZLsds,Semua game ff roblok jugaa harus diblokir  juga dong... <br>Kalo game masih ada juga sm aja. Gara gara game anak anak sering top up,semua game ff roblok jugaa harus diblokir juga dong kalo game masih ada juga sm aja gara gara game anak anak sering top up,negative
dVTaBKZLsds,Positif nih...bagus Bu,positif nihbagus bu,positive
dVTaBKZLsds,setuju . konten anak bahasanya jorok dan tak patut,setuju konten anak bahasanya jorok dan tak patut,positive
dVTaBKZLsds,Apa gak ada TEROBOSAN lain yg spektakuler ???!!!!!!!  Hadehhhhh.....😅,apa gak ada terobosan lain yg spektakuler hadehhhhh,neutral
dVTaBKZLsds,Gimana caranya ? Orang tua yg serumah saha gagal apalagi pemerintah. Kalau mau batasi jumlah hp. Pembelian hp harus dengan aturan yg ketat serta penggunaan kartu SIM Card tanam yg tidak bisa ganti ganti nomor. Hp untuk anak harus menggunakan nomor khusus yg hanya bisa untuk nelpon dan wa saja.,gimana caranya orang tua yg serumah saha gagal apalagi pemerintah kalau mau batasi jumlah hp pembelian hp harus dengan aturan yg ketat serta penggunaan kartu sim card tanam yg tidak bisa ganti ganti nomor hp untuk anak harus menggunakan nomor khusus yg hanya bisa untuk nelpon dan wa saja,negative
dVTaBKZLsds,"Demi moral generasi bangsa hrs di lakukan , ibu suda benar 🇮🇩🙏",demi moral generasi bangsa hrs di lakukan ibu suda benar,positive
dVTaBKZLsds,"Menuju penghilangan eksistensi anak secara sosial untuk semakin menurunkan populasi seperti di negara2 maju lalu minta dikirim imigran untuk mengisi lowongan pekerjaan. Benar2 program Epstein Files, bohemian Groove dan penyembah baal yg sukses. Ciri Dajjal: makin dikritik trilyunan kali makin keras dan makin nabrak",menuju penghilangan eksistensi anak secara sosial untuk semakin menurunkan populasi seperti di negara2 maju lalu minta dikirim imigran untuk mengisi lowongan pekerjaan benar2 program epstein files bohemian groove dan penyembah baal yg sukses ciri dajjal makin dikritik trilyunan kali makin keras dan makin nabrak,negative
dVTaBKZLsds,Sangattttttt 👍👍👍👍👍👍👍👍 setuju,sangattttttt setuju,positive
dVTaBKZLsds,Di luar negeri makin maju ini d dalam negeri mlh kek gini.malah seperti semakin di buat BODOH ama negara sejak dini,di luar negeri makin maju ini d dalam negeri mlh kek ginimalah seperti semakin di buat bodoh ama negara sejak dini,negative
dVTaBKZLsds,Usia itu kan cuma. Kalau yg daftar masih usia 14 tahun tinggal rubah tanggal dan tahun sudah selesai jadi 18th +,usia itu kan cuma kalau yg daftar masih usia 14 tahun tinggal rubah tanggal dan tahun sudah selesai jadi 18th,negative
dVTaBKZLsds,otak anak2 sudah pada rusak baru dilarang.. 🤔,otak anak2 sudah pada rusak baru dilarang,negative
dVTaBKZLsds,Bacot udah rusak otak anak anak gara gara hp baru kau bikin kayak gini,bacot udah rusak otak anak anak gara gara hp baru kau bikin kayak gini,negative
dVTaBKZLsds,Yes aku udah tamat dong,yes aku udah tamat dong,positive
dVTaBKZLsds,nongol lagi ibu ini. woii buk yang perlu dinonaktifkan itu judol dan pinjol.  komigi dipimpin ibu pinjol dan judol semakin merajalelah.. ibu lbh baik tdak menampak diri.,nongol lagi ibu ini woii buk yang perlu dinonaktifkan itu judol dan pinjol komigi dipimpin ibu pinjol dan judol semakin merajalelah ibu lbh baik tdak menampak diri,negative
dVTaBKZLsds,sudah kecanduan lama baru di stop....hadeh,sudah kecanduan lama baru di stophadeh,negative
dVTaBKZLsds,"mantapp.. medsos di blokir, tenang masih ada judol haha..",mantapp medsos di blokir tenang masih ada judol haha,negative
dVTaBKZLsds,Ujung2 nya orang tua yang di kasi kerjaan lagi. 😂😂😂,ujung2 nya orang tua yang di kasi kerjaan lagi,neutral
dVTaBKZLsds,Setuju ...,setuju,positive
dVTaBKZLsds,"Mbak mutia saya gk peduli dengan kebijakan anda ini karena anda sudah meninggalkan kursi DPR RI sehingga otomatis naik lah si maruli siahaan jd anggota DPR RI,,, seandainya anda duduk sebagai anggota DPR RI mungkin saya akan mendukung kebijakan kebijakan anda...udalah mbak meutya kita gk usah berkawan lg,,, ini saya ingatkan ya mbak meutya, nanti kalo anda nyaleg lg, saya mintak jgn nyaleg di wilayah saya lg,,, saya gk suka ada gambar dan foto anda di wilayah saya...karena sudah bisa dipastikan 1 juta persen saya tidak akan mencoblos anda...<br>Dan 2029 saya berniat utk mencoblos yasonna laoly karena jago bicara dan konsisten...<br>Dan khusus mbak rania adiba dasopang utk 2029 saya tida akan mencoblos dia lg karena di 2029 bisa dipastikan mbak rania maju sebagai caleg DPR RI dengan predikat sudah bergelar sarjana,,, maka itu saya tidak berminat lg utk mencoblos mbak rania...dan pastinya ilmu yg sudah didapatkan nya di kampus akan semakin banyak dan bertambah,,, maka itu maaf saya sudah tidak sejalan lg dengan mbak rania dan maaf di 2029 saya harus tinggalkan anda...<br>Dan bisa jd saya bakal mencoblos prananda paloh atau yasonna laoly...kita lihat nanti di 2029,,, dan yg pastinya mbak rania saya coret...kenapa saya msk kan prananda paloh ke list caleg dpr ri karena saya lebih suka islam lah yg duduk di kursi kursi penting di republik ini daripada org kristen...dan yg pastinya islam yg handal bukan islam asal asal an atau islam yg sembrono kayak pks...hehehehe...",mbak mutia saya gk peduli dengan kebijakan anda ini karena anda sudah meninggalkan kursi dpr ri sehingga otomatis naik lah si maruli siahaan jd anggota dpr ri seandainya anda duduk sebagai anggota dpr ri mungkin saya akan mendukung kebijakan kebijakan andaudalah mbak meutya kita gk usah berkawan lg ini saya ingatkan ya mbak meutya nanti kalo anda nyaleg lg saya mintak jgn nyaleg di wilayah saya lg saya gk suka ada gambar dan foto anda di wilayah sayakarena sudah bisa dipastikan 1 juta persen saya tidak akan mencoblos andadan 2029 saya berniat utk mencoblos yasonna laoly karena jago bicara dan konsistendan khusus mbak rania adiba dasopang utk 2029 saya tida akan mencoblos dia lg karena di 2029 bisa dipastikan mbak rania maju sebagai caleg dpr ri dengan predikat sudah bergelar sarjana maka itu saya tidak berminat lg utk mencoblos mbak raniadan pastinya ilmu yg sudah didapatkan nya di kampus akan semakin banyak dan bertambah maka itu maaf saya sudah tidak sejalan lg dengan mbak rania dan maaf di 2029 saya harus tinggalkan andadan bisa jd saya bakal mencoblos prananda paloh atau yasonna laolykita lihat nanti di 2029 dan yg pastinya mbak rania saya coretkenapa saya msk kan prananda paloh ke list caleg dpr ri karena saya lebih suka islam lah yg duduk di kursi kursi penting di republik ini daripada org kristendan yg pastinya islam yg handal bukan islam asal asal an atau islam yg sembrono kayak pkshehehehe,neutral
0Sa4S97M-uM,Aku setuju kalau Roblox diblokir aku sudah bosan dengan Roblox,aku setuju kalau roblox diblokir aku sudah bosan dengan roblox,positive
0Sa4S97M-uM,"Bocil pada klenger, guru kaga bisa tik-tok&#39;an lagi, ortu rebutan hp Ama bocil buat pansos... 😂😂😂, sukurin... 😂😂😂,",bocil pada klenger guru kaga bisa tiktokan lagi ortu rebutan hp ama bocil buat pansos sukurin,positive
0Sa4S97M-uM,Gak peduli gue 🗿,gak peduli gue,neutral
0Sa4S97M-uM,mantab,mantab,positive
0Sa4S97M-uM,"program pea,,judol NTU Brantas banyak iklan YouTube,.ganti menteri kerja gak maksimal",program peajudol ntu brantas banyak iklan youtubeganti menteri kerja gak maksimal,negative
0Sa4S97M-uM,"Peraturan mulai,tp sekolah mau online",peraturan mulaitp sekolah mau online,negative
0Sa4S97M-uM,"Sampe hari ini belum kena Ban akun adek saya 😅 game FF, Roblox, ML, FIFA, dan medsos lainnya , dipercepat lebih baik",sampe hari ini belum kena ban akun adek saya game ff roblox ml fifa dan medsos lainnya dipercepat lebih baik,positive
0Sa4S97M-uM,"Harusnya  apk permainan anak, mobile legen, ff, d tutup, gt caranya tp klo d bebas kan apk,ini, kan masih bs sembunyi sembunyi,",harusnya apk permainan anak mobile legen ff d tutup gt caranya tp klo d bebas kan apkini kan masih bs sembunyi sembunyi,neutral
0Sa4S97M-uM,Kenapa saya cek di hp anak belum ada yg nonaktif atau terblokir game2 tik tok Instagram semua akun online masih jalan normal seperti biasa,kenapa saya cek di hp anak belum ada yg nonaktif atau terblokir game2 tik tok instagram semua akun online masih jalan normal seperti biasa,positive
0Sa4S97M-uM,Nice makan tu bocil2 yang sering komen ngawur di TT / IG bye2 wakakaka,nice makan tu bocil2 yang sering komen ngawur di tt ig bye2 wakakaka,positive
0Sa4S97M-uM,Tolong jgn berbelit-belit cukup memutuskan aplikasi mobilezen selesai.hanya permainan mobliezen yg bikin anak itu kecanduan tiada yg lain.,tolong jgn berbelitbelit cukup memutuskan aplikasi mobilezen selesaihanya permainan mobliezen yg bikin anak itu kecanduan tiada yg lain,neutral
0Sa4S97M-uM,Jujur sebagai penguna YouTube dibawah 16 tahun ini adalah hak yang tidak adil jika Roblox YouTube sosmed di hapus apakah robux (uang Roblox) saya di kembalikan atau di biarkan saja? Jika ini tetap di lakukan justru yang rugi semua rakyat Indonesia karna hampir semua anak punya hp dan Roblox rame karena anak Roblox uang yang sudah dipake buat beli hp sia sia? Dunia keji dan jahat,jujur sebagai penguna youtube dibawah 16 tahun ini adalah hak yang tidak adil jika roblox youtube sosmed di hapus apakah robux uang roblox saya di kembalikan atau di biarkan saja jika ini tetap di lakukan justru yang rugi semua rakyat indonesia karna hampir semua anak punya hp dan roblox rame karena anak roblox uang yang sudah dipake buat beli hp sia sia dunia keji dan jahat,negative
0Sa4S97M-uM,Mentri ini mantan reporter metro yang pernah ditangkap di irak😂. coba ditangkap aja ya ga perlu penebusan 😂. <br><br>seharusnya Najwa Shihab yang jadi Mentri nya,mentri ini mantan reporter metro yang pernah ditangkap di irak coba ditangkap aja ya ga perlu penebusan seharusnya najwa shihab yang jadi mentri nya,negative
0Sa4S97M-uM,blunder kementrian,blunder kementrian,negative
0Sa4S97M-uM,Nggak lama lagi demo ini😂,nggak lama lagi demo ini,neutral
0Sa4S97M-uM,KETIKA OTAK JADUL MEMBUAT ATURAN??....KELEBIHAN INTERNET PADA ANAK. BAROMETERNYA ANAK GENERASI INDONESIA MINIMAL DIA MAMPU MEMAKAN  3 RANGKAP MATERI DALAM SATU SAAT  SECARA BERSAMAAN {APALAGI DGN FOKUS SATU2} DAN KEMAPUAN ITU SALAH SATUNYA DIPEROLEH DARI KEBIASAAN OTAK ANAK TIDAK BERHENTI BEKERJA KETIKA MENSEKROL HP. OTAK TERBIASA PANAS SAMPAI LUPA WAKTU. .COBA CEK BANYAK PENEMU2 TEKHNOLOGI ITU BERAWAL DARI KEBIASAAN ANAK DI USIA DINI. INDONESIA SEHARUSNYA LEBIH CERDAS. JANGANLAH MELARANG SESUATU KENISCAYAAN ZAMAN. ANDA HANYA PERLU MEMBUAT KETEGASAN BATAS. JANGANLAH MENCIPTAKAN GENERSAI OTAK LELET.,ketika otak jadul membuat aturankelebihan internet pada anak barometernya anak generasi indonesia minimal dia mampu memakan 3 rangkap materi dalam satu saat secara bersamaan apalagi dgn fokus satu2 dan kemapuan itu salah satunya diperoleh dari kebiasaan otak anak tidak berhenti bekerja ketika mensekrol hp otak terbiasa panas sampai lupa waktu coba cek banyak penemu2 tekhnologi itu berawal dari kebiasaan anak di usia dini indonesia seharusnya lebih cerdas janganlah melarang sesuatu keniscayaan zaman anda hanya perlu membuat ketegasan batas janganlah menciptakan genersai otak lelet,negative
0Sa4S97M-uM,Rata rata semua di komentar ini hanya bocil bocil yang kepansan yang mendegar berita baru ini.,rata rata semua di komentar ini hanya bocil bocil yang kepansan yang mendegar berita baru ini,neutral
0Sa4S97M-uM,Memang judol dan pinjol itu sangat meresahkan di media sosial jadi kali ini saya setuju ☝️☝️☝️☝️,memang judol dan pinjol itu sangat meresahkan di media sosial jadi kali ini saya setuju,positive
0Sa4S97M-uM,Setuju banget seratus persen kebijakan pemerintah soal ini,setuju banget seratus persen kebijakan pemerintah soal ini,positive
0Sa4S97M-uM,J-jadi chanell aku gmn?..<br>Aku sia&quot;bikin chanell....,jjadi chanell aku gmnaku siabikin chanell,negative
0Sa4S97M-uM,Mantap bu jangan lupa blokir judol juga secara bertahap,mantap bu jangan lupa blokir judol juga secara bertahap,positive
0Sa4S97M-uM,"Anak itu lebih pintar dari pada ortunya , tinggal daftar pake akun ortu atau om nya kelar 😂",anak itu lebih pintar dari pada ortunya tinggal daftar pake akun ortu atau om nya kelar,neutral
0Sa4S97M-uM,Judo tuhl yang paling meresahkan,judo tuhl yang paling meresahkan,neutral
0Sa4S97M-uM,Aaaaaah aturan gak jelas mending melanggar aja dasar Mentri gak guna,aaaaaah aturan gak jelas mending melanggar aja dasar mentri gak guna,negative
0Sa4S97M-uM,mengenai perlindungan anak sebetulnya biarlah orang tua masing2 yang menjaga.!<br>kenapa memberlakukan pembatasan PP MEDSOS &amp; LAIN2<br>anak2 itu berhak mau lihat dunia mereka baik medsos maupun lainnya.<br>karena sebagian ada konten yang mengedukasi.<br><br>dari pada pembatasan PP mending Berantas itu JUDI ONLINE Yang masih berkeliaran dimana2 yang merugikan masyarakat banyak kabar dimana2 yang berujung kekerasan hingga korban jiwa,mengenai perlindungan anak sebetulnya biarlah orang tua masing2 yang menjagakenapa memberlakukan pembatasan pp medsos lain2anak2 itu berhak mau lihat dunia mereka baik medsos maupun lainnyakarena sebagian ada konten yang mengedukasidari pada pembatasan pp mending berantas itu judi online yang masih berkeliaran dimana2 yang merugikan masyarakat banyak kabar dimana2 yang berujung kekerasan hingga korban jiwa,negative
0Sa4S97M-uM,Kita demo yuk,kita demo yuk,negative
0Sa4S97M-uM,Alhamdulillah anak saya gk lagi kecanduan,alhamdulillah anak saya gk lagi kecanduan,positive
0Sa4S97M-uM,Harus di INDO itu jangan ada medsos biar tadi hal 2x yg kurang baik....????,harus di indo itu jangan ada medsos biar tadi hal 2x yg kurang baik,positive
0Sa4S97M-uM,Hei bahlil kata nya mau di blokir ayo cepetan,hei bahlil kata nya mau di blokir ayo cepetan,positive
0Sa4S97M-uM,Judol blokir juga lah pemerintah dongo🤣🤫😬,judol blokir juga lah pemerintah dongo,neutral
0Sa4S97M-uM,judol juga tolong blokir bu....,judol juga tolong blokir bu,positive
0Sa4S97M-uM,Anak yang di eksploitasi buat konten <br>Juga batasi akunnya.,anak yang di eksploitasi buat konten juga batasi akunnya,positive
0Sa4S97M-uM,Waduh 😢 judol di blokir juga bu,waduh judol di blokir juga bu,positive
0Sa4S97M-uM,"Tapi anak2 lebih pinter maen hp,aturan ini gak akn ngaruh",tapi anak2 lebih pinter maen hpaturan ini gak akn ngaruh,neutral
0Sa4S97M-uM,Memperkecil akun hacker... Kemungkinan. Di karenakan anak kecil tidak boleh pinter cukup orang tua aja pintar....😂 Di sosmed.. terus judol gimana 😂.. oh mungkin kurang mungkin anau nya makanya tiktok sama Roblox mau di atur 😂😂😂😂 ya biasa 😂😂😂,memperkecil akun hacker kemungkinan di karenakan anak kecil tidak boleh pinter cukup orang tua aja pintar di sosmed terus judol gimana oh mungkin kurang mungkin anau nya makanya tiktok sama roblox mau di atur ya biasa,negative
0Sa4S97M-uM,Mana ini kok gak kena<br>Gak becus lu semua kerja,mana ini kok gak kenagak becus lu semua kerja,neutral
0Sa4S97M-uM,"Puas banget yaa Allah,meskipun baru anak di bawah umur❤",puas banget yaa allahmeskipun baru anak di bawah umur,positive
0Sa4S97M-uM,Terima kasih bu menteri🎉,terima kasih bu menteri,positive
0Sa4S97M-uM,Setuju pembatasan tsb utk melindungi pertumbuhan mentalitas anak2,setuju pembatasan tsb utk melindungi pertumbuhan mentalitas anak2,positive
0Sa4S97M-uM,"Hahahaha dah mayan lah tapi JUDOL tuh meraja lela.... di biarin aja, hal yg besar masalah judol napa gak segera di tangani. Apa gak mampu tutup semua JUDOL? Atau ada dapet upeti dari JUDOL",hahahaha dah mayan lah tapi judol tuh meraja lela di biarin aja hal yg besar masalah judol napa gak segera di tangani apa gak mampu tutup semua judol atau ada dapet upeti dari judol,positive
0Sa4S97M-uM,Perusak tiba2 jadi pelindung 😅,perusak tiba2 jadi pelindung,negative
0Sa4S97M-uM,jodol blokir tuh. iklan dmn aman2 aja gmn sih anda,jodol blokir tuh iklan dmn aman2 aja gmn sih anda,neutral
0Sa4S97M-uM,"bagus, harus tegas ATURANNYA.. karena sejauh ini yg toxic di dunia maya itu anak di bawah UMUR. bahasanya kotor dan ga ada isinya. terlihat sekali seperti kgk punya wawasan. pantas indonesia di cap iq 78.. ya krna mayoritas yang bkin persentasenya naik ya anak di bawah umur.",bagus harus tegas aturannya karena sejauh ini yg toxic di dunia maya itu anak di bawah umur bahasanya kotor dan ga ada isinya terlihat sekali seperti kgk punya wawasan pantas indonesia di cap iq 78 ya krna mayoritas yang bkin persentasenya naik ya anak di bawah umur,positive
0Sa4S97M-uM,JUDOL gmn? Iklan berseliweran.. Masa ga lihat? Itu yg lebih merusak kan ya..,judol gmn iklan berseliweran masa ga lihat itu yg lebih merusak kan ya,neutral
0Sa4S97M-uM,"Sebenarnya ini pembodohan kepada generasi,, harusnya ada aplikasi yg perlu di blokir,  kebebasan berekspresi  untuk anak-anak genZ,,, blokir aja tuh pinjol dan judol",sebenarnya ini pembodohan kepada generasi harusnya ada aplikasi yg perlu di blokir kebebasan berekspresi untuk anakanak genz blokir aja tuh pinjol dan judol,negative
0Sa4S97M-uM,yg jelas2 judol merusak n bnyk korban smua lpisan msyrkat jd korbannya kok gk ditindaklanjuti woyyy,yg jelas2 judol merusak n bnyk korban smua lpisan msyrkat jd korbannya kok gk ditindaklanjuti woyyy,neutral
0Sa4S97M-uM,"Usul ... Sekalian dibuat tim pengawas karena dampak medsos, game dan kegiatan online lain sangat mempengaruhi generasi ini.",usul sekalian dibuat tim pengawas karena dampak medsos game dan kegiatan online lain sangat mempengaruhi generasi ini,neutral
0Sa4S97M-uM,"Peraturan apaan ini, emang mau penjarah penuh 😅",peraturan apaan ini emang mau penjarah penuh,negative
0Sa4S97M-uM,"Akhirnya pemerintah bikin kebijakan yang bener, Alhamdulilah, masih ada kabar baik dari pemerintah",akhirnya pemerintah bikin kebijakan yang bener alhamdulilah masih ada kabar baik dari pemerintah,positive
0Sa4S97M-uM,"Assalamualaikum,ya,, bagus itu, trus tindak lanjutnya pemberantasan judi online gmn ni,,setiap chenel YouTube live pasti di penuhi iklan judi online,ayo Bu Mentri Brantas lagi.",assalamualaikumya bagus itu trus tindak lanjutnya pemberantasan judi online gmn nisetiap chenel youtube live pasti di penuhi iklan judi onlineayo bu mentri brantas lagi,positive
0Sa4S97M-uM,"Bodoh. Ini adalah tanggung jawab orang tua untuk mengawasi anaknya, bukan pemerintah. Selanjutnya yang terjadi adalah kita semua harus melalui proses age verification yg akan memanen data pribadi untuk dijual ke Amerika. Di saat negara2 lain menolak campur tangan pemerintah, kita malah Alhamdulillah.",bodoh ini adalah tanggung jawab orang tua untuk mengawasi anaknya bukan pemerintah selanjutnya yang terjadi adalah kita semua harus melalui proses age verification yg akan memanen data pribadi untuk dijual ke amerika di saat negara2 lain menolak campur tangan pemerintah kita malah alhamdulillah,negative
0Sa4S97M-uM,Mantap ...komdigi....<br>Demi generasi bangsa..<br>Bangsa ini di lemah kan dgn berbagai cara oleh bangsa...,mantap komdigidemi generasi bangsabangsa ini di lemah kan dgn berbagai cara oleh bangsa,positive
0Sa4S97M-uM,mantap,mantap,positive
0Sa4S97M-uM,Siap bu,siap bu,positive
0Sa4S97M-uM,Knapa gak dari dulu bluk,knapa gak dari dulu bluk,negative
0Sa4S97M-uM,"Gak mutu kebijakan tingkat RT cuk. Gini kalo emak2 jadi mentri, ngurusin hal2 receh",gak mutu kebijakan tingkat rt cuk gini kalo emak2 jadi mentri ngurusin hal2 receh,negative
0Sa4S97M-uM,blokir tik tok,blokir tik tok,positive
0Sa4S97M-uM,Jangan lah plis KUKRITIK KAU,jangan lah plis kukritik kau,negative
0Sa4S97M-uM,"Betul sekali Ibu Menteri,. Supaya anak anak Indonesia menjadi anak yg bermoral, beraklak, berbudi pekerti,",betul sekali ibu menteri supaya anak anak indonesia menjadi anak yg bermoral beraklak berbudi pekerti,positive
0Sa4S97M-uM,Harusnya dibawah 13thn,harusnya dibawah 13thn,negative
0Sa4S97M-uM,Pejabat juga perlu di batasi.. sering ngaco!!,pejabat juga perlu di batasi sering ngaco,neutral
0Sa4S97M-uM,Tidak setuju 😡 judol kagak di blokir 😡,tidak setuju judol kagak di blokir,negative
0Sa4S97M-uM,Saya sebagai penonton YouTube diblok 😢,saya sebagai penonton youtube diblok,neutral
0Sa4S97M-uM,tar lg wfh sekolah daring aturan koplak gmna mau cerdas dr awal sudah d bodohi lebih parah dr penjajah belanda KOM ODGJ...,tar lg wfh sekolah daring aturan koplak gmna mau cerdas dr awal sudah d bodohi lebih parah dr penjajah belanda kom odgj,negative
0Sa4S97M-uM,Cara kerjanya dimana?? Nyatanya semua aplikasi bisa di akses,cara kerjanya dimana nyatanya semua aplikasi bisa di akses,neutral
0Sa4S97M-uM,Pembodohan,pembodohan,negative
0Sa4S97M-uM,alhamdulillah,alhamdulillah,positive
p8p-sAq_hhI,"Udah telat woi pembatasannya, anak anak mah udah tau semua",udah telat woi pembatasannya anak anak mah udah tau semua,negative
p8p-sAq_hhI,Kenapa sih buka HP HP kita yang minjemin orang aja ayah aku kok emang harus ya nggak boleh gitu hah kamu memang jadi emang kamu donatur emang kamu apa,kenapa sih buka hp hp kita yang minjemin orang aja ayah aku kok emang harus ya nggak boleh gitu hah kamu memang jadi emang kamu donatur emang kamu apa,negative
p8p-sAq_hhI,Go terimo,go terimo,negative
p8p-sAq_hhI,❤❤ komdigi love,komdigi love,positive
p8p-sAq_hhI,Asukamupemrinta🤬🤬🤬💔991,asukamupemrinta991,negative
p8p-sAq_hhI,"Buk, harus nya yang dibatasi itu cuma tiktok sama Facebook aja buk",buk harus nya yang dibatasi itu cuma tiktok sama facebook aja buk,negative
p8p-sAq_hhI,So asik l kuda lumping banyak omong gj bgt,so asik l kuda lumping banyak omong gj bgt,negative
p8p-sAq_hhI,Heh pemerintah lu itu gak usah deh banyak ngatur koruptor aja dibiarin kita anak-anak nggak kenapa sih kamu itu,heh pemerintah lu itu gak usah deh banyak ngatur koruptor aja dibiarin kita anakanak nggak kenapa sih kamu itu,negative
p8p-sAq_hhI,Sebelum mengatur kami atur dulu semua daerah bantu kek main atur atur rakyat🙄,sebelum mengatur kami atur dulu semua daerah bantu kek main atur atur rakyat,negative
p8p-sAq_hhI,MANTAP 👍,mantap,positive
p8p-sAq_hhI,Pikirin judol dulu oy,pikirin judol dulu oy,negative
p8p-sAq_hhI,No!!!!!!!!!,no,negative
p8p-sAq_hhI,"Terimakasih pemerintah sudah memikirkan sejauh ini, <br>walaupun hasilnya kecil kemungkinan.<br> ttp setidaknya pemerintah sudah mengambil bagian",terimakasih pemerintah sudah memikirkan sejauh ini walaupun hasilnya kecil kemungkinan ttp setidaknya pemerintah sudah mengambil bagian,positive
p8p-sAq_hhI,Baguslah👍👍👍👍,baguslah,positive
p8p-sAq_hhI,Dasar pmerintah bukan nya <br>Yang harus judol di blokir,dasar pmerintah bukan nya yang harus judol di blokir,negative
p8p-sAq_hhI,saya sebagai Orang Tua sangat mendukung dan setujuh Langkah Pemerintah dalam menyikapi Penggunaan Hp untuk anak ❤️,saya sebagai orang tua sangat mendukung dan setujuh langkah pemerintah dalam menyikapi penggunaan hp untuk anak,positive
p8p-sAq_hhI,Tapi kan hp bisa belajar dan bisa buat informasi di Indonesia sekarang lagian aku gak make buat² macam macam kok jahat bgt sih 🤨 kok korup GK di batasi kenapaaa judi GK di batasi kenapa hah??. Lagian juga bocil harus punya hak untuk bermain hp nah klo covid kan harus pake hp Why is the government evil?. Klo Roblox bisa belajar bahasa inggris loh. Yang setuju like 👍,tapi kan hp bisa belajar dan bisa buat informasi di indonesia sekarang lagian aku gak make buat macam macam kok jahat bgt sih kok korup gk di batasi kenapaaa judi gk di batasi kenapa hah lagian juga bocil harus punya hak untuk bermain hp nah klo covid kan harus pake hp why is the government evil klo roblox bisa belajar bahasa inggris loh yang setuju like,negative
p8p-sAq_hhI,Bagus bagus sekali juga masa pemerintahan 🤬🖕,bagus bagus sekali juga masa pemerintahan,positive
p8p-sAq_hhI,Judol noh diurusin banyak orang stres karena judol,judol noh diurusin banyak orang stres karena judol,negative
p8p-sAq_hhI,Game jika berkaitan Dengan akun FB atau apapun akan diblokir Juga kan? Mengapa gak aja Judol yang diblokir? Anak juga butuh Hiburan,game jika berkaitan dengan akun fb atau apapun akan diblokir juga kan mengapa gak aja judol yang diblokir anak juga butuh hiburan,negative
p8p-sAq_hhI,"Oh hell nah, ini pemerintah mau ngebungkam kami (rakyat) kah ceritanya?",oh hell nah ini pemerintah mau ngebungkam kami rakyat kah ceritanya,negative
p8p-sAq_hhI,good🎉,good,positive
p8p-sAq_hhI,Malah tambah setres atuhh anaknya klo di batasi,malah tambah setres atuhh anaknya klo di batasi,negative
p8p-sAq_hhI,Saya tidak setuju!,saya tidak setuju,negative
p8p-sAq_hhI,Media sosial dilarang koruptor bebas🤬,media sosial dilarang koruptor bebas,neutral
p8p-sAq_hhI,iy judol di beresin tuh noh kawan kawan mari kita hujat komdigi ama president aneh prabowo,iy judol di beresin tuh noh kawan kawan mari kita hujat komdigi ama president aneh prabowo,negative
p8p-sAq_hhI,Kenapa ff sama PUBG nggk juga? Pdhl itu game kekerasan yg ada tembakan tembakan nya dan malah rblx ada fitur parental terus juga kreatif bisa bikin game sendiri koding sendiri? PEMERINTAH INDONESIA PADA GK BENER mungkin gara gara Sule kecolongan 50 juta langsung maju pemerintah nya itu artis tapi pas yg kasus anak nyolong 19 juta buat PUBG GK maju pemerintah nya itu rakyat biasa bukan artis. URUSIN DULU TUH JUDI BUKAN GAME DULU! KALO GK BENER JDI PEMERINTAH GK USAH JADI PEMERINTAH. SAMA URUS DULU TUH PEMERINTAH YG KORUP. YANG SETUJU LIKE.,kenapa ff sama pubg nggk juga pdhl itu game kekerasan yg ada tembakan tembakan nya dan malah rblx ada fitur parental terus juga kreatif bisa bikin game sendiri koding sendiri pemerintah indonesia pada gk bener mungkin gara gara sule kecolongan 50 juta langsung maju pemerintah nya itu artis tapi pas yg kasus anak nyolong 19 juta buat pubg gk maju pemerintah nya itu rakyat biasa bukan artis urusin dulu tuh judi bukan game dulu kalo gk bener jdi pemerintah gk usah jadi pemerintah sama urus dulu tuh pemerintah yg korup yang setuju like,negative
p8p-sAq_hhI,Emang lu siapa emang kamu yg lahirin kami sok sok ngatur hidup orang lu dancoo,emang lu siapa emang kamu yg lahirin kami sok sok ngatur hidup orang lu dancoo,negative
p8p-sAq_hhI,Saya umur nya sudah 20+ namun aturan ini sangat baik untuk anak anak,saya umur nya sudah 20 namun aturan ini sangat baik untuk anak anak,positive
p8p-sAq_hhI,Mantab anak anak jadi pada rusak gara medsos walau ada yang baik tapi hanya 10 persen doang,mantab anak anak jadi pada rusak gara medsos walau ada yang baik tapi hanya 10 persen doang,positive
p8p-sAq_hhI,Pemerintah so ngatur,pemerintah so ngatur,negative
p8p-sAq_hhI,NO ROBLOX NO KORUPSI<br>NO ROBLOX NO JUDI<br>NO ROBLOX NO NGATUR<br>ROBLOX ROBLOX YES<br>KORUPSI KORUPSI NOO<br><br>PEMERINTAH GAK ADA AKHLAK BUKANNYA MENJAUHI HACKER ATAU MENINGKATKAN KE AMANAN TAMBAH DI BLOKIR GAK PUNYA OTAAAAK,no roblox no korupsino roblox no judino roblox no ngaturroblox roblox yeskorupsi korupsi noopemerintah gak ada akhlak bukannya menjauhi hacker atau meningkatkan ke amanan tambah di blokir gak punya otaaaak,negative
p8p-sAq_hhI,kalau anak anak nya bikin akun usia nya di set 18 tahun bisa dong apalagi anak anak sekarang pintar percuma dong program pemerintah kecuali pas daftar akun pake ktp baru manjur,kalau anak anak nya bikin akun usia nya di set 18 tahun bisa dong apalagi anak anak sekarang pintar percuma dong program pemerintah kecuali pas daftar akun pake ktp baru manjur,negative
p8p-sAq_hhI,dasar gila,dasar gila,negative
p8p-sAq_hhI,"Kebijakan pembatasan sosial media untuk anak memang punya tujuan yang baik, seperti melindungi dari bullying, konten negatif, dan interaksi yang berbahaya. Tapi kalau diterapkan terlalu ketat, apalagi sampai membatasi akses secara menyeluruh, justru bisa berdampak kurang baik. Anak SMP sekarang banyak belajar dari internet, terutama dari platform seperti YouTube, jadi kalau semuanya dibatasi, mereka bisa kehilangan salah satu sumber belajar yang penting.<br><br>Masalah utama sebenarnya bukan di kontennya, tapi di interaksinya. Banyak kasus negatif di sosial media terjadi karena komentar, pesan pribadi, atau debat yang tidak sehat. Jadi daripada membatasi semuanya, akan lebih efektif kalau yang dikontrol adalah bagian interaksinya. Misalnya, anak tetap bisa mengakses konten dan belajar, tapi fitur seperti komentar atau DM dibatasi, kecuali untuk hal yang benar-benar bersifat edukatif dan tetap diawasi.<br><br>Selain itu, aturan seperti ini juga harus melihat kondisi di lapangan. Faktanya, masih banyak anak yang menggunakan akun orang tua atau memalsukan usia, jadi kalau hanya mengandalkan sistem, kebijakan ini bisa dengan mudah dilewati. Karena itu, selain aturan, perlu juga edukasi untuk orang tua dan anak agar penggunaan sosial media bisa lebih bijak. Dengan begitu, tujuannya tetap tercapai tanpa harus menghambat perkembangan anak.",kebijakan pembatasan sosial media untuk anak memang punya tujuan yang baik seperti melindungi dari bullying konten negatif dan interaksi yang berbahaya tapi kalau diterapkan terlalu ketat apalagi sampai membatasi akses secara menyeluruh justru bisa berdampak kurang baik anak smp sekarang banyak belajar dari internet terutama dari platform seperti youtube jadi kalau semuanya dibatasi mereka bisa kehilangan salah satu sumber belajar yang pentingmasalah utama sebenarnya bukan di kontennya tapi di interaksinya banyak kasus negatif di sosial media terjadi karena komentar pesan pribadi atau debat yang tidak sehat jadi daripada membatasi semuanya akan lebih efektif kalau yang dikontrol adalah bagian interaksinya misalnya anak tetap bisa mengakses konten dan belajar tapi fitur seperti komentar atau dm dibatasi kecuali untuk hal yang benarbenar bersifat edukatif dan tetap diawasiselain itu aturan seperti ini juga harus melihat kondisi di lapangan faktanya masih banyak anak yang menggunakan akun orang tua atau memalsukan usia jadi kalau hanya mengandalkan sistem kebijakan ini bisa dengan mudah dilewati karena itu selain aturan perlu juga edukasi untuk orang tua dan anak agar penggunaan sosial media bisa lebih bijak dengan begitu tujuannya tetap tercapai tanpa harus menghambat perkembangan anak,negative
p8p-sAq_hhI,"1 titik 2 koma <br>Lu cantik kaya doma <br><br>Dari pada aturan gini mending batasi dulu pajak, korupsi, dan kok cuman satu pihak itu coba lu ada di posisi kita lu akan merasakan apa dampak bagi kita semua, ya setidaknya daripada seperti itu perketat aja  aturan nya atau seperti ini<br>Kita harus memisah kan duri dari ikan dengan daging nya bukan malah membung semuanya 🥺🥺",1 titik 2 koma lu cantik kaya doma dari pada aturan gini mending batasi dulu pajak korupsi dan kok cuman satu pihak itu coba lu ada di posisi kita lu akan merasakan apa dampak bagi kita semua ya setidaknya daripada seperti itu perketat aja aturan nya atau seperti inikita harus memisah kan duri dari ikan dengan daging nya bukan malah membung semuanya,negative
p8p-sAq_hhI,pemerintah jangan ikut campur ggak usah sok jadi pahlawan negri kalau MBG aj ada yamg keracunan dan minimal yang di batasi itu umur nya 5-9 tahun jangan sampai 16 kalau youtube kids gak di batasi emang kalian pikir kami anak anak,pemerintah jangan ikut campur ggak usah sok jadi pahlawan negri kalau mbg aj ada yamg keracunan dan minimal yang di batasi itu umur nya 59 tahun jangan sampai 16 kalau youtube kids gak di batasi emang kalian pikir kami anak anak,negative
p8p-sAq_hhI,Yaallah😭😭,yaallah,negative
p8p-sAq_hhI,Jangan gitulah,jangan gitulah,negative
p8p-sAq_hhI,Halah nyocot 😂😂,halah nyocot,neutral
p8p-sAq_hhI,"Woi pemerintah, kenapa kalian begini<br><br><br>GILIRAN AKUN DI BAWAH 16 TAHUN, TAPI JUDOL, KORUPSI KAGAK DI NONAKTIFKAN, MENGAPA KALIAN DI BAYAR, CIH BILANG AJA DI NERAKA",woi pemerintah kenapa kalian beginigiliran akun di bawah 16 tahun tapi judol korupsi kagak di nonaktifkan mengapa kalian di bayar cih bilang aja di neraka,negative
p8p-sAq_hhI,"<a href=""https://www.youtube.com/watch?v=p8p-sAq_hhI&amp;t=105"">1:45</a> <b>&quot;langkah terbaik&quot;</b> 😹😹",langkah terbaik,positive
p8p-sAq_hhI,Secanggih apapun teknologi nya buat blokir akun dibawah 16 tahun tetep aja ke bobolan 🗿,secanggih apapun teknologi nya buat blokir akun dibawah 16 tahun tetep aja ke bobolan,negative
p8p-sAq_hhI,Demo lagi g sih 🗿 <br><br><br>Yang setuju <br>                                           👇,demo lagi g sih yang setuju,negative
p8p-sAq_hhI,Minimal blokir dulu judol ( dari dulu judol meresahkan) 🗿,minimal blokir dulu judol dari dulu judol meresahkan,neutral
p8p-sAq_hhI,Dasar asv pemerintah,dasar asv pemerintah,negative
p8p-sAq_hhI,Fix demo,fix demo,negative
p8p-sAq_hhI,Anak dibawah 16 tahun kenapa diblokir 🤔 <br><br>Tapi judol dan korupsi tidak diberantas ☠️💀💀,anak dibawah 16 tahun kenapa diblokir tapi judol dan korupsi tidak diberantas,neutral
p8p-sAq_hhI,Giliran judol gak dibatasi,giliran judol gak dibatasi,neutral
p8p-sAq_hhI,Mending kehilangan medsos ketimbang kehilangan masa depan,mending kehilangan medsos ketimbang kehilangan masa depan,positive
p8p-sAq_hhI,"Assalamu&#39;alaikum 😔🙏<br><br>Pak buk, mohon maap, sebenar ny kita ini hanya iningin mencapai cita-cita kita yg sebagai youtuber,tiktokers, kenapa tidak blokir pinjol aja? Knp tidak blokir judi online aja? Kenapa harus akun medsos?, kami hanya ingin pemerintah tau soal ini😔, kami sebagai anak di bwh 16 thn ini hanya ingin mencapai cita² yg menjadi konten kreator, ngk semua ny yg menjadi, guru, polisi,Pramugari, ngk semua nya pak buk😫, kami mohon jangan di blokir akun kami buk pak, ini juga mempertunjukkan karya anak bangsa indonesia pak bukk, kami belajar mengonten sejak  dini dahulu pak buk, kami ini sedang belejar menjadi konten kreatorr, kami mohon pakk bukk mohon di batal kan pemblokiran nya yah pakk buk, kami mohonnn mohon mohon sangat😔😔🙏🙏 izin yah bapak ibuk<br><br>Assalamualaikum🙏😔",assalamualaikum pak buk mohon maap sebenar ny kita ini hanya iningin mencapai citacita kita yg sebagai youtubertiktokers kenapa tidak blokir pinjol aja knp tidak blokir judi online aja kenapa harus akun medsos kami hanya ingin pemerintah tau soal ini kami sebagai anak di bwh 16 thn ini hanya ingin mencapai cita yg menjadi konten kreator ngk semua ny yg menjadi guru polisipramugari ngk semua nya pak buk kami mohon jangan di blokir akun kami buk pak ini juga mempertunjukkan karya anak bangsa indonesia pak bukk kami belajar mengonten sejak dini dahulu pak buk kami ini sedang belejar menjadi konten kreatorr kami mohon pakk bukk mohon di batal kan pemblokiran nya yah pakk buk kami mohonnn mohon mohon sangat izin yah bapak ibukassalamualaikum,negative
p8p-sAq_hhI,"Nyawit nih orang😒<br>Dahlah lahan buat kita main dibikin lahan pembangunan, sekarang hiburan kita satu²nya diblokir coba",nyawit nih orangdahlah lahan buat kita main dibikin lahan pembangunan sekarang hiburan kita satunya diblokir coba,negative
p8p-sAq_hhI,KLO g ad bocil sp yg rame in<br>Percuma lh para konten kreator pada sepi g ada penghasilan lagi. <br>JUDOL skrng jdi sponsor YT nohh  benerin dulu nohhh KLO udh rata in dulu koruptor ny.....,klo g ad bocil sp yg rame inpercuma lh para konten kreator pada sepi g ada penghasilan lagi judol skrng jdi sponsor yt nohh benerin dulu nohhh klo udh rata in dulu koruptor ny,negative
p8p-sAq_hhI,Jangan woi,jangan woi,negative
p8p-sAq_hhI,Indo jadi rusuh gara-gara berita ini,indo jadi rusuh garagara berita ini,neutral
p8p-sAq_hhI,Eh pemerintah kalian ngeban tiktok yutub Bakan Roblox kalian punya hari gak sih seharusnya kalian tidak ngeban  harus nya kalian ajarkan anak bukan ngeban game dasar pemerintah anj korupsi kalian,eh pemerintah kalian ngeban tiktok yutub bakan roblox kalian punya hari gak sih seharusnya kalian tidak ngeban harus nya kalian ajarkan anak bukan ngeban game dasar pemerintah anj korupsi kalian,negative
p8p-sAq_hhI,Judi juga diberesin pemerintah koncet,judi juga diberesin pemerintah koncet,positive
p8p-sAq_hhI,Awas lu gua demo nanti lu,awas lu gua demo nanti lu,negative
p8p-sAq_hhI,Emang ada masalah apasih anak anak,emang ada masalah apasih anak anak,neutral
p8p-sAq_hhI,terus korupsi ga diurusin kocak banget ah,terus korupsi ga diurusin kocak banget ah,neutral
p8p-sAq_hhI,Saya butuh hiburan 😭,saya butuh hiburan,negative
p8p-sAq_hhI,Pemerintah pemerintah kenapa dpr sama yang korupsi  gak di hentikan loh ya padahal roblox sama medsos lain gak salah apa apa yang salah itu dpr sama yang korupsi,pemerintah pemerintah kenapa dpr sama yang korupsi gak di hentikan loh ya padahal roblox sama medsos lain gak salah apa apa yang salah itu dpr sama yang korupsi,negative
OTk4HFU-xn8,"<i>Kenapa gw bilang ini percuma? Sebab yang namanya medsos tidak pernah cek KTP dll mulai dari pendaftaran akun baru (pembuatan awal), cuma minta Gmail, seperti Facebook, dan lainnya, jadi orang dengan mudahnya tinggal daftar aja pake Gmail, usia bisa dikarang di Gmail, tgl lahir, dll, dan anehnya menurut gw, walaupun pembatasan ini resmi diberlakukan, bagaimana cara pemerintah bisa tau bahwa yang pakai medsos bukan bocil di bawah umur, sebab gw buka aja di sini ya rahasianya, aplikasi Weelife juga bocil banyak yang pake tapi banyak yang nyamar jadi umur 18 tahun, terus ajak gandengan tangan dan pelukan sama gw di game, pas gw tanya umur brp, ternyata 14 thn. Malah ada yang 12. Lahh gw pacaran sama bocil ternyata. Itu sebabnya gw bilang percuma pemerintah mau membatasi bagaimana pun, sebab di game itu bisa nyamar jadi org dewasa dan bisa pelukan, ciuman bahkan di game.</i><br><br><i>bahkan saat gw ngetik tulisan ini, apps nya masih ada di HP gw.</i>",kenapa gw bilang ini percuma sebab yang namanya medsos tidak pernah cek ktp dll mulai dari pendaftaran akun baru pembuatan awal cuma minta gmail seperti facebook dan lainnya jadi orang dengan mudahnya tinggal daftar aja pake gmail usia bisa dikarang di gmail tgl lahir dll dan anehnya menurut gw walaupun pembatasan ini resmi diberlakukan bagaimana cara pemerintah bisa tau bahwa yang pakai medsos bukan bocil di bawah umur sebab gw buka aja di sini ya rahasianya aplikasi weelife juga bocil banyak yang pake tapi banyak yang nyamar jadi umur 18 tahun terus ajak gandengan tangan dan pelukan sama gw di game pas gw tanya umur brp ternyata 14 thn malah ada yang 12 lahh gw pacaran sama bocil ternyata itu sebabnya gw bilang percuma pemerintah mau membatasi bagaimana pun sebab di game itu bisa nyamar jadi org dewasa dan bisa pelukan ciuman bahkan di gamebahkan saat gw ngetik tulisan ini apps nya masih ada di hp gw,negative
OTk4HFU-xn8,Woy jangan block akun saya udah atur tgl lahir menjadi 1960,woy jangan block akun saya udah atur tgl lahir menjadi 1960,negative
OTk4HFU-xn8,Kalau larangan2 dari dulu pasti bakalan aman. Tinggal tergatung orang tuanya.,kalau larangan2 dari dulu pasti bakalan aman tinggal tergatung orang tuanya,negative
OTk4HFU-xn8,Itu lebih baik daripada jadi anak anak sdm rendah,itu lebih baik daripada jadi anak anak sdm rendah,positive
OTk4HFU-xn8,"Jika anak tersebut memiliki orang tua yang gaptek ilmu pengetahuan teknologi terutama bagi kalangan orang tua dari generasi X (1965-1980) yang memiliki anak tersebut yang lahir tahun 2011, 2012, 2013, 2014, 2015, sampai 2018 tetapi anak tersebut lebih melek terhadap ilmu pengetahuan teknologi terutama media sosial yang bisa dikembangkan secara kreativitas dan dijadikan sebagai sarana edukasi anak tersebut ke orang tuanya yang gaptek tenologi tetapi di batasi oleh pemerintah, bagaimana itu Meutia Hafid yang katanya ingin meningkatkan literasi media sosial bagi anak tersebut yang bisa mengembangkan kreativitas dalam bentuk konten kreator dan pengembangan kreatif maupun inovasi di gadjet dan laptop tetapi itu di batasi. Jadi negara kita tidak ingin mengembangkan karakter dan inovasi masyarakatnya tetapi dibatasi sebagai bentuk otoritanianisme ala soeharto dulu apalagi yang sekarang dijabat oleh anak mertua mya.",jika anak tersebut memiliki orang tua yang gaptek ilmu pengetahuan teknologi terutama bagi kalangan orang tua dari generasi x 19651980 yang memiliki anak tersebut yang lahir tahun 2011 2012 2013 2014 2015 sampai 2018 tetapi anak tersebut lebih melek terhadap ilmu pengetahuan teknologi terutama media sosial yang bisa dikembangkan secara kreativitas dan dijadikan sebagai sarana edukasi anak tersebut ke orang tuanya yang gaptek tenologi tetapi di batasi oleh pemerintah bagaimana itu meutia hafid yang katanya ingin meningkatkan literasi media sosial bagi anak tersebut yang bisa mengembangkan kreativitas dalam bentuk konten kreator dan pengembangan kreatif maupun inovasi di gadjet dan laptop tetapi itu di batasi jadi negara kita tidak ingin mengembangkan karakter dan inovasi masyarakatnya tetapi dibatasi sebagai bentuk otoritanianisme ala soeharto dulu apalagi yang sekarang dijabat oleh anak mertua mya,negative
OTk4HFU-xn8,Saya setuju bgt media sosial ini ditutup buat anak di bawah umur itu. Anak2 menjadi bodor karna sosmed ini.,saya setuju bgt media sosial ini ditutup buat anak di bawah umur itu anak2 menjadi bodor karna sosmed ini,positive
OTk4HFU-xn8,"Sudah bener, emang harus di stooop, judol, paylater, kecanduan game, attitude sosial, dll.. emang harus di stop dan dibatasiii<br><br>Klo bisa sampai 18thn .. dibatasinya, dan game&quot; yg besifat kekerasan",sudah bener emang harus di stooop judol paylater kecanduan game attitude sosial dll emang harus di stop dan dibatasiiiklo bisa sampai 18thn dibatasinya dan game yg besifat kekerasan,positive
OTk4HFU-xn8,"Baguss lahh, soalnya srlain berpikir kacau bnyk bocah-2 ky berasa orang penting/pejabat dan masih kecil udh pd pake kacamata min semua, mn tebel-2 pulak min nya, adek sy aja min 6 silinder 3 pdhl br kls 4 es&#39;de pulak",baguss lahh soalnya srlain berpikir kacau bnyk bocah2 ky berasa orang pentingpejabat dan masih kecil udh pd pake kacamata min semua mn tebel2 pulak min nya adek sy aja min 6 silinder 3 pdhl br kls 4 esde pulak,positive
OTk4HFU-xn8,Apapun kebijakannya pasti ada yg nyinyir.,apapun kebijakannya pasti ada yg nyinyir,neutral
OTk4HFU-xn8,ITU TERGANTUNG ORTUNYA. PERCUMA DILARANG KALO SI ORTU BIKININ AKUN. INTINYA JGN MELARANG ANAK BERMAIN GAME. BIARKAN MEREKA &amp; JGN GANGGU URUSAN GAME,itu tergantung ortunya percuma dilarang kalo si ortu bikinin akun intinya jgn melarang anak bermain game biarkan mereka jgn ganggu urusan game,negative
OTk4HFU-xn8,Kenapa polemik?? Stop sja... jgn d biarkan bebas...remaja sdh berani menumbuh nyawa..,kenapa polemik stop sja jgn d biarkan bebasremaja sdh berani menumbuh nyawa,positive
OTk4HFU-xn8,"Aturan ini harusnya menyeluruh termasuk di sekolah , guru harus memberi tugas2 sekolah harus lewat off lline perbanyak referensi  kepada buku, ,,,",aturan ini harusnya menyeluruh termasuk di sekolah guru harus memberi tugas2 sekolah harus lewat off lline perbanyak referensi kepada buku,positive
OTk4HFU-xn8,"Terlambat, tapi lebih baik daripada tidak sama sekali",terlambat tapi lebih baik daripada tidak sama sekali,positive
OTk4HFU-xn8,"Memang perlu. Jaman dulu saat info msih dominan TV &amp; media cetak, ortu masih gampang kontrol konten untuk anak. Jaman sekarang kadang ortu2 gaptek, kalah sama anak2 dlm penggunaan gadget. Padahal kadang psikologis anak belum siap menerima konten yg terlalu bebas.",memang perlu jaman dulu saat info msih dominan tv media cetak ortu masih gampang kontrol konten untuk anak jaman sekarang kadang ortu2 gaptek kalah sama anak2 dlm penggunaan gadget padahal kadang psikologis anak belum siap menerima konten yg terlalu bebas,positive
OTk4HFU-xn8,Sudah terlambat sudah banyak anak yg stres nga di kasih hp,sudah terlambat sudah banyak anak yg stres nga di kasih hp,negative
OTk4HFU-xn8,Gak usah dengerin polemik polemikan. Masyarakat otak waras pasti setuju klo hp buat orang yang udah umur 18 thn ke atas.,gak usah dengerin polemik polemikan masyarakat otak waras pasti setuju klo hp buat orang yang udah umur 18 thn ke atas,positive
OTk4HFU-xn8,Jangan kasih Hp sebelum anak masuk SMA ( Saya sangat setuju )jd tidak pakai di rumah atau sekolah<br>Namun orang tua juga harus beri contoh,jangan kasih hp sebelum anak masuk sma saya sangat setuju jd tidak pakai di rumah atau sekolahnamun orang tua juga harus beri contoh,positive
OTk4HFU-xn8,"Gw lebih setuju klo pembatasan umurnya itu di 9 tahun kebawah, krena sosmed di masa2 smp itu dibutuhin bgt, entah buat tugas disekolah, g smua yg ada di sosmed itu buruk kok msih ada hal positifnya, cuma cara pke anaknya aj yg harus diawasi, atau pemerintah bikin aplikasi parental controls yang di instal di hp ortu, jdi ortu bisa ngatur batas waktu bermain hp untuk anak, bisa pantau layar hp anak, bisa nyalain batasan konten buat anak, dll. <br>Ini pendapat gw ya🙏",gw lebih setuju klo pembatasan umurnya itu di 9 tahun kebawah krena sosmed di masa2 smp itu dibutuhin bgt entah buat tugas disekolah g smua yg ada di sosmed itu buruk kok msih ada hal positifnya cuma cara pke anaknya aj yg harus diawasi atau pemerintah bikin aplikasi parental controls yang di instal di hp ortu jdi ortu bisa ngatur batas waktu bermain hp untuk anak bisa pantau layar hp anak bisa nyalain batasan konten buat anak dll ini pendapat gw ya,negative
OTk4HFU-xn8,Ala teori media sosial bikin kecanduan sma kyk bir ganja to y masi dijual bebas anak2 masi bisa beli di indonesia. Mkny bnr kyk amerika iphone klo mw media sodial harus byr jdi anak kecil gk bisa main,ala teori media sosial bikin kecanduan sma kyk bir ganja to y masi dijual bebas anak2 masi bisa beli di indonesia mkny bnr kyk amerika iphone klo mw media sodial harus byr jdi anak kecil gk bisa main,negative
OTk4HFU-xn8,kalau memang diterapkan harusnya disosialisasikan terlebih dahulu kepada masyarakat setelah disetujui baru boleh,kalau memang diterapkan harusnya disosialisasikan terlebih dahulu kepada masyarakat setelah disetujui baru boleh,neutral
OTk4HFU-xn8,HP orang tua berikan kepada anak anak untuk tenangkan anak rewel😅😅😅,hp orang tua berikan kepada anak anak untuk tenangkan anak rewel,neutral
OTk4HFU-xn8,"Sebenar yg di kawatirkan itu bukan anak2nya,,,tp harusnya lbh ke attitude  pejabat negara ini yg bermasalah dan sdh sngt genting+ darurat siaga 4",sebenar yg di kawatirkan itu bukan anak2nyatp harusnya lbh ke attitude pejabat negara ini yg bermasalah dan sdh sngt genting darurat siaga 4,neutral
OTk4HFU-xn8,Kalau orang tuanya becus semuanya gk seperti ini dan anak2 nurut kepadanya.,kalau orang tuanya becus semuanya gk seperti ini dan anak2 nurut kepadanya,neutral
2YHfX7PzVNM,Jangan batasi akun saya banyak konten gta sama Hp,jangan batasi akun saya banyak konten gta sama hp,negative
2YHfX7PzVNM,Masalah nya yang di pake hp orang tua nya<br>Gak ngepek apa apa jika sebatas membatasi akses data pendaptaran akun mah.,masalah nya yang di pake hp orang tua nyagak ngepek apa apa jika sebatas membatasi akses data pendaptaran akun mah,negative
2YHfX7PzVNM,Bu mereka susah dipahami,bu mereka susah dipahami,neutral
2YHfX7PzVNM,Kenapa ga jelas kita bukan negara seperti eropa apa lah,kenapa ga jelas kita bukan negara seperti eropa apa lah,negative
2YHfX7PzVNM,"ban semua medsos kecuali CHATGPT , kenapa aku pengen itu ikut diban/dibatasi? oh ga papa mungkin karena alasan banyak orang (terutama di amerika) hampir ga bisa mikir sendiri karena AI bisa melakukan nya untuk mereka, alhasil banyak yg IQ nya turun. jadi mencari info akurat di medsos ga bisa, pada akhirnya cari info yg kemungkinan besar kurang akurat atau membuat lebih bingung  kalau ga dijelasin manual dgn google gemini dan CHATGPT. emang kenapa kan itu bukan medsos kan? Aduh......<br><br>kalau sampe cara langgar dan tahu usia mu pake verifikasi usia yg sama kayak di UK....aku pengen perang rasanya<br>yg banyak di negara luat pernah bilang tentang verifikasi usia itu: its not about the kids, its about control",ban semua medsos kecuali chatgpt kenapa aku pengen itu ikut dibandibatasi oh ga papa mungkin karena alasan banyak orang terutama di amerika hampir ga bisa mikir sendiri karena ai bisa melakukan nya untuk mereka alhasil banyak yg iq nya turun jadi mencari info akurat di medsos ga bisa pada akhirnya cari info yg kemungkinan besar kurang akurat atau membuat lebih bingung kalau ga dijelasin manual dgn google gemini dan chatgpt emang kenapa kan itu bukan medsos kan aduhkalau sampe cara langgar dan tahu usia mu pake verifikasi usia yg sama kayak di ukaku pengen perang rasanyayg banyak di negara luat pernah bilang tentang verifikasi usia itu its not about the kids its about control,positive
2YHfX7PzVNM,"@Lui:1) zaman sekarang sudah penuh teknologi, termasuk hp. zaman sekarang standarnya memang sudah memegang hp di usia 12+. hp sekrang menjadi hiburan utama, solusi utama, pengenalan dunia luar, mengakses informasi besar pun juga dari sosmed.<br>2) dampak negatif: adiksi, penipuan online, paparan pornografi, serangan siber.<br>→penipuan: bisa memberikan anak2 pengenalan &amp; pengetahuan tentang penipuan, dan cara mengidentifikasikannya. melarang sosmed justru menolak perkembangan antisipasi.<br>→ serangan siber: pemerintah bisa membloki atau memfilter kata2, konten, tujuan yang bersifat perundungan, pelecehan, intimidasi. caranya: bisa meningkatkan keketatan filter aplikasi. ketika konten banyak di report dengan bukti yang kuat, bisa langsung di blokir.<br>→ paparan pornografi: orang tua bisa mengawasi penggunaan, pencarian web, histori konten yang di telusuri anak. penyelidikan akses pornografi juga perlu ditingkatkan, tidak hanya melarang, tetapi pemerintah juga perlu terjun untuk melakukan pemberantasan akses pornografi. pemfilteran report juga bisa semakin di ketatkan.<br>→ adiksi: pemfilteran dan keketatan blokir sistem bisa di terapkan ke seluruh konten. sistem filter di aplikasi juga perlu ditingkatkan. ketika konten banyak di report; dengan bukti kuat bisa langsung diblokir.<br>kalau kita analisis lebih dalam, banyak solusi yang bisa kita pake.<br>dampak positif sosmed:<br>peningkatan akses informasi, pengenalan dunia luar, peningkatan sdm, pergaulan sosial lebih luas, hiburan, pemikiran remaja banyak yang rasional &amp; kritis, pendidikan&amp; edukasi lebih lengkap di sosmed, dll. kalau dilakukan pemblokiran akses di bawah 16. Sdm di indonesia semakin turun, kualitas pemikiran semakin kacau, generasi semakin ga terarah, kewajiban orang tua menurun (kontrol sosmed), kewajiban sistem filterisasi sosmed di negara juga kacau. ketika dah di atas umur 16 juga kalau belum di didik juga akan terus mendapat dampak negatif.",lui1 zaman sekarang sudah penuh teknologi termasuk hp zaman sekarang standarnya memang sudah memegang hp di usia 12 hp sekrang menjadi hiburan utama solusi utama pengenalan dunia luar mengakses informasi besar pun juga dari sosmed2 dampak negatif adiksi penipuan online paparan pornografi serangan siberpenipuan bisa memberikan anak2 pengenalan pengetahuan tentang penipuan dan cara mengidentifikasikannya melarang sosmed justru menolak perkembangan antisipasi serangan siber pemerintah bisa membloki atau memfilter kata2 konten tujuan yang bersifat perundungan pelecehan intimidasi caranya bisa meningkatkan keketatan filter aplikasi ketika konten banyak di report dengan bukti yang kuat bisa langsung di blokir paparan pornografi orang tua bisa mengawasi penggunaan pencarian web histori konten yang di telusuri anak penyelidikan akses pornografi juga perlu ditingkatkan tidak hanya melarang tetapi pemerintah juga perlu terjun untuk melakukan pemberantasan akses pornografi pemfilteran report juga bisa semakin di ketatkan adiksi pemfilteran dan keketatan blokir sistem bisa di terapkan ke seluruh konten sistem filter di aplikasi juga perlu ditingkatkan ketika konten banyak di report dengan bukti kuat bisa langsung diblokirkalau kita analisis lebih dalam banyak solusi yang bisa kita pakedampak positif sosmedpeningkatan akses informasi pengenalan dunia luar peningkatan sdm pergaulan sosial lebih luas hiburan pemikiran remaja banyak yang rasional kritis pendidikan edukasi lebih lengkap di sosmed dll kalau dilakukan pemblokiran akses di bawah 16 sdm di indonesia semakin turun kualitas pemikiran semakin kacau generasi semakin ga terarah kewajiban orang tua menurun kontrol sosmed kewajiban sistem filterisasi sosmed di negara juga kacau ketika dah di atas umur 16 juga kalau belum di didik juga akan terus mendapat dampak negatif,negative
2YHfX7PzVNM,saran saya yak buk ya 😂 minimal judol juga diblokir sekalian banyak perjudolan diluar sana jangan ngurusin anak juga lebih bahaya judol untuk mempengaruhi anak anak tau gk saya disini kgk setuju dinonaktifkan nah orang tua belikan hp buat belajar kasian adek saya daftar paskibraka segala macemg gk bisa liat info nya gimana coba?? saya heran kenapa disini cuman anak anak anak aja gk ada lain bandar judol gk buk? tiktok Instagram itu aman cuman ada oknum tertentu aja jadi minimal dinonaktifkan itu 6-12 itu masih anak anak ini 13-16 uda termasuk remaja😂 heran banget maaf ya buk cuman bilang aja kasian yg tka banyak cari soal di yt tt Instagram Facebook itu diatas uda termasuk remaja masa dinonaktifkan semua ini dinamakan generasi emas sekarang uda canggih buk jangan menghambat mereka itu karna oknum tertentu menyebar video video 18+ hp juga kegunaan nya belajar ngirim soal tugas buat tugas bahkan ada yg buat tugas di upload di tiktok buat edukasi buk bukan saya gk terima yang harus banget dibatasin umur 6-12 tahun buk nah itu buk ya jadi cuman kasian sekolah sekolah diluar sana bahkan orang yg tidak punya hp harus make pc buat cari soal tka ujian tka juga buk buk,saran saya yak buk ya minimal judol juga diblokir sekalian banyak perjudolan diluar sana jangan ngurusin anak juga lebih bahaya judol untuk mempengaruhi anak anak tau gk saya disini kgk setuju dinonaktifkan nah orang tua belikan hp buat belajar kasian adek saya daftar paskibraka segala macemg gk bisa liat info nya gimana coba saya heran kenapa disini cuman anak anak anak aja gk ada lain bandar judol gk buk tiktok instagram itu aman cuman ada oknum tertentu aja jadi minimal dinonaktifkan itu 612 itu masih anak anak ini 1316 uda termasuk remaja heran banget maaf ya buk cuman bilang aja kasian yg tka banyak cari soal di yt tt instagram facebook itu diatas uda termasuk remaja masa dinonaktifkan semua ini dinamakan generasi emas sekarang uda canggih buk jangan menghambat mereka itu karna oknum tertentu menyebar video video 18 hp juga kegunaan nya belajar ngirim soal tugas buat tugas bahkan ada yg buat tugas di upload di tiktok buat edukasi buk bukan saya gk terima yang harus banget dibatasin umur 612 tahun buk nah itu buk ya jadi cuman kasian sekolah sekolah diluar sana bahkan orang yg tidak punya hp harus make pc buat cari soal tka ujian tka juga buk buk,negative
2YHfX7PzVNM,Assalamualaikum warahmatullahi wabarakatuh <br><br>PINDAH BRUNEI AJA KALIAN DEH enak loh gak sok asik,assalamualaikum warahmatullahi wabarakatuh pindah brunei aja kalian deh enak loh gak sok asik,negative
2YHfX7PzVNM,Woi orang orang juga butuh hiburan bukan malah dilarang jika tidak ada hiburan maka aku percaya orang orang akan demo,woi orang orang juga butuh hiburan bukan malah dilarang jika tidak ada hiburan maka aku percaya orang orang akan demo,negative
2YHfX7PzVNM,Gak ada hiburan banget,gak ada hiburan banget,negative
2YHfX7PzVNM,masa genz umur 13 15 nonton Coco melon 😂,masa genz umur 13 15 nonton coco melon,negative
2YHfX7PzVNM,PEMERINTAH KONOHA GW GAK SETUJU KALO YOTUB TIKTOK DAN LAINYA DI BLOKIR DAN DI BATASI,pemerintah konoha gw gak setuju kalo yotub tiktok dan lainya di blokir dan di batasi,negative
2YHfX7PzVNM,Menuju Indonesia (c)EMAS🥀🥀,menuju indonesia cemas,negative
2YHfX7PzVNM,GW NGGAK SETUJU LALU KALO DI BATAS ANAK Berusia 13 tahun BAGAIMANA LIAT VIDEO-VIDEO ORANG LAIN MASA ANAK REMAJA BISA NONTON YOUTUBE KIDS!!,gw nggak setuju lalu kalo di batas anak berusia 13 tahun bagaimana liat videovideo orang lain masa anak remaja bisa nonton youtube kids,negative
2YHfX7PzVNM,Baaacooot pemerintah agak dongggo kah?,baaacooot pemerintah agak dongggo kah,negative
2YHfX7PzVNM,"Wehhh anak anak aja dilarang kenapa nih lagi STRES ya lama lama ni anak ² di indo bisa GILA ya kalau mau buat aturan jan gtu kali, logika nya dari mana nih",wehhh anak anak aja dilarang kenapa nih lagi stres ya lama lama ni anak di indo bisa gila ya kalau mau buat aturan jan gtu kali logika nya dari mana nih,negative
2YHfX7PzVNM,"bismillah bertahap perbaikan generasi bangsa, aamiin3x",bismillah bertahap perbaikan generasi bangsa aamiin3x,positive
2YHfX7PzVNM,"A social media ban isn’t a shield; it’s a blindfold. By cutting off access for young Indonesians, we aren&#39;t just removing &quot;apps&quot;, we are cutting off access to global classrooms, creative portfolios, and vital community support. In an era where digital literacy is as essential as reading and writing, a ban leaves our youth unprepared for the future economy.<br>Social media is where students find supplementary tutorials that their schools might lack and where young creators in remote provinces find a global stage. Instead of a blanket prohibition that will only drive users toward unmonitored &quot;shadow&quot; access via VPNs, we should be demanding better digital education and more robust parental tools. Let’s focus on teaching our youth how to navigate the digital world safely and responsibly, rather than isolating them from it. Empowerment through education is always more effective than protection through exclusion.",a social media ban isnt a shield its a blindfold by cutting off access for young indonesians we arent just removing apps we are cutting off access to global classrooms creative portfolios and vital community support in an era where digital literacy is as essential as reading and writing a ban leaves our youth unprepared for the future economysocial media is where students find supplementary tutorials that their schools might lack and where young creators in remote provinces find a global stage instead of a blanket prohibition that will only drive users toward unmonitored shadow access via vpns we should be demanding better digital education and more robust parental tools lets focus on teaching our youth how to navigate the digital world safely and responsibly rather than isolating them from it empowerment through education is always more effective than protection through exclusion,negative
2YHfX7PzVNM,"kita tuh Indonesia, bukan Australia bukan Ingris, bukan Eropa lainya, ngapain ikut2 peraturan mereka yang gak penting, udah jelas2 itu jebakan pencurian data dengan memaksa mengunakan ID di social media hanya untuk membuktikan akun dewasa yang akan resiko pencurian dan penjualan data dan doxing itu illegal di Indonesia jadi ngapain kita berlutut kaki pada peraturan negara2 luar Indonesia, yang tanggung jawab untuk menggurus anak2 itu orang tua bukan pemerintah, kalau pemerintah yang mengaturkan anak2 untuk apa gunanya ortunya mereka tetap gaka ada tanggung jawabnya dan malah merepotkan orang tua lain",kita tuh indonesia bukan australia bukan ingris bukan eropa lainya ngapain ikut2 peraturan mereka yang gak penting udah jelas2 itu jebakan pencurian data dengan memaksa mengunakan id di social media hanya untuk membuktikan akun dewasa yang akan resiko pencurian dan penjualan data dan doxing itu illegal di indonesia jadi ngapain kita berlutut kaki pada peraturan negara2 luar indonesia yang tanggung jawab untuk menggurus anak2 itu orang tua bukan pemerintah kalau pemerintah yang mengaturkan anak2 untuk apa gunanya ortunya mereka tetap gaka ada tanggung jawabnya dan malah merepotkan orang tua lain,negative
2YHfX7PzVNM,Halah pasti pemerintah takut nanti anak² tau fakta Prabowo tukang tipu Ama presiden bodoh yang mau di jadiin mainan Donald Trump 😂😂😂,halah pasti pemerintah takut nanti anak tau fakta prabowo tukang tipu ama presiden bodoh yang mau di jadiin mainan donald trump,negative
2YHfX7PzVNM,"goblok banget, jelas banget media sosial bukan dipake cuman buat dimainin doang tpi buat nyari informasi, apalagi bagi pelajar krusial banget media sosial terutama youtube",goblok banget jelas banget media sosial bukan dipake cuman buat dimainin doang tpi buat nyari informasi apalagi bagi pelajar krusial banget media sosial terutama youtube,negative
2YHfX7PzVNM,"Usul kalau daftar sosmed pakai nik, jadi orang umur 17 tahun bisa bikin account sosmed",usul kalau daftar sosmed pakai nik jadi orang umur 17 tahun bisa bikin account sosmed,positive
2YHfX7PzVNM,"Kasihan emak-emak zaman sekarang, saking magernya ngedidik anak, sampe minta tolong pemerintah konoha buat jadi satpam digital. Kursus parenting dulu yuk, Bu, gratis kok di YouTube (sebelum dilarang pemerintah).",kasihan emakemak zaman sekarang saking magernya ngedidik anak sampe minta tolong pemerintah konoha buat jadi satpam digital kursus parenting dulu yuk bu gratis kok di youtube sebelum dilarang pemerintah,neutral
2YHfX7PzVNM,"Omon-omon doang, pembatasan itu dr sikap orang tua langsung",omonomon doang pembatasan itu dr sikap orang tua langsung,negative
2YHfX7PzVNM,Iya telat kita nih<br>Wong china yang punya tiktok saya harus 17 plus baru boleh medsos,iya telat kita nihwong china yang punya tiktok saya harus 17 plus baru boleh medsos,negative
2YHfX7PzVNM,YAPING HP KAN BISA LIHAT KONTEN EDUKATIF well well well what we have here beother,yaping hp kan bisa lihat konten edukatif well well well what we have here beother,negative
2YHfX7PzVNM,"Realisasikan seketat ketatnya, jangan omon omon doang. Jangan kompromi dengan developer game atau medsos.",realisasikan seketat ketatnya jangan omon omon doang jangan kompromi dengan developer game atau medsos,positive
2YHfX7PzVNM,Kan ada fitur kontrol anak,kan ada fitur kontrol anak,negative
2YHfX7PzVNM,"Woy lah, cara gw nyari uang buat kuliah gimana njir",woy lah cara gw nyari uang buat kuliah gimana njir,negative
2YHfX7PzVNM,kita demo yok,kita demo yok,negative
2YHfX7PzVNM,judol juga hapus,judol juga hapus,positive
2YHfX7PzVNM,"Cemananya komdigi nih,mendingan hapus judol",cemananya komdigi nihmendingan hapus judol,negative
2YHfX7PzVNM,mantaap,mantaap,positive
2YHfX7PzVNM,Demo kayak di Nepal yok gen z,demo kayak di nepal yok gen z,negative
2YHfX7PzVNM,woi lah gimana bisa belajar,woi lah gimana bisa belajar,negative
2YHfX7PzVNM,"GAK SETUJU,",gak setuju,negative
2YHfX7PzVNM,Ga ada efeknya. Anak tinggal pake akun kakak/ortu nya,ga ada efeknya anak tinggal pake akun kakakortu nya,negative
2YHfX7PzVNM,Setuju....parah sekarang,setujuparah sekarang,positive
2YHfX7PzVNM,"Bod*hnya pemerintah, anak2 dibawah usia itu juga harusnya dilarang 😭😭😭😭 kalian benar2 budak kapitalisme, siap-siaplah kalian pertanggungjawabkan hasil dr apa yg kalian perbuat atas jabatan kalian, langsung di hadapan Tuhan, siap-siaplah menanggung akibatnya, krn umur ga ada yg tau",bodhnya pemerintah anak2 dibawah usia itu juga harusnya dilarang kalian benar2 budak kapitalisme siapsiaplah kalian pertanggungjawabkan hasil dr apa yg kalian perbuat atas jabatan kalian langsung di hadapan tuhan siapsiaplah menanggung akibatnya krn umur ga ada yg tau,negative
2YHfX7PzVNM,Setuju 100%,setuju 100,positive
2YHfX7PzVNM,bagaimana kalau anak pakai hp kakak atau ibunya ?,bagaimana kalau anak pakai hp kakak atau ibunya,neutral
vk2Ynj24qNA,kami dukung pemerintah dan komdigi. ini aturan terbaik untuk generasi mudah indonesia.,kami dukung pemerintah dan komdigi ini aturan terbaik untuk generasi mudah indonesia,positive
vk2Ynj24qNA,Ehm gini lo emang youtube banyak video 4no? Perasaan kagak ada deh,ehm gini lo emang youtube banyak video 4no perasaan kagak ada deh,negative
vk2Ynj24qNA,Uuh dasar pemerintah gak jelas!!!!,uuh dasar pemerintah gak jelas,negative
vk2Ynj24qNA,Nah nah kalok Roblox di blokir kok  judol gak di blokir urusin korupsi aja enggak di urusin kan masih banyak game kecuali Roblox kayak ml HOK ff juga kok gak di blokir kocak banget,nah nah kalok roblox di blokir kok judol gak di blokir urusin korupsi aja enggak di urusin kan masih banyak game kecuali roblox kayak ml hok ff juga kok gak di blokir kocak banget,neutral
vk2Ynj24qNA,bang aku Youtuber baru padahal mala umur 16 tahun😭😭😭😭😭😭😭😭😭😭,bang aku youtuber baru padahal mala umur 16 tahun,negative
vk2Ynj24qNA,Please pemerintah Indonesia jangan menghapuskan YouTube di tik tok Instagram Facebook dan Roblox Ruslan kan usianya kan 11 tahun,please pemerintah indonesia jangan menghapuskan youtube di tik tok instagram facebook dan roblox ruslan kan usianya kan 11 tahun,negative
vk2Ynj24qNA,Terus aku upload konten nya gimana😭,terus aku upload konten nya gimana,negative
vk2Ynj24qNA,Akun yutube anak ku hilang. Padahal isinya video2 Salawat. Anakki jadi nangis kerena video salawat dan video klip yg dibuatnya hilang beserta akunnya😢😢😢😢,akun yutube anak ku hilang padahal isinya video2 salawat anakki jadi nangis kerena video salawat dan video klip yg dibuatnya hilang beserta akunnya,negative
vk2Ynj24qNA,Aaaaaaaah udah di Roblox g bisa chat tambah pusing anj 😡😡😡 aaaah aturan apa lagi coba sekarang makin parah,aaaaaaaah udah di roblox g bisa chat tambah pusing anj aaaah aturan apa lagi coba sekarang makin parah,negative
vk2Ynj24qNA,YouTube gw ada subcriber lol,youtube gw ada subcriber lol,negative
vk2Ynj24qNA,Youtube tik tok instagram facebook tidak larang jangan larang aja dong 😡,youtube tik tok instagram facebook tidak larang jangan larang aja dong,negative
vk2Ynj24qNA,Udh 5 tahun Akun roblox ku Buat tapi Malah di Nonaktif emang Asuuu,udh 5 tahun akun roblox ku buat tapi malah di nonaktif emang asuuu,negative
vk2Ynj24qNA,Kenapa roblox di ben roblox itu bisah melatih anak seperti gunung  dan broxheven itu biar anak bisah bermain kenapa judi malah gak bi ben,kenapa roblox di ben roblox itu bisah melatih anak seperti gunung dan broxheven itu biar anak bisah bermain kenapa judi malah gak bi ben,negative
vk2Ynj24qNA,Yaudah tinggal bikin akun baru aja yang umurnya lebih dari 16 tahun kita anak anai seperti aku praremaja aja udah tahu ya <br>Tapi semua masalah GK bisa diselesaiin dengan di nonaktifkan,yaudah tinggal bikin akun baru aja yang umurnya lebih dari 16 tahun kita anak anai seperti aku praremaja aja udah tahu ya tapi semua masalah gk bisa diselesaiin dengan di nonaktifkan,negative
vk2Ynj24qNA,pemerintah GK adil jahat,pemerintah gk adil jahat,negative
vk2Ynj24qNA,Aku gk setuju satu alesan  kita butuh media sosial untuk belajar dqn mendapatkan ilmu misal ada pr kerajinan kita bisa melihat tutorial agar lebih cepat dan mudah jadi tolong jangan seperti itu<br>Yang setuju sama pendapat aku sipa aja,aku gk setuju satu alesan kita butuh media sosial untuk belajar dqn mendapatkan ilmu misal ada pr kerajinan kita bisa melihat tutorial agar lebih cepat dan mudah jadi tolong jangan seperti ituyang setuju sama pendapat aku sipa aja,negative
vk2Ynj24qNA,Jangan woiiii gimana kami nonton 🤬🤬🤬🤬🤬,jangan woiiii gimana kami nonton,negative
vk2Ynj24qNA,Kok kementrian tegasih kalau gak ada bocil tiktok dan YouTube akan sepi terus semua YouTuber akan sepi YouTube ku sepi dong 😭😭😭😭😭😭😭😭😭😭😭😭😭😭,kok kementrian tegasih kalau gak ada bocil tiktok dan youtube akan sepi terus semua youtuber akan sepi youtube ku sepi dong,negative
vk2Ynj24qNA,Tau gitu ngapain beli HP ya😢😢,tau gitu ngapain beli hp ya,negative
vk2Ynj24qNA,Woi  jangan hapus Roblox sama YouTube kita gimana cari tutorial sama kesenengan,woi jangan hapus roblox sama youtube kita gimana cari tutorial sama kesenengan,negative
vk2Ynj24qNA,Lu gak jelas,lu gak jelas,negative
vk2Ynj24qNA,langkah terbaik?? menurut aku enggak karena aku hidup di lingkungan yang toxic jdi aku kek gimn gitu sama peraturan ini...,langkah terbaik menurut aku enggak karena aku hidup di lingkungan yang toxic jdi aku kek gimn gitu sama peraturan ini,negative
vk2Ynj24qNA,"Aplikasinya kalau udah di batasi,kasih aplikasi yang disaranin sesuai umur kayak di china,rusia  mereka memboikot tapi kasih aplikasi pengganti yang aman dan baik",aplikasinya kalau udah di batasikasih aplikasi yang disaranin sesuai umur kayak di chinarusia mereka memboikot tapi kasih aplikasi pengganti yang aman dan baik,negative
vk2Ynj24qNA,guys gimana kita demo aja istana presiden,guys gimana kita demo aja istana presiden,negative
vk2Ynj24qNA,Percuma gw nabung uang jajan gw buat nge beli TEB untuk nonton YouTube Instagram Facebook yg lainnya jga malah in jadiny mana bukan <b><del>HOAX</del></b> lagi ah sial klo begini gk usah nabung uang co😡🙁,percuma gw nabung uang jajan gw buat nge beli teb untuk nonton youtube instagram facebook yg lainnya jga malah in jadiny mana bukan hoax lagi ah sial klo begini gk usah nabung uang co,negative
vk2Ynj24qNA,Uuh dasar  pemerintah gak jelas 😡😡😡,uuh dasar pemerintah gak jelas,negative
vk2Ynj24qNA,Ko tega sih ak dah 4 tahun di youtube kalo g ada bocil² pasti youtube ku sepi terus  gimana aku dapetin uang aku coman ngandelin youtube 😢😢😢 😢😢😢😢,ko tega sih ak dah 4 tahun di youtube kalo g ada bocil pasti youtube ku sepi terus gimana aku dapetin uang aku coman ngandelin youtube,negative
vk2Ynj24qNA,Enggak usah ngurusin YouTube tiktok urusin aja tuh negara judol,enggak usah ngurusin youtube tiktok urusin aja tuh negara judol,negative
vk2Ynj24qNA,Iya kasihan bocil nyee,iya kasihan bocil nyee,negative
vk2Ynj24qNA,Klo gw bisa milih kek nya g bkl milih tinggal di indo,klo gw bisa milih kek nya g bkl milih tinggal di indo,negative
vk2Ynj24qNA,Tai,tai,negative
vk2Ynj24qNA,Kita kan punya h,negative
vk2Ynj24qNA,Kenapa sih marah marah teruss aku gak gerti woi tapi mama aku emang gak boleh nonton YouTube karena kan nanti ada adegan dewasa dan ini  roblox juga udah dilarang kan dan kamu tau arti ya pesti kamu tau arti roblox kan game bebas dan game online dan kenapa chat di roblox gak bisa karena cio roblox biar gak chat yang anek dan lagaran dan ini udah di resmi secepatnya tanggal 28 Maret 2026 kenpa sih kalian gak mau kan masih ada YouTube kids yang aman dan tidak ada adegan adegan dewasa dan yang anek anek      jadi itu aja untuk pengertian nya maaf kalo aku ada kesalahan ngomong  ya dan maaf lahir batin guisss assalamualaikum semua😊😊,kenapa sih marah marah teruss aku gak gerti woi tapi mama aku emang gak boleh nonton youtube karena kan nanti ada adegan dewasa dan ini roblox juga udah dilarang kan dan kamu tau arti ya pesti kamu tau arti roblox kan game bebas dan game online dan kenapa chat di roblox gak bisa karena cio roblox biar gak chat yang anek dan lagaran dan ini udah di resmi secepatnya tanggal 28 maret 2026 kenpa sih kalian gak mau kan masih ada youtube kids yang aman dan tidak ada adegan adegan dewasa dan yang anek anek jadi itu aja untuk pengertian nya maaf kalo aku ada kesalahan ngomong ya dan maaf lahir batin guisss assalamualaikum semua,positive
vk2Ynj24qNA,Hahaha kita yg di urusin<br>Mending urusin koruptor dulu sana,hahaha kita yg di urusinmending urusin koruptor dulu sana,neutral
vk2Ynj24qNA,ya okelah,ya okelah,positive
vk2Ynj24qNA,Konsepnya gimana dah harusnya yang di ban itu yang masih kecil yang umurnya itu belum ngerti apa-apa lah ini malah sampe 10 -15 tahun emang masih bocil gitu!?,konsepnya gimana dah harusnya yang di ban itu yang masih kecil yang umurnya itu belum ngerti apaapa lah ini malah sampe 10 15 tahun emang masih bocil gitu,negative
vk2Ynj24qNA,Uuu jangan ditutup nanti bosen gak yutuban uuuuuuuu,uuu jangan ditutup nanti bosen gak yutuban uuuuuuuu,negative
vk2Ynj24qNA,Yah... Udah susah susah dapet 200 subcribe akhirnya harus quit,yah udah susah susah dapet 200 subcribe akhirnya harus quit,negative
vk2Ynj24qNA,Saya mau belajar pianika dari mana?. Youtube diblokir,saya mau belajar pianika dari mana youtube diblokir,negative
vk2Ynj24qNA,"Good job! walaupun hasilnya seperti apa setidaknya negara hadir dalam hal ini. Oya selain medsos juga knalpot brong yg dipasang di motor yg mana banyak anak abg bahkan di bawah umur kebut kebutan dan mengganggu ketenangan dan hak masyarakat untuk dapat hidup nyaman di lingkungannya. Knalpot brong harus diberantas melalui kerjasama Menkeu, Mendag dan Kepolisian, toko toko spare part dan bengkel bengkel harus dikenakan sanksi dan denda yg jika dihitung lumayan utk pemasukan negara. Razia di rumah rumah kontrakan dan kost itu banyak motor knalpot brong di sana. Pasang mata mata memantau toko spare part dan bengkel yg memasang knalpot brong, lumayan hasilnya untuk pemasukan negara sekalian memberantas hal hal mudarat di masayarakat.",good job walaupun hasilnya seperti apa setidaknya negara hadir dalam hal ini oya selain medsos juga knalpot brong yg dipasang di motor yg mana banyak anak abg bahkan di bawah umur kebut kebutan dan mengganggu ketenangan dan hak masyarakat untuk dapat hidup nyaman di lingkungannya knalpot brong harus diberantas melalui kerjasama menkeu mendag dan kepolisian toko toko spare part dan bengkel bengkel harus dikenakan sanksi dan denda yg jika dihitung lumayan utk pemasukan negara razia di rumah rumah kontrakan dan kost itu banyak motor knalpot brong di sana pasang mata mata memantau toko spare part dan bengkel yg memasang knalpot brong lumayan hasilnya untuk pemasukan negara sekalian memberantas hal hal mudarat di masayarakat,positive
vk2Ynj24qNA,Hadehhg ada aja peraturan nya,hadehhg ada aja peraturan nya,negative
vk2Ynj24qNA,Pemerintah jahat jahat,pemerintah jahat jahat,negative
vk2Ynj24qNA,Judolsama judi online nggak diurusin sekali Tik tok YouTube semua aplikasi yang berisiko diurusin alumni pemerintah atau ngatur-ngatur nggak punya otak tai,judolsama judi online nggak diurusin sekali tik tok youtube semua aplikasi yang berisiko diurusin alumni pemerintah atau ngaturngatur nggak punya otak tai,negative
vk2Ynj24qNA,Seharusnya di bawah 12 tahun soalnya menurut ku anak 12 tahun udh bisa membedakan mana yang baik mana yang buruk,seharusnya di bawah 12 tahun soalnya menurut ku anak 12 tahun udh bisa membedakan mana yang baik mana yang buruk,negative
vk2Ynj24qNA,Klau saya jdi presiden mechat skian dblokir sih ..,klau saya jdi presiden mechat skian dblokir sih,positive
vk2Ynj24qNA,Roblox dilarang judi gak di urusan 😹😹,roblox dilarang judi gak di urusan,neutral
vk2Ynj24qNA,"Pemerintah agak lain, malah medsos sama game roblox pulak dinonaktifkan, kita ini gak mau kayak korea utara.....",pemerintah agak lain malah medsos sama game roblox pulak dinonaktifkan kita ini gak mau kayak korea utara,negative
vk2Ynj24qNA,Sok sok jadi pemerintah sampe bisa ngatur medsos🙄 tapi koruptor atau dpr kgk di hukum mati🖕kgk adil ini cokk🙄,sok sok jadi pemerintah sampe bisa ngatur medsos tapi koruptor atau dpr kgk di hukum matikgk adil ini cokk,negative
vk2Ynj24qNA,"lah kocak, guna gw ngembangin akun medsos gw buat ngesahilin uang buat apa anj",lah kocak guna gw ngembangin akun medsos gw buat ngesahilin uang buat apa anj,negative
vk2Ynj24qNA,terus bocil bocil yg biasa Belajar lewat YouTube gimana?,terus bocil bocil yg biasa belajar lewat youtube gimana,negative
vk2Ynj24qNA,Minimal pikir lah masa kami kerja keras mencapai tujuan itu gk mudah woy pikir lh jgn cuma ngomong doang,minimal pikir lah masa kami kerja keras mencapai tujuan itu gk mudah woy pikir lh jgn cuma ngomong doang,negative
vk2Ynj24qNA,"Kok tega sih?, tanpa bocil bocil YouTube ku pasti sepi.. ;(",kok tega sih tanpa bocil bocil youtube ku pasti sepi,negative
vk2Ynj24qNA,Umur 10-16 tahun perlu hak dan jika mereka ketinggalan akan di katain lahir zaman batu kamu dan saya merasa ketinggalan zaman biasa nya akan di ejek dan tidak?,umur 1016 tahun perlu hak dan jika mereka ketinggalan akan di katain lahir zaman batu kamu dan saya merasa ketinggalan zaman biasa nya akan di ejek dan tidak,negative
vk2Ynj24qNA,Gak gitu juga kasihan buat yg nabung beli hp mereka pake duit itu pun mereka mati Matian buat beli ini pun malah Batasin coba kalo anak 13 tahun nonton YouTube kids gak lucu kan <br>Pemerintah enak tinggal baut <br>Peraturan ajah giliran judol slot penipuan gak di urusin <br>Ini yg baut negara Kita GK maju maju pemerintah nya gini😂😂,gak gitu juga kasihan buat yg nabung beli hp mereka pake duit itu pun mereka mati matian buat beli ini pun malah batasin coba kalo anak 13 tahun nonton youtube kids gak lucu kan pemerintah enak tinggal baut peraturan ajah giliran judol slot penipuan gak di urusin ini yg baut negara kita gk maju maju pemerintah nya gini,negative
vk2Ynj24qNA,Judol belum diurusin jirr,judol belum diurusin jirr,neutral
iLERE4VmtZc,Bu ujian nya pakai intragam dan daftar sekolah juga,bu ujian nya pakai intragam dan daftar sekolah juga,negative
iLERE4VmtZc,Jangan 16 tahun Mestinya di larang dibawah 25 tahun biar fokus pendidikan,jangan 16 tahun mestinya di larang dibawah 25 tahun biar fokus pendidikan,negative
iLERE4VmtZc,"Bagus, sangat setuju. Sekalian saja tolong diperhatikan konten konten yang tidak mendidik.",bagus sangat setuju sekalian saja tolong diperhatikan konten konten yang tidak mendidik,positive
iLERE4VmtZc,Yang gak setuju kumpul pengen nonton YouTube dan ngonten lagi,yang gak setuju kumpul pengen nonton youtube dan ngonten lagi,negative
iLERE4VmtZc,"Alhamdulillah ,. Saya sebagai orang tua sangat setuju ❤🤗",alhamdulillah saya sebagai orang tua sangat setuju,positive
iLERE4VmtZc,"Pemerintah lol,",pemerintah lol,negative
iLERE4VmtZc,Gak setuju 😡😡😡,gak setuju,negative
iLERE4VmtZc,"Btw, kenapa pemerintah mengatur anak yang dibawah usia 16 tahun dibatasi tetapi meminta izin kepada orang tuanya di Roblox saja? Padahal sama kyk pengaturan chat Roblox oleh si pak David Bazuki. Kalau akunnya dibawah usia 16 tahun dinonaktifkan malah jad bosan kyk penduduk di negara Rusia itu, Roblox dibanned oleh pak pemerintah di Rusia, saya tidak setuju kebijakan tersebut, ada yang anak dibawah usia 16 tahun membuat postingan dimedsos untuk memproteskan pemerintah. Saya adalah penggemar lift, tetapi saya filing liftnya di Roblox",btw kenapa pemerintah mengatur anak yang dibawah usia 16 tahun dibatasi tetapi meminta izin kepada orang tuanya di roblox saja padahal sama kyk pengaturan chat roblox oleh si pak david bazuki kalau akunnya dibawah usia 16 tahun dinonaktifkan malah jad bosan kyk penduduk di negara rusia itu roblox dibanned oleh pak pemerintah di rusia saya tidak setuju kebijakan tersebut ada yang anak dibawah usia 16 tahun membuat postingan dimedsos untuk memproteskan pemerintah saya adalah penggemar lift tetapi saya filing liftnya di roblox,negative
iLERE4VmtZc,Demo harus demooo,demo harus demooo,negative
iLERE4VmtZc,GK setuju,gk setuju,negative
iLERE4VmtZc,GA SETUJU...,ga setuju,negative
iLERE4VmtZc,saya walaupun umur 12thn tapi saya dukung ini,saya walaupun umur 12thn tapi saya dukung ini,positive
iLERE4VmtZc,Terlambat,terlambat,negative
iLERE4VmtZc,Saya mendukung tapii kalo anak ingin menonton kartun di mana ya maaf hanya tanya🙏🙏,saya mendukung tapii kalo anak ingin menonton kartun di mana ya maaf hanya tanya,positive
iLERE4VmtZc,Gj bet dah nnti saya klo mau bikin konten gk rame dg donggo,gj bet dah nnti saya klo mau bikin konten gk rame dg donggo,negative
iLERE4VmtZc,"Nggak seru banget, kalau sosmed dibatasi artinya gw nggak bisa ngapa ngapain, tapi semua orang termasuk bocah sedih, nangis, dan kecewa, nggak setuju!, kalau menurut gua itu berita buruk, tapi kalau videonya gua pindahin ke Bstation, biar jaga jaga, aman, dan baik baik saja, pas aku coba tes video, musik, game, dll itu semuanya aman nggak ada masalah!",nggak seru banget kalau sosmed dibatasi artinya gw nggak bisa ngapa ngapain tapi semua orang termasuk bocah sedih nangis dan kecewa nggak setuju kalau menurut gua itu berita buruk tapi kalau videonya gua pindahin ke bstation biar jaga jaga aman dan baik baik saja pas aku coba tes video musik game dll itu semuanya aman nggak ada masalah,negative
iLERE4VmtZc,Anjing gua udah dolnotd roblox😡😡😡,anjing gua udah dolnotd roblox,negative
iLERE4VmtZc,Gak usah di bawah 16 tahun aja mending 7 tahun aja udah harus bisa anj,gak usah di bawah 16 tahun aja mending 7 tahun aja udah harus bisa anj,negative
iLERE4VmtZc,Saya tidak setuju dengan pemerintah karena masak iya judol tidak diblokir ini bukan langkah terbaik ingat SAYA TIDAK SETUJU DENGAN PEMERINTAH,saya tidak setuju dengan pemerintah karena masak iya judol tidak diblokir ini bukan langkah terbaik ingat saya tidak setuju dengan pemerintah,negative
iLERE4VmtZc,Saya gk setuju bbi monyed lu cewek ini!,saya gk setuju bbi monyed lu cewek ini,negative
iLERE4VmtZc,Berati gue dong umur 16 tahun 😢,berati gue dong umur 16 tahun,neutral
iLERE4VmtZc,Bocil² pada gak terima semua woilah🥀🥀🥀🥀,bocil pada gak terima semua woilah,neutral
iLERE4VmtZc,Gw gak setuju karna bnyak yg kesel,gw gak setuju karna bnyak yg kesel,negative
iLERE4VmtZc,Terus gunanya apk control orang tua apa?,terus gunanya apk control orang tua apa,negative
iLERE4VmtZc,Sangat mendukung. Gas kan !,sangat mendukung gas kan,positive
iLERE4VmtZc,Trus gimana yang anak nya tinggal sendiri dia kan butuh hiburan kalau tidak ada hiburan dia pasti bisa stress apalagi kalau dia itu sukanya menyendiri😢😢,trus gimana yang anak nya tinggal sendiri dia kan butuh hiburan kalau tidak ada hiburan dia pasti bisa stress apalagi kalau dia itu sukanya menyendiri,negative
iLERE4VmtZc,Alhamdulillah peraturan yang paling keren bagi ortu di NKRI semoga terlaksana dengan lancar dan sukses 👍,alhamdulillah peraturan yang paling keren bagi ortu di nkri semoga terlaksana dengan lancar dan sukses,positive
iLERE4VmtZc,Sekalian akun judol ny,sekalian akun judol ny,positive
iLERE4VmtZc,Setuju buk,setuju buk,positive
iLERE4VmtZc,Anak2 ga sebodoh itu memasukan usia aslinya saat buat akun😅,anak2 ga sebodoh itu memasukan usia aslinya saat buat akun,neutral
iLERE4VmtZc,Dari dulu pemerintah kemana aja,dari dulu pemerintah kemana aja,neutral
iLERE4VmtZc,Saya setuju juga Tapi Saya ini Sudah beruia 16 tahun Saya sudah SMK,saya setuju juga tapi saya ini sudah beruia 16 tahun saya sudah smk,positive
iLERE4VmtZc,Ini buat ibu-ibu ya judi online aja di kagak ditanggepin Bu ini cuman kami belajar lewat HP judi online masih banyak sampai sekarang sekarang judi online bisa di-download lewat Play store,ini buat ibuibu ya judi online aja di kagak ditanggepin bu ini cuman kami belajar lewat hp judi online masih banyak sampai sekarang sekarang judi online bisa didownload lewat play store,negative
iLERE4VmtZc,Masa hoax si saya lebih setuju kalo itu benar² dijalankan,masa hoax si saya lebih setuju kalo itu benar dijalankan,positive
iLERE4VmtZc,tidak setuju,tidak setuju,negative
iLERE4VmtZc,Gk setujuuuuu,gk setujuuuuu,negative
iLERE4VmtZc,YouTube jahatlah saya belajarnya di situ😢😢,youtube jahatlah saya belajarnya di situ,negative
iLERE4VmtZc,Tidak setuju semua orang punya hak untuk bermain medsos sok ngatur kalo mau semua umur aja ga boleh bermain medsos  emang pemerintah mau ganti semua game gua yang udah gua top up kalo gabisa ya Jagan ya rugi si kita juga,tidak setuju semua orang punya hak untuk bermain medsos sok ngatur kalo mau semua umur aja ga boleh bermain medsos emang pemerintah mau ganti semua game gua yang udah gua top up kalo gabisa ya jagan ya rugi si kita juga,negative
iLERE4VmtZc,jangan YouTube lah,jangan youtube lah,negative
iLERE4VmtZc,"😂saya pikir gakan jalan bu saya yakin gakan jalan,,,,kalau ibu melaran anak memegan hp saya baru percaya pasti anak anak kan bebas dari medsos,tapi kalau ibu hanya melarang untuk batasan usia di medsos,karna sistem bisa mereka akalin bu😂<br><br>Sebagai contoh nyata,gagra covid anak anak wajib punya hp untuk blajar,sampe sekarang covid nyah dah musnah kadang di sekolahan ttp blajar online,,,,gimanatuh",saya pikir gakan jalan bu saya yakin gakan jalankalau ibu melaran anak memegan hp saya baru percaya pasti anak anak kan bebas dari medsostapi kalau ibu hanya melarang untuk batasan usia di medsoskarna sistem bisa mereka akalin busebagai contoh nyatagagra covid anak anak wajib punya hp untuk blajarsampe sekarang covid nyah dah musnah kadang di sekolahan ttp blajar onlinegimanatuh,negative
iLERE4VmtZc,setuju gimanaaa ....sekarang itu pelajaran sekolah aja on line lewat hp ... terus gimana ...,setuju gimanaaa sekarang itu pelajaran sekolah aja on line lewat hp terus gimana,negative
iLERE4VmtZc,Woi jangan la di blokir la aku plliissss,woi jangan la di blokir la aku plliissss,negative
iLERE4VmtZc,"Padahal harusnya jangan diblokir sosmednya, seharusnya hapus dan blokir aja hal buruknya!!!!! Sangat baik? memang agak benar, dibatasi? Ini bukan dibatasi! Tapi di hapus.",padahal harusnya jangan diblokir sosmednya seharusnya hapus dan blokir aja hal buruknya sangat baik memang agak benar dibatasi ini bukan dibatasi tapi di hapus,negative
iLERE4VmtZc,"Padahal tidak semua anak-anak itu hanya main hp (bermain game juga), tapi belajar lewat hp nya juga<br><br>Jika tidak memegang hp pasti tetap belajar<br><br>Bahkan walaupun anak yang hanya bisa bermain hp pun dan tidak belajar bisa belajar juga lewat game edukasi juga/bisa belajar pesan moral dari game",padahal tidak semua anakanak itu hanya main hp bermain game juga tapi belajar lewat hp nya jugajika tidak memegang hp pasti tetap belajarbahkan walaupun anak yang hanya bisa bermain hp pun dan tidak belajar bisa belajar juga lewat game edukasi jugabisa belajar pesan moral dari game,negative
iLERE4VmtZc,kita harus demo🎉,kita harus demo,negative
iLERE4VmtZc,GAKMAU SETUJU!!!!!!!!!!!!!!,gakmau setuju,negative
iLERE4VmtZc,EMG Sih Bermanfaat tapi kenapa cuma untuk  itu GK judol/judi online yah EMG itu penting tapi jangan YouTube ya YouTube itu banyak bocil kesusahan Ngeyoutube susah payahnya byangkan cuma modal konten kosong dan konten gambar cuma cuma percuma urusin judol tolong urusin judol dari kemarin judol belum waras wars tolong pemerintah pleasee,emg sih bermanfaat tapi kenapa cuma untuk itu gk judoljudi online yah emg itu penting tapi jangan youtube ya youtube itu banyak bocil kesusahan ngeyoutube susah payahnya byangkan cuma modal konten kosong dan konten gambar cuma cuma percuma urusin judol tolong urusin judol dari kemarin judol belum waras wars tolong pemerintah pleasee,positive
iLERE4VmtZc,"WHAT ibu ibuk ndk tau Roblox itu kek mna main hpus hpus aj,sy dh habisin duit untuk robux dn it sia sia???? WHAYY",what ibu ibuk ndk tau roblox itu kek mna main hpus hpus ajsy dh habisin duit untuk robux dn it sia sia whayy,negative
iLERE4VmtZc,Sangat.setuju.bosssss..,sangatsetujubosssss,positive
iLERE4VmtZc,bagus.... media sosial bikin masa depan generasi kita suram.............,bagus media sosial bikin masa depan generasi kita suram,positive
iLERE4VmtZc,Terus gimana satu satu nya temen aku di YouTube doang selama ini aku sudah hidup selalu di buli sama semua orang dan gak di percaya semua orang aku mampir bundir gara gara Ita tapi satu satu nya temen aku ada di YouTube gimana ini aku gak mahu sendirian lagi 😭😭,terus gimana satu satu nya temen aku di youtube doang selama ini aku sudah hidup selalu di buli sama semua orang dan gak di percaya semua orang aku mampir bundir gara gara ita tapi satu satu nya temen aku ada di youtube gimana ini aku gak mahu sendirian lagi,negative
iLERE4VmtZc,Giliran judol gak di nonaftikan 😂😂,giliran judol gak di nonaftikan,neutral
iLERE4VmtZc,Bgusss pk langsung praktekan....kasih anak ilmu sain..kimia mate fisika biar pnter,bgusss pk langsung praktekankasih anak ilmu sainkimia mate fisika biar pnter,positive
iLERE4VmtZc,Klo bisa game online epep mlh aov PUBG dan roblok di hapus skalian bikin toxic ga punya adab,klo bisa game online epep mlh aov pubg dan roblok di hapus skalian bikin toxic ga punya adab,positive
iLERE4VmtZc,Yg harus dibenerin situs luarnya blokir aja google youtube dll klo g tegas,yg harus dibenerin situs luarnya blokir aja google youtube dll klo g tegas,positive
iLERE4VmtZc,Menutup akses medsos bukat anak2 baik akar mslhny anak2 ini tdk dididik mlhn pembiaran jk terdidik tdkseberapa parah anak2 selagi fihak sekolah tdk mendidik tindakan tdk akan berhasil,menutup akses medsos bukat anak2 baik akar mslhny anak2 ini tdk dididik mlhn pembiaran jk terdidik tdkseberapa parah anak2 selagi fihak sekolah tdk mendidik tindakan tdk akan berhasil,negative
iLERE4VmtZc,Tambahkan Game online Ibu Menteri biar mereka kejang².. itu tipu menipu menjadi satu ibu. Konten porno ada konten judol ada edit foto atas ada semua ada di dalamnya. Mau naik rank harus Mabar dengan live streamer. Harus bayar harus top up diamond . Udah masuk jebakan mereka Ibu. Please Ibu menteri tambahkan game online. Terimakasih Ibu,tambahkan game online ibu menteri biar mereka kejang itu tipu menipu menjadi satu ibu konten porno ada konten judol ada edit foto atas ada semua ada di dalamnya mau naik rank harus mabar dengan live streamer harus bayar harus top up diamond udah masuk jebakan mereka ibu please ibu menteri tambahkan game online terimakasih ibu,positive
iLERE4VmtZc,Kami rakyat menunggu aksi nyata Ibu menteri dalam pemberantasan dan pelanggaran Hukum game online. Terimakasih,kami rakyat menunggu aksi nyata ibu menteri dalam pemberantasan dan pelanggaran hukum game online terimakasih,positive
iLERE4VmtZc,"Supaya ibu menteri tau, konten porno, konten judi dan segala macam sudah masuk di game online dan yg live streamer pun seperti Bisu Ibu.. klo ibu mau jaga anak² penerus bangsa ya ijin saran Bu, tutup semua game online ibu atau di ambil alih servernya oleh pemerintah biar benar2 di kontrol. Ngeri pengaruhnya Bu",supaya ibu menteri tau konten porno konten judi dan segala macam sudah masuk di game online dan yg live streamer pun seperti bisu ibu klo ibu mau jaga anak penerus bangsa ya ijin saran bu tutup semua game online ibu atau di ambil alih servernya oleh pemerintah biar benar2 di kontrol ngeri pengaruhnya bu,positive
iLERE4VmtZc,Saya mah oke oke saja tapi mungkin beberapa youtuber roleplay akan jadi tidak laku dan beberapa game akan bangkrut,saya mah oke oke saja tapi mungkin beberapa youtuber roleplay akan jadi tidak laku dan beberapa game akan bangkrut,neutral
iLERE4VmtZc,Alhamdulillah . Jgn sampai generasi anak umur 16 THN main game Mulu . Tawuran dll . Semoga terlaksana . Amiiin,alhamdulillah jgn sampai generasi anak umur 16 thn main game mulu tawuran dll semoga terlaksana amiiin,positive
iLERE4VmtZc,Game online nya juga minta tolong dibatasi,game online nya juga minta tolong dibatasi,positive
iLERE4VmtZc,sebelum terlambat...,sebelum terlambat,positive
iLERE4VmtZc,Cerdas Sangat Setujuh,cerdas sangat setujuh,positive
iLERE4VmtZc,"Saya sangat setuju dengan aturan ini bagi anak dibawah 16 tahun dilarang main sosmed<br><br>Jika ada anak yang ketahuan main sosmed, Komdigi wajib langsung blokir tanpa menunggu laporan",saya sangat setuju dengan aturan ini bagi anak dibawah 16 tahun dilarang main sosmedjika ada anak yang ketahuan main sosmed komdigi wajib langsung blokir tanpa menunggu laporan,positive
iLERE4VmtZc,Segerakan<br>Jangan omon omon lg,segerakanjangan omon omon lg,positive
iLERE4VmtZc,Eh kita kan hp ini beli bukan ngerongsok sembarangan,eh kita kan hp ini beli bukan ngerongsok sembarangan,negative
19eKDDkJt6w,Kamu jahat banget sih 🤬,kamu jahat banget sih,negative
19eKDDkJt6w,lu blokir gw buat akun wkkwkwk Gampang lu blokir berapa kali gw tetap main,lu blokir gw buat akun wkkwkwk gampang lu blokir berapa kali gw tetap main,neutral
19eKDDkJt6w,Dasar pemerintah Dajjal ngapain Hapus Roblox 🤬🖕,dasar pemerintah dajjal ngapain hapus roblox,negative
19eKDDkJt6w,Udah la mending jangan di ban aah👎👎👎👎👎,udah la mending jangan di ban aah,negative
19eKDDkJt6w,"Gimana anak anak nonton nissa sabyan, alma esbeye, sholawat, ibra berkisah, entong emang anak anak gak boleh hah",gimana anak anak nonton nissa sabyan alma esbeye sholawat ibra berkisah entong emang anak anak gak boleh hah,negative
19eKDDkJt6w,pliss jangan di blokir roblox 😭😭😭😭,pliss jangan di blokir roblox,negative
19eKDDkJt6w,alah komdigi taik gimn tuh dengan igrs nya masa game dewasa di kasih umur untuk 3 tahun kocag bet ini mh bukan indonesia emas tpi indonesia cemas😂,alah komdigi taik gimn tuh dengan igrs nya masa game dewasa di kasih umur untuk 3 tahun kocag bet ini mh bukan indonesia emas tpi indonesia cemas,negative
19eKDDkJt6w,Jangan dihapus roblox😭😭😭😭😭😭😭😭😭😭😭😭😭😭😭😭,jangan dihapus roblox,negative
19eKDDkJt6w,Jangan dihapus roblox,jangan dihapus roblox,negative
19eKDDkJt6w,Gak jelas bener pengusaha kecil doang diperbesar harus sepele diperbesar juga nggak usah dilarang lah sama main ini kok daripada aku gak boleh main ditambah lagi ku kau,gak jelas bener pengusaha kecil doang diperbesar harus sepele diperbesar juga nggak usah dilarang lah sama main ini kok daripada aku gak boleh main ditambah lagi ku kau,negative
19eKDDkJt6w,aku harus balas dendam ke pemerintah sok ngatur aku marah besarrrr,aku harus balas dendam ke pemerintah sok ngatur aku marah besarrrr,negative
19eKDDkJt6w,Woy ayok demo berotak roblox youtube jang diban ayok demo😡😡😡😡😡😡😡😡😡😡😡😡😡,woy ayok demo berotak roblox youtube jang diban ayok demo,negative
19eKDDkJt6w,Pemerintah THOLOL,pemerintah tholol,negative
19eKDDkJt6w,"Lu punya otak gua dah main hampir 6 tahun lu baru ngebban Roblox se karang. Judok, dulu korupsi tuh, berbahaya apa dulu Roblox game bocil sekarang aja bocil gabisa main. Membantu apa ff , ml game lain ga gara-gara Roblox rame baru gua udah bermain 6 tahun usah top up lah main seneng dan pemerintah blokir otaknya mana di kaki ha",lu punya otak gua dah main hampir 6 tahun lu baru ngebban roblox se karang judok dulu korupsi tuh berbahaya apa dulu roblox game bocil sekarang aja bocil gabisa main membantu apa ff ml game lain ga garagara roblox rame baru gua udah bermain 6 tahun usah top up lah main seneng dan pemerintah blokir otaknya mana di kaki ha,negative
19eKDDkJt6w,Yang bener bu bu bu ah koruptor dibiarin gajelas,yang bener bu bu bu ah koruptor dibiarin gajelas,neutral
19eKDDkJt6w,Emang babi harusnya ma gini misalnya orang tua harus ngajarin cara makan ikan yg mana yg ada duri atau tidak terus harusnya pemerintah di upgrade lagi dong kayak lafe dietas emang pemerintah goblok tapi korupsi gk di berhenti in,emang babi harusnya ma gini misalnya orang tua harus ngajarin cara makan ikan yg mana yg ada duri atau tidak terus harusnya pemerintah di upgrade lagi dong kayak lafe dietas emang pemerintah goblok tapi korupsi gk di berhenti in,negative
19eKDDkJt6w,Diem Luh sok tau,diem luh sok tau,negative
19eKDDkJt6w,Kalo sosmed di di hapus kita main judi aja🧢🧢<br><br>Kan gak judi gak di hapus,kalo sosmed di di hapus kita main judi ajakan gak judi gak di hapus,negative
19eKDDkJt6w,Betul itu sok jago blokir Roblox YOU TUBE DASAR PEMERINTAH GA TAU DIRI,betul itu sok jago blokir roblox you tube dasar pemerintah ga tau diri,negative
19eKDDkJt6w,Plis jangan ini hoax kan 😭😭😭,plis jangan ini hoax kan,negative
19eKDDkJt6w,Dasar cuman bikin peraturan peraturannya tuh Bikin orang marah aja kalau aja nggak ada peraturan,dasar cuman bikin peraturan peraturannya tuh bikin orang marah aja kalau aja nggak ada peraturan,negative
19eKDDkJt6w,HP HP gua kok lu yang ngatur emng yang beli HP bapak mu ta sk penak mu dewe sesok sabtu yaallah dunia iki ra adel 😢😢😢😢😢,hp hp gua kok lu yang ngatur emng yang beli hp bapak mu ta sk penak mu dewe sesok sabtu yaallah dunia iki ra adel,negative
19eKDDkJt6w,Setuju kalo pemerintah itu jahat<br>👇<br>👇<br>👇<br>👇,setuju kalo pemerintah itu jahat,negative
19eKDDkJt6w,"Eh pemerintah tolol, lu nggak ngurusin korupsi atau penjudi gak? Lu itu tolol banget kaya anak-anak, masa roblox mau dinonaktifkan mikir dulu kids😡😡😡😡😡",eh pemerintah tolol lu nggak ngurusin korupsi atau penjudi gak lu itu tolol banget kaya anakanak masa roblox mau dinonaktifkan mikir dulu kids,negative
19eKDDkJt6w,Gas demo 🔥🔥🔥🔥🔥🔥,gas demo,negative
19eKDDkJt6w,Ayo demo pemerinta agar semua tidak diblokir😡😡😡😡😡😡,ayo demo pemerinta agar semua tidak diblokir,negative
19eKDDkJt6w,GW YG MAU JADI YOUTUBERS BELUM TERWUJUD KAN😭💔<br>Tidak mendukung Cita-cita Kita ini mah💔,gw yg mau jadi youtubers belum terwujud kantidak mendukung citacita kita ini mah,negative
19eKDDkJt6w,"PEMERINTAH PLEASE DI BAWAH 6 TAHUN AJA, INI HP KITA UNTUK BELAJAR JUGA BUKAN CUMA UNTUK SOSMED",pemerintah please di bawah 6 tahun aja ini hp kita untuk belajar juga bukan cuma untuk sosmed,negative
19eKDDkJt6w,Kenapa sih cuma Roblox gak game lain benci kah karena sukses game Roblox hah,kenapa sih cuma roblox gak game lain benci kah karena sukses game roblox hah,negative
19eKDDkJt6w,Jangan di blokir😭😡,jangan di blokir,negative
19eKDDkJt6w,judol kapan di atasi 😢,judol kapan di atasi,neutral
19eKDDkJt6w,GAK SETUJU MASA GAME JUDI DAN KORUP TIDAK DI NONAKTIFKAN ITU NAMA NYA BUKAN BUAT PERLINDUNGAN ANAK TAPI PENGSTREESAN ANAK NANTI KALO ANAK ANAK GAK MAIN NANTI KALO MALAH MAIN GAME JUDI NAH KAN GAK LUCU MENDING LU HAPUS GAME JUDI JUDI LEBIH BERBAHAYA,gak setuju masa game judi dan korup tidak di nonaktifkan itu nama nya bukan buat perlindungan anak tapi pengstreesan anak nanti kalo anak anak gak main nanti kalo malah main game judi nah kan gak lucu mending lu hapus game judi judi lebih berbahaya,negative
19eKDDkJt6w,Jelek Ah Aturan Itu Ah,jelek ah aturan itu ah,negative
19eKDDkJt6w,kenapaya kombigi mengusik kesenangan kita padahal kita cuma main-main dan main itu doang kita bisa stress kalau dibatasi terus tidak bisa main lagi kalau bisa main lagi ya tidak apa-apa soalnya umurku baru 12 tahun,kenapaya kombigi mengusik kesenangan kita padahal kita cuma mainmain dan main itu doang kita bisa stress kalau dibatasi terus tidak bisa main lagi kalau bisa main lagi ya tidak apaapa soalnya umurku baru 12 tahun,negative
19eKDDkJt6w,Game wildcraft animal SIM online gak di blokir??,game wildcraft animal sim online gak di blokir,neutral
19eKDDkJt6w,"apalah memang ada baiknya, membatasi individualisme, tapi potensi bullying itu makin tinggi wak",apalah memang ada baiknya membatasi individualisme tapi potensi bullying itu makin tinggi wak,negative
19eKDDkJt6w,"Seharusnya gini <br>Kan anak kita lagi belajar makan ikan dan di ikan itu ada durinya,kita buang durinya bukan nyuruh jangan makan ikannya dan seharusnya gitu😤",seharusnya gini kan anak kita lagi belajar makan ikan dan di ikan itu ada durinyakita buang durinya bukan nyuruh jangan makan ikannya dan seharusnya gitu,negative
19eKDDkJt6w,Ayo semua demo robot gak boleh dihapus!!!!!🤬🤬🤬,ayo semua demo robot gak boleh dihapus,negative
19eKDDkJt6w,Ayo kita semua demo!!!🤬🤬🤬,ayo kita semua demo,negative
19eKDDkJt6w,"Yg komen korup diurusin, itu urusan KPK ya dek",yg komen korup diurusin itu urusan kpk ya dek,neutral
19eKDDkJt6w,Youtube kids era coming in 2045 fr🥀,youtube kids era coming in 2045 fr,neutral
19eKDDkJt6w,Coba deh Jepang bisa sukses karna program game lohh,coba deh jepang bisa sukses karna program game lohh,negative
19eKDDkJt6w,Menurut kami semua ide kalian itu BODOH kalian GK sadar ap! Indonesia ini udh GK baik-baik saja,menurut kami semua ide kalian itu bodoh kalian gk sadar ap indonesia ini udh gk baikbaik saja,negative
19eKDDkJt6w,pemerintah h4r4m ini mah lah game lain free fire yang mengajari cara membunuh orang tidak diberi pembatasan usia aku benci pemerintah,pemerintah h4r4m ini mah lah game lain free fire yang mengajari cara membunuh orang tidak diberi pembatasan usia aku benci pemerintah,negative
19eKDDkJt6w,ye elah gimana sih awas aja lu blokir robolx Mulu etdah coy,ye elah gimana sih awas aja lu blokir robolx mulu etdah coy,negative
19eKDDkJt6w,"Heh komdigi, yang lu blokir itu konten negatif bodoh, bukan se aplikasi nya",heh komdigi yang lu blokir itu konten negatif bodoh bukan se aplikasi nya,negative
19eKDDkJt6w,AYO DEMO AJA KUMPUL DI SINI <br>SOK² BLOKIR AYO KITA BERONTAK BIAR ROBLOX DAN YOUTUBE DAN FACEBOOK JANGAN DI BAN AYO DEMO SAJA<br>👇<br>👇,ayo demo aja kumpul di sini sok blokir ayo kita berontak biar roblox dan youtube dan facebook jangan di ban ayo demo saja,negative
V_mvjaonG-w,Ini baru bener bahaya buat anak,ini baru bener bahaya buat anak,positive
V_mvjaonG-w,Untung Gw Dibantu Bikin Akun Oleh Om Gw😂,untung gw dibantu bikin akun oleh om gw,neutral
V_mvjaonG-w,"Sangat setuju , Karena merusak  mata dan kerusakan moral anak  bangsa kita . Trmksh kalau berita ini benar adanya .",sangat setuju karena merusak mata dan kerusakan moral anak bangsa kita trmksh kalau berita ini benar adanya,positive
V_mvjaonG-w,Hp di batasi masa koruptor di biarin😂 dan situs judol masa GK di hapus,hp di batasi masa koruptor di biarin dan situs judol masa gk di hapus,neutral
V_mvjaonG-w,"Kurang setuju, gimana bagi anak tertentu yang jadi content creator dmei nafkahi keluarga dan banting tulang bertahun tahun dan dapet banyak subscriber dan ada ginian, sia2 usahanya mereka, ini gak adil kebijakannya, gaj ngerti sape yang untuk kekeluargaan",kurang setuju gimana bagi anak tertentu yang jadi content creator dmei nafkahi keluarga dan banting tulang bertahun tahun dan dapet banyak subscriber dan ada ginian sia2 usahanya mereka ini gak adil kebijakannya gaj ngerti sape yang untuk kekeluargaan,negative
V_mvjaonG-w,100% SANGAT SETUJU BNGT.,100 sangat setuju bngt,positive
V_mvjaonG-w,Nice,nice,positive
V_mvjaonG-w,Dah telattt,dah telattt,negative
V_mvjaonG-w,Oke 👍,oke,positive
V_mvjaonG-w,😭😭😭😭😭😭😭😭😭😭😭😭😭😭 iya sih demi keselamatan tapi nanti aku nonton apa 😢😢😢,iya sih demi keselamatan tapi nanti aku nonton apa,neutral
V_mvjaonG-w,Yg penting jangan sampe kyk inggris. Mesti pake vertivikasi muka tiap kali masuk akun,yg penting jangan sampe kyk inggris mesti pake vertivikasi muka tiap kali masuk akun,positive
V_mvjaonG-w,"Kalau pakai KTP dan verifikasi wajah gw rasa celanya kecil, tapi mirip mirip  pinjol ya 😂😂😂😂😂",kalau pakai ktp dan verifikasi wajah gw rasa celanya kecil tapi mirip mirip pinjol ya,positive
V_mvjaonG-w,Peak2 Gak akan berpegaruh 2026 ini boss.klau mau bikin kebijakan kemaren2. bokep itu gampang di akses.biar gak ada cerita psikologis blok habis tiktok mau apa lah itu yg masuk ke indonesia baru ngaruh.buat sesuatu itu harus ada dampak nyata bukan asal buat,peak2 gak akan berpegaruh 2026 ini bossklau mau bikin kebijakan kemaren2 bokep itu gampang di aksesbiar gak ada cerita psikologis blok habis tiktok mau apa lah itu yg masuk ke indonesia baru ngaruhbuat sesuatu itu harus ada dampak nyata bukan asal buat,negative
V_mvjaonG-w,Sangat setuju...!!!👍🏻👍🏻👍🏻👍🏻,sangat setuju,positive
V_mvjaonG-w,Huhuhuhuhu kalo di blokir gw gak bisa mabarrrrrr sama temen akuuuuuuu😭😭,huhuhuhuhu kalo di blokir gw gak bisa mabarrrrrr sama temen akuuuuuuu,negative
V_mvjaonG-w,Sangat setuju.<br>Knapa baru sekarang ?<br>Sudh bnyak racun psikhologi negatif yg berdampk nyata.,sangat setujuknapa baru sekarang sudh bnyak racun psikhologi negatif yg berdampk nyata,positive
V_mvjaonG-w,Secepatnya...16 tahun kebawah stop akun media sosial..&quot;,secepatnya16 tahun kebawah stop akun media sosial,positive
V_mvjaonG-w,Agak terlambat,agak terlambat,positive
V_mvjaonG-w,👍.. keren,keren,positive
V_mvjaonG-w,Gmn dengan anak2 yg punya chanel youtube smpe jutaan sub apakah di blokir juga <br>Kocaaaakk😂😂,gmn dengan anak2 yg punya chanel youtube smpe jutaan sub apakah di blokir juga kocaaaakk,neutral
V_mvjaonG-w,Bagus itu terus di laksanakan <br>Karna efek medsos yg sangat bahaya,bagus itu terus di laksanakan karna efek medsos yg sangat bahaya,positive
V_mvjaonG-w,"Anak jangan diberikan hp kalo belum waktunya . <br>Takutnya entr pas gedenya maunya hp hp dan hp trs, kalo rusak dan tidak ada kuota ngotot marah&quot;, mending Anda kasih tau jg sama pihak Televisi, buat kasih tontonan kartun yang lebih banyak, sinetronnya dikurangi, knp? Biar anak&quot; betah nonton tv kyk anak jaman dulu yang isinya penuh dengan kartun .<br><br>Begitu dari saya",anak jangan diberikan hp kalo belum waktunya takutnya entr pas gedenya maunya hp hp dan hp trs kalo rusak dan tidak ada kuota ngotot marah mending anda kasih tau jg sama pihak televisi buat kasih tontonan kartun yang lebih banyak sinetronnya dikurangi knp biar anak betah nonton tv kyk anak jaman dulu yang isinya penuh dengan kartun begitu dari saya,positive
V_mvjaonG-w,lngkah untuk mnjd lebih baik,lngkah untuk mnjd lebih baik,positive
V_mvjaonG-w,Lho jadi harus pakai ktp dong buat konfirmasi usia? Siap-siap dijerat pinjol dan judol nih datamu wkwk,lho jadi harus pakai ktp dong buat konfirmasi usia siapsiap dijerat pinjol dan judol nih datamu wkwk,neutral
V_mvjaonG-w,Akukan kreator moga aja g ada kejadian lagi saat regulasi ini,akukan kreator moga aja g ada kejadian lagi saat regulasi ini,neutral
V_mvjaonG-w,Yg repot anak buat akun nya pake data orang tuanya gimana..?,yg repot anak buat akun nya pake data orang tuanya gimana,neutral
V_mvjaonG-w,baguslah ituu.... setuju banget salah satu lankah bagus untuk menyelamatkan anak bangsa smg terwujud segera aamiin,baguslah ituu setuju banget salah satu lankah bagus untuk menyelamatkan anak bangsa smg terwujud segera aamiin,positive
V_mvjaonG-w,Terima kasih bu❤,terima kasih bu,positive
V_mvjaonG-w,Alhamdulillahirobbilalamin 🎉🎉🎉,alhamdulillahirobbilalamin,positive
V_mvjaonG-w,Sosialisasi di sekolah Bu anak pasti nurut. Mereka punya akun waktu covid kemarin lewat sekolah online,sosialisasi di sekolah bu anak pasti nurut mereka punya akun waktu covid kemarin lewat sekolah online,neutral
V_mvjaonG-w,JGN LUPA JUDOL NYA JUGA. 😂😂😂😂,jgn lupa judol nya juga,positive
V_mvjaonG-w,Kalau ini gw dukung 1000 persen,kalau ini gw dukung 1000 persen,positive
V_mvjaonG-w,Setuju!!,setuju,positive
V_mvjaonG-w,bagus harus dimulai ini ..,bagus harus dimulai ini,positive
V_mvjaonG-w,Saya dukung,saya dukung,positive
V_mvjaonG-w,Sangat setuju.<br>Meski terlambat namun lebih baik terlambat daripada tidak sama sekali.,sangat setujumeski terlambat namun lebih baik terlambat daripada tidak sama sekali,positive
V_mvjaonG-w,Cocok agar generasi muda kita  menjadi baik berarti ada kepedulian dari pemerintah,cocok agar generasi muda kita menjadi baik berarti ada kepedulian dari pemerintah,positive
V_mvjaonG-w,Tetap bisa buat pakai acc lain. Umur tinggal ubah ke lebih dewasa🤣.,tetap bisa buat pakai acc lain umur tinggal ubah ke lebih dewasa,negative
V_mvjaonG-w,"Setuju, knp ga dari dulu",setuju knp ga dari dulu,positive
V_mvjaonG-w,Harus ada larangan dari guru dan sekolah juga biar hasilnya optimal,harus ada larangan dari guru dan sekolah juga biar hasilnya optimal,positive
V_mvjaonG-w,Kami sebagai ortu <br>Sangat mendukung,kami sebagai ortu sangat mendukung,positive
V_mvjaonG-w,Alkhamdulillah,alkhamdulillah,positive
V_mvjaonG-w,Banyak mental anak sdh rusak baru mau dibikin... terlambat,banyak mental anak sdh rusak baru mau dibikin terlambat,negative
V_mvjaonG-w,"Amerika Eropa aja bebas main medsos malah jadi negara maju , lah indo kalo anak di batasi ntar gaptek kapan maju nya ini negara",amerika eropa aja bebas main medsos malah jadi negara maju lah indo kalo anak di batasi ntar gaptek kapan maju nya ini negara,negative
V_mvjaonG-w,"Kenapa gak dari dulu,<br>Lelet amat pemerintah,<br><br>Malah dunia udah mau kiamat",kenapa gak dari dululelet amat pemerintahmalah dunia udah mau kiamat,negative
V_mvjaonG-w,"Orang tuanya bebass 😅😅.??. Apakah cukup Setingkat SD SJ.<br><br>Tidak semuanya di bebankan ke anak. Semoga  Regulasi nya berimbang dan adil.<br><br>Jgn sampai anak jg merasa tertekan,di kesampingkan, ketidakadilan sejak dini.ahkirnya timbul masalah baru. 🙏",orang tuanya bebass apakah cukup setingkat sd sjtidak semuanya di bebankan ke anak semoga regulasi nya berimbang dan adiljgn sampai anak jg merasa tertekandi kesampingkan ketidakadilan sejak diniahkirnya timbul masalah baru,neutral
V_mvjaonG-w,"sangat setuju,sempat saya buat akun facebook,awalnya sayapun berat membuat akun apapun,tetapi karena dorongan teman kubuat juga,dan kututup sudah hampir 4 tahun,karena menurutku tidak memberi pengaruh positif,putrikupun kularang buat akun apapun,karena merusak,instagram katanya,untuk pertemanan sesama rekan sekolah katanya,lalu kubilang tetap mama awasi,karena sangat memberi pengaruh jelek,tiktoklah,benar-benar merusak.jadi kubilang,cuman WA saja,biar buat komunikasi.orang-orang diatas umur 16 tahun saja,bisa rusak karena akun-akun,apalagi dibawah umur 16 tahun,e....benar-benar rusak.",sangat setujusempat saya buat akun facebookawalnya sayapun berat membuat akun apapuntetapi karena dorongan teman kubuat jugadan kututup sudah hampir 4 tahunkarena menurutku tidak memberi pengaruh positifputrikupun kularang buat akun apapunkarena merusakinstagram katanyauntuk pertemanan sesama rekan sekolah katanyalalu kubilang tetap mama awasikarena sangat memberi pengaruh jelektiktoklahbenarbenar merusakjadi kubilangcuman wa sajabiar buat komunikasiorangorang diatas umur 16 tahun sajabisa rusak karena akunakunapalagi dibawah umur 16 tahunebenarbenar rusak,positive
V_mvjaonG-w,Terapkan dr anak2 pejabat dahulu...,terapkan dr anak2 pejabat dahulu,neutral
V_mvjaonG-w,Bagus kerna media sosial  buat anak merusak mental dan kurang perhatian orng tua  secara terus menerus,bagus kerna media sosial buat anak merusak mental dan kurang perhatian orng tua secara terus menerus,positive
V_mvjaonG-w,Setuju sekali sy sebagai orang tua dari 2 anak😊,setuju sekali sy sebagai orang tua dari 2 anak,positive
V_mvjaonG-w,Setuju bgt.mmg inilah solusinya yg paling tepat.mudah2 segera terealisasi❤,setuju bgtmmg inilah solusinya yg paling tepatmudah2 segera terealisasi,positive
V_mvjaonG-w,"ini baru pemimpin penyelamat anak bangsa,saya ingin anda jadi presiden.",ini baru pemimpin penyelamat anak bangsasaya ingin anda jadi presiden,positive
V_mvjaonG-w,"terobosan yg bijaksana,harus ada verifikasi usia di tiap masuk,sesuaikan dgn pendaftaran no HP pemilik,mantap bu mentri😊",terobosan yg bijaksanaharus ada verifikasi usia di tiap masuksesuaikan dgn pendaftaran no hp pemilikmantap bu mentri,positive
V_mvjaonG-w,Alhamdulillah biar anak2 Indonesia gak main hp trus 1 lagi bnyak anak di bawah umur berurusan dengan hukum membunuh lah dll,alhamdulillah biar anak2 indonesia gak main hp trus 1 lagi bnyak anak di bawah umur berurusan dengan hukum membunuh lah dll,positive
V_mvjaonG-w,Tapi situs judol masih boleh kan? Pemerintah koplak,tapi situs judol masih boleh kan pemerintah koplak,neutral
V_mvjaonG-w,Setuju!!!,setuju,positive
V_mvjaonG-w,Bodoh bngtt ortunya anak kecil masih belia sudah di berikan hp seharusnya anak segitu beri pemahaman kasih buku atau alquran agar mengembangkan ide&quot; yg cerdas bukan malah merusak otak karena kecanduan hp😢,bodoh bngtt ortunya anak kecil masih belia sudah di berikan hp seharusnya anak segitu beri pemahaman kasih buku atau alquran agar mengembangkan ide yg cerdas bukan malah merusak otak karena kecanduan hp,positive
V_mvjaonG-w,Emang yakin bisa?,emang yakin bisa,neutral
V_mvjaonG-w,TERLAMBATTT....,terlambattt,negative
V_mvjaonG-w,Setujuu🎉🎉🎉,setujuu,positive
V_mvjaonG-w,Alhamdulillah,alhamdulillah,positive
V_mvjaonG-w,Setujuuuuuu banget kalau benar benar terlaksana,setujuuuuuu banget kalau benar benar terlaksana,positive
V_mvjaonG-w,Alhamdulillah akhirnya aturan anak kecil tidak boleh memiliki sosial media.,alhamdulillah akhirnya aturan anak kecil tidak boleh memiliki sosial media,positive
V_mvjaonG-w,Setuju Bu dan judi onlen,setuju bu dan judi onlen,positive
V_mvjaonG-w,se7 walo agak terlambat,se7 walo agak terlambat,positive
V_mvjaonG-w,Telat udah terlanjur rusak anak anak,telat udah terlanjur rusak anak anak,negative
V_mvjaonG-w,Jangan lupw pendidikan sekolah pun harus berbenah juga...,jangan lupw pendidikan sekolah pun harus berbenah juga,positive
V_mvjaonG-w,"Gimana coba cara mengimplementasikan, bikin email usia bisa mengarang, face id bisa di akalin pakek wajah orang tua,pakai KTP sama saja bisa di bohongi pakai KTP orang tua dll pasti bakal terus ada anak main sosmed",gimana coba cara mengimplementasikan bikin email usia bisa mengarang face id bisa di akalin pakek wajah orang tuapakai ktp sama saja bisa di bohongi pakai ktp orang tua dll pasti bakal terus ada anak main sosmed,negative
V_mvjaonG-w,TELAT MASSS TELAAAAT..,telat masss telaaaat,negative
V_mvjaonG-w,"RAKYAT MENOLAK INI KOMDIGI,,ANAK INI ANAK KAMI,,TERSERAH KAMI KASIH HP ATAU LEPTOP,,,,KAMI MENOLAK,,LEBIH BAIK ANDA MENGURUSI MENU MBG",rakyat menolak ini komdigianak ini anak kamiterserah kami kasih hp atau leptopkami menolaklebih baik anda mengurusi menu mbg,negative
V_mvjaonG-w,"👍🏼 I Really Agree, and thank you very much 🙏🏼",i really agree and thank you very much,positive
V_mvjaonG-w,"Semoga saja hal ini sejalan dengan pihak sekolah. <br><br>Karena banyak sekolah - sekolah yang berlomba - lomba upload aktivitas sekolah nya ke sosmed... <br><br>Bahkan tidak jarang pula, siswa - siswi nya diharuskan meng-upload aktivitas mereka ke sosmed.<br><br>Sekali lagi tujuannya sudah pasti sekolah tersebut agar semakin dikenal, tapi di sisi lain punya dampak yang berbeda... <br><br>Menjadi sebuah paradoks",semoga saja hal ini sejalan dengan pihak sekolah karena banyak sekolah sekolah yang berlomba lomba upload aktivitas sekolah nya ke sosmed bahkan tidak jarang pula siswa siswi nya diharuskan mengupload aktivitas mereka ke sosmedsekali lagi tujuannya sudah pasti sekolah tersebut agar semakin dikenal tapi di sisi lain punya dampak yang berbeda menjadi sebuah paradoks,positive
V_mvjaonG-w,"Sepakat biar gak kecanduan HP,,,",sepakat biar gak kecanduan hp,positive
hzDavp3DQo4,yang mau bikin dia jadi tornado KOEMPOEL!!!,yang mau bikin dia jadi tornado koempoel,negative
hzDavp3DQo4,"DASAR PEJABAT LAKNATULLAH! MEUTYA HAFID, LO ITU MENGHANCURKAN MASA DEPAN ANAK² YANG TIDAK BERSALAH! NAUDZUBILLAH!",dasar pejabat laknatullah meutya hafid lo itu menghancurkan masa depan anak yang tidak bersalah naudzubillah,negative
hzDavp3DQo4,Sok pinter,sok pinter,negative
hzDavp3DQo4,"Akun medsos dibatasi sementara Apk judi HGI berkedok game hiburan diberi akses di playstore,, Pencitraan lagi ini video",akun medsos dibatasi sementara apk judi hgi berkedok game hiburan diberi akses di playstore pencitraan lagi ini video,neutral
hzDavp3DQo4,belokir situs judol dan pinjol buk. gak perlu ngoceh sana sini sok sok bersih sperti janji anda,belokir situs judol dan pinjol buk gak perlu ngoceh sana sini sok sok bersih sperti janji anda,neutral
hzDavp3DQo4,"Setuju emang harus di ban ,bocil&quot; sekarang banyak yang ga bener dari cara bicaranya sampe kelakuan ny",setuju emang harus di ban bocil sekarang banyak yang ga bener dari cara bicaranya sampe kelakuan ny,positive
hzDavp3DQo4,ITU IGRS SAMA JUDOL ATAU JUDI URUSIN JANGAN NGURUSIN GAME ANAK ANAK OON PEJABAT SATU INI INI BIKIN ANAK ANAK TIDAK MOD ATAU ADA GEJALA SEPERTI KEPIKIRAN TERUS GAME KESAYANGAN NYA YG UDAH DI BLOKIR ELU TERUS BISA JUGA SERING LUPA,itu igrs sama judol atau judi urusin jangan ngurusin game an   ak anak oon pejabat satu ini ini bikin anak anak tidak mod atau ada gejala seperti kepikiran terus game kesayangan nya yg udah di blokir elu terus bisa juga sering lupa,negative
hzDavp3DQo4,Eh tenang jgn bertengkar memang semua itu buat kita bingung bener apa bohong tapi itu klo beneran berati baik demi negeri palingan ini yg komen bocil semua sok tau korupsi judol,eh tenang jgn bertengkar memang semua itu buat kita bingung bener apa bohong tapi itu klo beneran berati baik demi negeri palingan ini yg komen bocil semua sok tau korupsi judol,positive
hzDavp3DQo4,Emang kenapa sih harus di band? Semua manusia punya hak masing masing untul menonton yang belikan ponsel juga orang tua nya bukan anda dan mengapa harus ada peraturan ini kalo gk terima yaudh akun anak saya susah di log in loh! Kalo sampe 28 hari belum log in semua akun akan di hapus bank anak saya nanti kehapus gimana bisa anak saya berjualan lagi balikin gak!,emang kenapa sih harus di band semua manusia punya hak masing masing untul menonton yang belikan ponsel juga orang tua nya bukan anda dan mengapa harus ada peraturan ini kalo gk terima yaudh akun anak saya susah di log in loh kalo sampe 28 hari belum log in semua akun akan di hapus bank anak saya nanti kehapus gimana bisa anak saya berjualan lagi balikin gak,negative
hzDavp3DQo4,Sebuah kebijakan yang konyol,sebuah kebijakan yang konyol,negative
hzDavp3DQo4,"Urusin aja dulu tuh judol tuh gak kelar2, akhhhh sekalinya bikin kebijakan ambak ambakan , kocak lu tua bangka",urusin aja dulu tuh judol tuh gak kelar2 akhhhh sekalinya bikin kebijakan ambak ambakan kocak lu tua bangka,negative
hzDavp3DQo4,HP itu buat belajar privasi bukan di blok-blok anak jadi rewel bukannya senang tapi gak becus jondigir,hp itu buat belajar privasi bukan di blokblok anak jadi rewel bukannya senang tapi gak becus jondigir,negative
hzDavp3DQo4,Gua mending kepala nya gugejek,gua mending kepala nya gugejek,negative
hzDavp3DQo4,Hadeh akhirnya diblokir saya sudah capek sebagai orng yang melihat trend trend perusak otak terutama yang membuat karakter dari emoji saya tidak suka trennya karena kebanyakan karakternya ada yang 18+ atau tidak senonoh itu banyak anak kecil yang nonton dan yang paling buat saya kesal karena yang buat trennya juga anak kecil hadeh capek banget deh,hadeh akhirnya diblokir saya sudah capek sebagai orng yang melihat trend trend perusak otak terutama yang membuat karakter dari emoji saya tidak suka trennya karena kebanyakan karakternya ada yang 18 atau tidak senonoh itu banyak anak kecil yang nonton dan yang paling buat saya kesal karena yang buat trennya juga anak kecil hadeh capek banget deh,positive
hzDavp3DQo4,Yang ini lebih buruk daripada dicuci otaknya,yang ini lebih buruk daripada dicuci otaknya,negative
hzDavp3DQo4,Yang gak setuju Roblox diblokir ngumpul di sini 😡<br>👇<br>👇,yang gak setuju roblox diblokir ngumpul di sini,negative
hzDavp3DQo4,Anak aman✅ anak stres👺,anak aman anak stres,negative
hzDavp3DQo4,Bocil puber ngapa pada gk terima cuk ampe spam komen sana sini,bocil puber ngapa pada gk terima cuk ampe spam komen sana sini,positive
hzDavp3DQo4,Pls dong komdigi blokir judol lah jangan youtube😢😢😢,pls dong komdigi blokir judol lah jangan youtube,negative
hzDavp3DQo4,Free fire gimana masa gak di Batasin banyak bocil kalo kalah bakal ngomong kasar teriak teriak ngambek hp dibanting <br>Main tembak tembakan kayak mau ngeb*n*h orang aja<br>Itu kayak hobi main tembak tembakan yah 👊,free fire gimana masa gak di batasin banyak bocil kalo kalah bakal ngomong kasar teriak teriak ngambek hp dibanting main tembak tembakan kayak mau ngebnh orang ajaitu kayak hobi main tembak tembakan yah,negative
hzDavp3DQo4,Hujat ayooo!,hujat ayooo,negative
hzDavp3DQo4,Kebijakan pemerintah semakin nyeleneh<br>Mentri ini seneng  rakyatnya jadi bodoh,kebijakan pemerintah semakin nyelenehmentri ini seneng rakyatnya jadi bodoh,negative
hzDavp3DQo4,Gk setujuuuu,gk setujuuuu,negative
hzDavp3DQo4,komdigi jemboat,komdigi jemboat,negative
hzDavp3DQo4,Masa depan terus di pikirin di kira kita di bumi selama ya entar kiamat,masa depan terus di pikirin di kira kita di bumi selama ya entar kiamat,negative
hzDavp3DQo4,Eehh dong jangan gitu rablox nya🤬🤬🤬🤬🤬🤬😡😡😡tolol amat,eehh dong jangan gitu rablox nyatolol amat,negative
hzDavp3DQo4,Setuju tapi ternyata hoaks🤣 makanya jangan sok sok an dong,setuju tapi ternyata hoaks makanya jangan sok sok an dong,positive
hzDavp3DQo4,Komdigi❌<br>Kontolgi✅,komdigikontolgi,negative
hzDavp3DQo4,GIMMICK GIMMICK PEMERINTAH SAJA INI HANYA MRNGGERTAK SAJA TANPA BERTINDAK  <br>Inpo lapor ketua <br>&quot;Jangan percaya dengan Janji Janji pemerintah karena PEMERINTAH ITU PEMBOHONG,gimmick gimmick pemerintah saja ini hanya mrnggertak saja tanpa bertindak inpo lapor ketua jangan percaya dengan janji janji pemerintah karena pemerintah itu pembohong,neutral
hzDavp3DQo4,Aduhh banyak gen alpha protes jirr😹😹😹😹,aduhh banyak gen alpha protes jirr,positive
hzDavp3DQo4,Yang nggak setuju Roblox dihapus <br>👇<br>👇<br>👇,yang nggak setuju roblox dihapus,negative
hzDavp3DQo4,GAK BOLEHH!!????,gak bolehh,negative
hzDavp3DQo4,"Aku gak setuju akun iG ku konten nya seputar balap event resmi kadang , setting kadang liaran , sama , akun cb + caption hilang tidak terlihat di negara Indonesia. Followrs  sudah 45,7rb , 25,4rb , 14,7rb hangsus 😢😢",aku gak setuju akun ig ku konten nya seputar balap event resmi kadang setting kadang liaran sama akun cb caption hilang tidak terlihat di negara indonesia followrs sudah 457rb 254rb 147rb hangsus,negative
hzDavp3DQo4,Bacot,bacot,negative
hzDavp3DQo4,HP HP KITA KOK LU YANG NGATUR😹😹,hp hp kita kok lu yang ngatur,negative
hzDavp3DQo4,Aku nggak setuju kalau setuju aku tinju kau 😡😡😡😡😡😡😡😡😡😡😡🙉🙉🙉😡🙉😡🙉😡🙉😡🙉😡🙉,aku nggak setuju kalau setuju aku tinju kau,negative
hzDavp3DQo4,Diam lu ngatur muluk,diam lu ngatur muluk,negative
hzDavp3DQo4,Urus dulu tuh orang yg korupsi kok urus sosial media urus urusan negara aja ga bisa urus sosial media aja bisa😡😡,urus dulu tuh orang yg korupsi kok urus sosial media urus urusan negara aja ga bisa urus sosial media aja bisa,negative
hzDavp3DQo4,Gak setuju 😡😡😡😡,gak setuju,negative
hzDavp3DQo4,tenang saja itu hanya dibatasi bukan dihapus,tenang saja itu hanya dibatasi bukan dihapus,positive
hzDavp3DQo4,Gays tenang yang pake akun google gak bakal di blokir,gays tenang yang pake akun google gak bakal di blokir,neutral
hzDavp3DQo4,Lah terus buat apa kita beli hp<br>Kaya gak <br>Miskin iya🤬🤬😡🤬,lah terus buat apa kita beli hpkaya gak miskin iya,negative
hzDavp3DQo4,GK usah ngatur kita tu butuh bukannya di nonaktifkan ya 🗿🗿🗿,gk usah ngatur kita tu butuh bukannya di nonaktifkan ya,negative
hzDavp3DQo4,Makasih karena masih bisa main,makasih karena masih bisa main,positive
hzDavp3DQo4,Kumparan jahat,kumparan jahat,negative
QDj0g7Xw2rg,apaan sih  artis rame karena bocil juga kan!,apaan sih artis rame karena bocil juga kan,negative
QDj0g7Xw2rg,Kenapa sih gk kayak dulu kangen tau😢 harus kalo kita bosan gimana,kenapa sih gk kayak dulu kangen tau harus kalo kita bosan gimana,negative
QDj0g7Xw2rg,"Urus dulu noh urusan negara, kok ngurusin media sosial😡",urus dulu noh urusan negara kok ngurusin media sosial,negative
QDj0g7Xw2rg,Woi sosmed bisa dapet edukasi Cok caper bgt kayak bocil tau gak!? GILIRAN JUDI DILINDUNGI!!! Judi dari jaman ada hp gak di apa-apain!!! Mana judi dilindungi terus lagi!! Udah di demo malah gak kapok sok-sok-an jadi pemerintah malah asik blokir sesukanya!!,woi sosmed bisa dapet edukasi cok caper bgt kayak bocil tau gak giliran judi dilindungi judi dari jaman ada hp gak di apaapain mana judi dilindungi terus lagi udah di demo malah gak kapok soksokan jadi pemerintah malah asik blokir sesukanya,negative
QDj0g7Xw2rg,Yah 7 tahun lagi baru bisa buka Roblox,yah 7 tahun lagi baru bisa buka roblox,neutral
QDj0g7Xw2rg,"HEH IBUK TUA, KAMI NIH UDAH REMAJAAAAAA KAMI UDAH BUTUH SOSMED-SOSMED!! YAKALI ANAK 15 TAHUN NONTON YOUTUBE KIDS! LANGKAH TERBAIK BAPAK LO, UDAH TAU PEMBULIAN DARI KEMARIN KOK BARU LO NONAKTIF SIH!!!!",heh ibuk tua kami nih udah remajaaaaaa kami udah butuh sosmedsosmed yakali anak 15 tahun nonton youtube kids langkah terbaik bapak lo udah tau pembulian dari kemarin kok baru lo nonaktif sih,negative
QDj0g7Xw2rg,Jagannn noo,jagannn noo,negative
QDj0g7Xw2rg,"Menurut saya ,saya GK setuju sama berita ini,karena kita tidak boleh melihat dari sisi buruknya saja,jika ada yang buruk maka hapuslah yang buruk itu saja, jangan blokir semua yang hanya ingin melihat hiburan, kita itu harus mendidik bukan untuk langsung bertindak,ibaratnya jika anak kalian mendapat nilai jelek sekali maka didiklah dan jangan langsung di beri hukuman",menurut saya saya gk setuju sama berita inikarena kita tidak boleh melihat dari sisi buruknya sajajika ada yang buruk maka hapuslah yang buruk itu saja jangan blokir semua yang hanya ingin melihat hiburan kita itu harus mendidik bukan untuk langsung bertindakibaratnya jika anak kalian mendapat nilai jelek sekali maka didiklah dan jangan langsung di beri hukuman,negative
QDj0g7Xw2rg,Giliran judol gk di blokir,giliran judol gk di blokir,neutral
QDj0g7Xw2rg,Bapak mu anj woi lu judol gk diblokir caper caper,bapak mu anj woi lu judol gk diblokir caper caper,negative
QDj0g7Xw2rg,urusin dulu noh judol,urusin dulu noh judol,negative
QDj0g7Xw2rg,Apasih kalo kami kok di blokir memang apa salahnya jika kami bikin vidio  gak lucu ajingggg,apasih kalo kami kok di blokir memang apa salahnya jika kami bikin vidio gak lucu ajingggg,negative
QDj0g7Xw2rg,JANGAN.  😭😭😭😭😭😭😭😭,jangan,negative
QDj0g7Xw2rg,Ayo kita serbu kita ke kantor atau rumah pemerintah gw g mau g g g klo semua nya tantrum 😭👍 umur ku baru 9 🥲,ayo kita serbu kita ke kantor atau rumah pemerintah gw g mau g g g klo semua nya tantrum umur ku baru 9,negative
QDj0g7Xw2rg,Yang di block jangan sosmed mending judol,yang di block jangan sosmed mending judol,negative
QDj0g7Xw2rg,Beresin judol dulu dong😡😡😡😡,beresin judol dulu dong,negative
QDj0g7Xw2rg,HP hp kita kok kalian yang ngatur,hp hp kita kok kalian yang ngatur,negative
QDj0g7Xw2rg,Nih aku kasih tau contoh:<br><br>Kita punya anak dan anak kita gk bisa bedain yang mana daging ikan yang mana tulang dan yang mana duri nah kita kan sebagai orang tua harus ngajarin nih yang mana tulang yang mana duri dan juga yang mana daging nah sama aja kayak roblox bukan nya ngelarang roblox untuk beberapa thn kedepan tpi hrs nya di perubah roblox nay kyk kemanan nya kyk jangan ada sus sus san gitu pacar pacaran gitu hrs nya gitu bukan malah ngelarang roblox di gk perboleh kan untuk beberapa thn kedepan emnag cara paling mapuh itu di larang untuk beberapa thn kedepan tpi cara yang lebih ampuh dna baik itu di perkuat keamanan nya jangan ada pacar pacaran sus susbsna hrs nya gitu bukan malah gk di perboleh kan untuk beberapa thn ke depan 😟😟😟😟,nih aku kasih tau contohkita punya anak dan anak kita gk bisa bedain yang mana daging ikan yang mana tulang dan yang mana duri nah kita kan sebagai orang tua harus ngajarin nih yang mana tulang yang mana duri dan juga yang mana daging nah sama aja kayak roblox bukan nya ngelarang roblox untuk beberapa thn kedepan tpi hrs nya di perubah roblox nay kyk kemanan nya kyk jangan ada sus sus san gitu pacar pacaran gitu hrs nya gitu bukan malah ngelarang roblox di gk perboleh kan untuk beberapa thn kedepan emnag cara paling mapuh itu di larang untuk beberapa thn kedepan tpi cara yang lebih ampuh dna baik itu di perkuat keamanan nya jangan ada pacar pacaran sus susbsna hrs nya gitu bukan malah gk di perboleh kan untuk beberapa thn ke depan,negative
QDj0g7Xw2rg,Waktunya kita demo menyuarakan suara rakyat apa itu pembatasan kita sebagai rakyat juga harus merasakan YouTube dan Roblox,waktunya kita demo menyuarakan suara rakyat apa itu pembatasan kita sebagai rakyat juga harus merasakan youtube dan roblox,negative
QDj0g7Xw2rg,"anak anak juga bisa belajar di hp, kenapa harus dibatasi?",anak anak juga bisa belajar di hp kenapa harus dibatasi,negative
QDj0g7Xw2rg,"GAK GW GAK TERIMA KITA CUMA ANAK KECIL YANG INGIN MENGETAHUI MEDSOS ATAU INTERNET. KENAPA!? APA DOSA KAMI KEPADA MEREKA? APA!?  GAK USAH SAMPE DI KAYA GINI IN!! ANAK INDONESIA MEMANG AKTIF PADA MEDSOS TAPI CARA NYA GAK GINI JUGA. BANYAK YANG NANGIS SAMPE ADA YANG BANTING HP DAN LAIN LAIN!? HARUS KAH HAH HARUS?? <br>JUDOL AJA GAK DI HAPUS, GW UDAH MUAK MUAK MUAK!! GIMANA MAU JADI NEGARA MAJU KALO PEMERINTAHAN NYA KAYA, GINI UDAH KORUPSI UANG RAKYAT MBG MAKANAN RACUN GRATIS DAN MASIH BANYAK LAGI LAGI LANJUTIN AJA GAPAPA GAPAPA LANJUT!?",gak gw gak terima kita cuma anak kecil yang ingin mengetahui medsos atau internet kenapa apa dosa kami kepada mereka apa gak usah sampe di kaya gini in anak indonesia memang aktif pada medsos tapi cara nya gak gini juga banyak yang nangis sampe ada yang banting hp dan lain lain harus kah hah harus judol aja gak di hapus gw udah muak muak muak gimana mau jadi negara maju kalo pemerintahan nya kaya gini udah korupsi uang rakyat mbg makanan racun gratis dan masih banyak lagi lagi lanjutin aja gapapa gapapa lanjut,negative
QDj0g7Xw2rg,Cara kita belajar gimana misalnya matematika kita aja nonton di youtube agar lebih paham kalo bisa bikin scan wajah aja itu lebih bagus dari pada kayak gini malah bikin bodo rakyat ini orang tua juga bisa ambil hp anaknya itu aja udah gampang.,cara kita belajar gimana misalnya matematika kita aja nonton di youtube agar lebih paham kalo bisa bikin scan wajah aja itu lebih bagus dari pada kayak gini malah bikin bodo rakyat ini orang tua juga bisa ambil hp anaknya itu aja udah gampang,negative
QDj0g7Xw2rg,Mending demo aja yuk di kantornya<br>BTW saya di Palembang,mending demo aja yuk di kantornyabtw saya di palembang,negative
QDj0g7Xw2rg,Aku nonton kecelakaan pesawat apalah itu soalnya seru ege kek satisfying temen roblox ku aja nyampe dapet orang pintar orang luar negeri yang bijaksana dan satu-satunya game yang membuatku bahagia hanya teman online bukan offline teman-teman ku semuanya baik bijak cerdas dan aku mendapatkan pembelajaran yang baik ya itu saya berhasil meraih bahasa lain selain Indonesia yaitu sperti bahasa Jepang china enggris dan beberapa bahasa lainnya meski aku belum terlalu hafal dalam itu dan aku tidak pernah kena tipu karena aku adalah anak yang paling menjauhi hal yang tidak ku kenal dan ya aku memilih HP untuk bersosialisasi yang baik karena aku itu adalah salah satu orang paling introvert parahlah tapi g nyampe tidak menyentuh rumput karena itu saja aku mendapatkan pelajaran sperti bagaimana cara menyelamatkan diri ketika tersesat ketika pesawat jatuh dan lain-lain aku mendapatkan itu bukan dari sekolah tapi dari youtube dan instagram itulah dimana aku mulai mempelajari bahasa Inggris dan mempelajari bagian bagian pesawat dan cita-cita saya sebagai anak kecil yang belum tahu apa-apa aku mulai menggali ilmu dan aku mulai mempelajari tentang fungsi bagian-bagian di pesawat kereta mobil dan yg lain-lain itu berasal dari youtube roblox instagram aku menemukan itu semua karena aku niat untuk mempelajari nya,aku nonton kecelakaan pesawat apalah itu soalnya seru ege kek satisfying temen roblox ku aja nyampe dapet orang pintar orang luar negeri yang bijaksana dan satusatunya game yang membuatku bahagia hanya teman online bukan offline temanteman ku semuanya baik bijak cerdas dan aku mendapatkan pembelajaran yang baik ya itu saya berhasil meraih bahasa lain selain indonesia yaitu sperti bahasa jepang china enggris dan beberapa bahasa lainnya meski aku belum terlalu hafal dalam itu dan aku tidak pernah kena tipu karena aku adalah anak yang paling menjauhi hal yang tidak ku kenal dan ya aku memilih hp untuk bersosialisasi yang baik karena aku itu adalah salah satu orang paling introvert parahlah tapi g nyampe tidak menyentuh rumput karena itu saja aku mendapatkan pelajaran sperti bagaimana cara menyelamatkan diri ketika tersesat ketika pesawat jatuh dan lainlain aku mendapatkan itu bukan dari sekolah tapi dari youtube dan instagram itulah dimana aku mulai mempelajari bahasa inggris dan mempelajari bagian bagian pesawat dan citacita saya sebagai anak kecil yang belum tahu apaapa aku mulai menggali ilmu dan aku mulai mempelajari tentang fungsi bagianbagian di pesawat kereta mobil dan yg lainlain itu berasal dari youtube roblox instagram aku menemukan itu semua karena aku niat untuk mempelajari nya,negative
QDj0g7Xw2rg,Bro dia mengambil ke bahagia kita dan kita gk belajar di yutub lagi kan bisa dibatasi ortu contoh gua dilarang main hp sampe 1 minggu,bro dia mengambil ke bahagia kita dan kita gk belajar di yutub lagi kan bisa dibatasi ortu contoh gua dilarang main hp sampe 1 minggu,negative
QDj0g7Xw2rg,kenapa sih harus di blok yang ada malah mental kita tampah sesak bisa gak sih gak usah di blok walapun juga itu bermanfaat tapitapi blok aja yang bersalah jangan blok yang gak salah mentang mentang peresiden Sampek segitunya yang gak setuju komen gak setuju,kenapa sih harus di blok yang ada malah mental kita tampah sesak bisa gak sih gak usah di blok walapun juga itu bermanfaat tapitapi blok aja yang bersalah jangan blok yang gak salah mentang mentang peresiden sampek segitunya yang gak setuju komen gak setuju,negative
QDj0g7Xw2rg,"Eeeeee ydh sih tinggal ganti akun, abistu ubah angka usia🗿👍🏿",eeeeee ydh sih tinggal ganti akun abistu ubah angka usia,neutral
QDj0g7Xw2rg,GW EDITOR UDH 6 TAHUN AKUN GW UMUR GW 10.MASA DIHAPUS?,gw editor udh 6 tahun akun gw umur gw 10masa dihapus,negative
QDj0g7Xw2rg,hoax ini ya kalau benar itu tinggal pakai hp ortu kan bisa,hoax ini ya kalau benar itu tinggal pakai hp ortu kan bisa,neutral
QDj0g7Xw2rg,Udah wajah ngeselin beban males gw,udah wajah ngeselin beban males gw,negative
QDj0g7Xw2rg,"Woilah kalau pemerintah blokir medsos YouTube,google,dll. Gw kalau mau gambar gimana woy, biasanya gw butuh contekan gambar dan itupun gambar nya dari medsos seperti google dan YouTube. Haiya masa gua harus gambar rumah gunung. Pls lah pemerintah, minimal jangan blokir google atau YouTube.<br><br>Edit:Hobi gw gambar dan gw suka upload di suatu medsos",woilah kalau pemerintah blokir medsos youtubegoogledll gw kalau mau gambar gimana woy biasanya gw butuh contekan gambar dan itupun gambar nya dari medsos seperti google dan youtube haiya masa gua harus gambar rumah gunung pls lah pemerintah minimal jangan blokir google atau youtubeedithobi gw gambar dan gw suka upload di suatu medsos,negative
QDj0g7Xw2rg,Pemerintah judol youtube kok diblokir semua orang udah subscribe nya dah banyak tapi KENAPA YOUTUBE DIBLOKIR NANTI BOCIL BOCIL MENYESAL KALO SUBSCRIBE NYA JADI 0 PEMERINTAH JAHANAM SAMPE WINDAH BASUDARAH MARAH  BESAR YOUTUBE JGN DIBLOKIR!!!!!!!!!!!!!!! &gt;: (,pemerintah judol youtube kok diblokir semua orang udah subscribe nya dah banyak tapi kenapa youtube diblokir nanti bocil bocil menyesal kalo subscribe nya jadi 0 pemerintah jahanam sampe windah basudarah marah besar youtube jgn diblokir,negative
QDj0g7Xw2rg,jangan Facebook ini hp aku tapi mama aku sering pakai hp aku untuk main  Facebook kasihan mama aku lagi Facebook bapak aku ada tapi dia kerja dan hp mama aku dia hilang waktu beli sayur😢😢😢😢😢,jangan facebook ini hp aku tapi mama aku sering pakai hp aku untuk main facebook kasihan mama aku lagi facebook bapak aku ada tapi dia kerja dan hp mama aku dia hilang waktu beli sayur,negative
QDj0g7Xw2rg,Siapa yg setuju kalo pemerintah mabuk kenapa harus roblox bukan judol mabuk² 😂,siapa yg setuju kalo pemerintah mabuk kenapa harus roblox bukan judol mabuk,negative
QDj0g7Xw2rg,Akhirnya komdigi berguna walau ada<br>Bocil bocil yg marah😂😂😂<br>Santai cil kita akan bertemu lagi,akhirnya komdigi berguna walau adabocil bocil yg marahsantai cil kita akan bertemu lagi,positive
QDj0g7Xw2rg,Di mana daruratnya harusnya daruratnya di TV bukan di medsos,di mana daruratnya harusnya daruratnya di tv bukan di medsos,negative
QDj0g7Xw2rg,dasar pemerintah tukang korupsi judol ga dihapus malah yang dihapus YouTube dan lainnya 😡😡😡😡,dasar pemerintah tukang korupsi judol ga dihapus malah yang dihapus youtube dan lainnya,negative
QDj0g7Xw2rg,Benar tu kami gak mau,benar tu kami gak mau,negative
QDj0g7Xw2rg,Iya kalau semua aplikasi kayak gini buat apa hp Udah beli hp malah kayak gini,iya kalau semua aplikasi kayak gini buat apa hp udah beli hp malah kayak gini,negative
QDj0g7Xw2rg,"Pemerintah otak segede kacang ijo. Bagaimana dengan judol, bagaimana dengan korupsi, kita anak2 kecil hanya ingin belajar menggunakan handphone. Ini dunia digital. Ketik 1 untuk tidak mendukung pemerintah!!!",pemerintah otak segede kacang ijo bagaimana dengan judol bagaimana dengan korupsi kita anak2 kecil hanya ingin belajar menggunakan handphone ini dunia digital ketik 1 untuk tidak mendukung pemerintah,negative
QDj0g7Xw2rg,Yang gk setuju berkumpul sini aku paksa<br>👇<br>👇<br>👇<br>👇,yang gk setuju berkumpul sini aku paksa,negative
QDj0g7Xw2rg,"Peraturan ini sih bagus, tapi gimana anak anak yng ingin mencari ilmu, apalagi di SMP, hp digunakan untuk ulangan secara online.<br>Youtube juga jadi tempat untuk mengekspresikan hobi, menambah ilmu bagi anak anak, kenapa malah ditutup!<br>game juga jangan ditutup dong, itu buat hiburan anak anak, sampe Roblox dibawa bawa loh. Aduhhh!!<br>Giliran korupsi, judol, pertambangan ilegal, penebangan ilegal, pemerintah yang rakus malah dilindungi dan dijaga.!! Gimana sih nih negara?!",peraturan ini sih bagus tapi gimana anak anak yng ingin mencari ilmu apalagi di smp hp digunakan untuk ulangan secara onlineyoutube juga jadi tempat untuk mengekspresikan hobi menambah ilmu bagi anak anak kenapa malah ditutupgame juga jangan ditutup dong itu buat hiburan anak anak sampe roblox dibawa bawa loh aduhhhgiliran korupsi judol pertambangan ilegal penebangan ilegal pemerintah yang rakus malah dilindungi dan dijaga gimana sih nih negara,negative
QDj0g7Xw2rg,alhamdulilah ternyata benar 2045 bukan indonesia emas❎ tapi indonesia cemas✅,alhamdulilah ternyata benar 2045 bukan indonesia emas tapi indonesia cemas,negative
QDj0g7Xw2rg,Jangan sok ngatur lu😡😡🤬🤬🤬😠,jangan sok ngatur lu,negative
QDj0g7Xw2rg,GK setuju! <br>GK boleh pemerintah kek gini😡❤<br>Kalau gw GK ada WhatsApp gw gimana telepon ayah gw sama temen gw!<br>Pokonya GK setuju titik GK pake koma!,gk setuju gk boleh pemerintah kek ginikalau gw gk ada whatsapp gw gimana telepon ayah gw sama temen gwpokonya gk setuju titik gk pake koma,negative
QDj0g7Xw2rg,Guys benerin dulu shalat bukan perang sarung ataumaiin hp nonton yotube cari kepinteran mah di buku bukan di hp🗿🗿,guys benerin dulu shalat bukan perang sarung ataumaiin hp nonton yotube cari kepinteran mah di buku bukan di hp,positive
QDj0g7Xw2rg,Percuma bikin konten capek-capek ujung nya diblokir ah elah🙁🙁🙁,percuma bikin konten capekcapek ujung nya diblokir ah elah,negative
QDj0g7Xw2rg,terus gw mau ngonten apa jika Roblox di blokir 🥺,terus gw mau ngonten apa jika roblox di blokir,negative
QDj0g7Xw2rg,Jangan plis pemerintah aku gk mau pisah sama teman² baik online ku😢😢 aku juga gk pernah di anggap sama teman di sekolah ku😢😢😢😢😢,jangan plis pemerintah aku gk mau pisah sama teman baik online ku aku juga gk pernah di anggap sama teman di sekolah ku,negative
QDj0g7Xw2rg,"Tidak😠ini pasti tidak akan terjadi😠aku masih ingin melihay youtube,main roblox,melihat tiktok😠ini pasti tidak akan terjaaadiiiiiii!",tidakini pasti tidak akan terjadiaku masih ingin melihay youtubemain robloxmelihat tiktokini pasti tidak akan terjaaadiiiiiii,negative
QDj0g7Xw2rg,Pemerintah jahanam kenapa malah medsos yang diblokir bukannya judol🤬🤬🤬🤬🤬🤬,pemerintah jahanam kenapa malah medsos yang diblokir bukannya judol,negative
QDj0g7Xw2rg,udah cape² ngumpulin subscriber malah DI LARANG BERMAIN SOSIAL MEDIA TERMASUK YOUTUBE KALO SOSIAL MEDIA GAADA BOCIL SOSIAL MEDIA TIDAK AKAN ADA!!!,udah cape ngumpulin subscriber malah di larang bermain sosial media termasuk youtube kalo sosial media gaada bocil sosial media tidak akan ada,negative
QDj0g7Xw2rg,"KENAPA!!???<br>GAME, SOSMED DI BLOK KNP JUDI KAGA LAGIAN GUA NGONTEN BUAT AYAH/IBU GUA!!!!!!!😠😠😠",kenapagame sosmed di blok knp judi kaga lagian gua ngonten buat ayahibu gua,negative
QDj0g7Xw2rg,Untung ff gk dilarang tapi sama aja gw gk mau youtube dihapus dulu aku kecil aku belajar lewat hp loh eh tapi sekarang  malah dilarang😢😢😢😢,untung ff gk dilarang tapi sama aja gw gk mau youtube dihapus dulu aku kecil aku belajar lewat hp loh eh tapi sekarang malah dilarang,negative
QDj0g7Xw2rg,Woi Roblox salah apa anj🤬🤬,woi roblox salah apa anj,negative
QDj0g7Xw2rg,ngpain   juga    geme   aplikasi  di  blokir   kalau   kau  komdigi  pas   masi  kecil   main   hp  juga  kan   kenapa  ga  judol   dulu   di  blokir   itu  judi   kenapa anak  anak   juga   sih  kan  anak  anak   ga  ngapa ngpain   di   yutube  dan  roblox  dan aplikasi  kenapa  kita  anak  anak  lain   ga  setuju,ngpain juga geme aplikasi di blokir kalau kau komdigi pas masi kecil main hp juga kan kenapa ga judol dulu di blokir itu judi kenapa anak anak juga sih kan anak anak ga ngapa ngpain di yutube dan roblox dan aplikasi kenapa kita anak anak lain ga setuju,negative
QDj0g7Xw2rg,gk setuju gaje banget,gk setuju gaje banget,negative
QDj0g7Xw2rg,Yang setuju judol aja yang dihapus kumpul sini <br><br>Roblox itu ada manfaatnya gamenya banyak kita bisa memilih game di Roblox asal lo tau ya YouTube Roblox dan dan aplikasi begituan sih emang ada yang kayak gitu kayak gitu ya tapi jangan dihapus kenapa harus dihapus kalau dihapus beneran demo nih demo demo demo demo demo titik nggak ada koma Roblox YouTube juga nggak ada kok malah kita nyaman banget nonton YouTube main Roblox YouTube ada video manfaatnya juga Roblox juga hayo mau ngomong apa,yang setuju judol aja yang dihapus kumpul sini roblox itu ada manfaatnya gamenya banyak kita bisa memilih game di roblox asal lo tau ya youtube roblox dan dan aplikasi begituan sih emang ada yang kayak gitu kayak gitu ya tapi jangan dihapus kenapa harus dihapus kalau dihapus beneran demo nih demo demo demo demo demo titik nggak ada koma roblox youtube juga nggak ada kok malah kita nyaman banget nonton youtube main roblox youtube ada video manfaatnya juga roblox juga hayo mau ngomong apa,negative
QDj0g7Xw2rg,"WOI GW BELAJAR PAKE MEDSOS, MIKIR PAKE OTAK",woi gw belajar pake medsos mikir pake otak,negative
8i7X3KrGeF0,Cape gw bikin akun dari nol sampe sekarang nyesel NYESEL!!,cape gw bikin akun dari nol sampe sekarang nyesel nyesel,negative
8i7X3KrGeF0,Lu bisa ngerti kaga sih kamboja tempat kasino nya ancur terus lu klaim sekarang apa lagi gua capek bikin youtube dari 0 subscriber sampe 300 lu mikir ga hah,lu bisa ngerti kaga sih kamboja tempat kasino nya ancur terus lu klaim sekarang apa lagi gua capek bikin youtube dari 0 subscriber sampe 300 lu mikir ga hah,negative
8i7X3KrGeF0,Judi sama koruptor nya kapan ya Bu😏,judi sama koruptor nya kapan ya bu,neutral
8i7X3KrGeF0,Semoga penggunaan medsos anak anak diizinkan amin🙏,semoga penggunaan medsos anak anak diizinkan amin,negative
8i7X3KrGeF0,Dari pada ngurusin hp kami mendingan urusin itu judi online soal nya sudah mwmbuat orang orang terjerumus ke ambang kemiskinan kasihan juga keluarga yang salah satu anggota keluarga nya menjadi korban dari judi online yang meresahkan😢😢😢,dari pada ngurusin hp kami mendingan urusin itu judi online soal nya sudah mwmbuat orang orang terjerumus ke ambang kemiskinan kasihan juga keluarga yang salah satu anggota keluarga nya menjadi korban dari judi online yang meresahkan,negative
8i7X3KrGeF0,Awokawok gak ada bocil ragebait lagi makasih komindigi kebijakan yang paling gue dukung,awokawok gak ada bocil ragebait lagi makasih komindigi kebijakan yang paling gue dukung,positive
8i7X3KrGeF0,Kak?... Aku capek dengan kehidupan ku... Banyak bullying.. Setiap pulang sekolah aku langsung ngerjain tugas.. Lalu hanya ingin mencari hiburan tidak boleh ?.. Teman teman saya kebanyakan mandang fisik jadi malas...,kak aku capek dengan kehidupan ku banyak bullying setiap pulang sekolah aku langsung ngerjain tugas lalu hanya ingin mencari hiburan tidak boleh teman teman saya kebanyakan mandang fisik jadi malas,negative
8i7X3KrGeF0,"game sosmed di block, giliran situs judol dibiarin, sehat?",game sosmed di block giliran situs judol dibiarin sehat,neutral
2BdXibzPPyc,Ini bahaya ini kalo anaknya tidak kuat mental bisa bisa membahayakan anak anak tersebut,ini bahaya ini kalo anaknya tidak kuat mental bisa bisa membahayakan anak anak tersebut,negative
2BdXibzPPyc,semoga sekalian game gamenya dong agar anak bisa tau tujuan game apa karena masih banyak amak di game kayak fokus banget sampai kalo ga sesuai keinginan mereka bisa marah atau rasis. makasih ini cmn menurut saran saya saja.,semoga sekalian game gamenya dong agar anak bisa tau tujuan game apa karena masih banyak amak di game kayak fokus banget sampai kalo ga sesuai keinginan mereka bisa marah atau rasis makasih ini cmn menurut saran saya saja,positive
2BdXibzPPyc,Komdigi itu mamang jahat macam mana aku bisa main bareng sama temanku btw aku umur 9 😭😭😭😭😭😭😭😭😭😭😭😭😭😭😭😭😭😭😭😭😭😭😭😭😭😭😭😭😭😭siapa yang setuju medsos tidak di blokir,komdigi itu mamang jahat macam mana aku bisa main bareng sama temanku btw aku umur 9 siapa yang setuju medsos tidak di blokir,negative
2BdXibzPPyc,Coba asal jangan batas akun saya karena konten hp jadul ini gw males buat akun baru,coba asal jangan batas akun saya karena konten hp jadul ini gw males buat akun baru,negative
2BdXibzPPyc,Banyak konten rusak,banyak konten rusak,positive
2BdXibzPPyc,Anj🤬,anj,negative
2BdXibzPPyc,Mantap bro komdigi lu tlol dari orok. GG GG emg ya SDM rendah kek gini jangan dicontoh SDM rendah kek komdigi ges. Masa dibatasi orang yg disekolah GK ad temen dll dan kebahagiaan/ teman ad digame kek mana tlol tlol. Lu EMG mikirin anak anak tapi pikirin juga lah resiko tlol sok ngatur dan sih paling pahlawan yg ad memalukan,mantap bro komdigi lu tlol dari orok gg gg emg ya sdm rendah kek gini jangan dicontoh sdm rendah kek komdigi ges masa dibatasi orang yg disekolah gk ad temen dll dan kebahagiaan teman ad digame kek mana tlol tlol lu emg mikirin anak anak tapi pikirin juga lah resiko tlol sok ngatur dan sih paling pahlawan yg ad memalukan,negative
2BdXibzPPyc,Semua orang gila jadinya tau gak looo,semua orang gila jadinya tau gak looo,negative
2BdXibzPPyc,Harusnya 10 tahun ke atas,harusnya 10 tahun ke atas,negative
2BdXibzPPyc,YouTube sama Roblox jangan plisss,youtube sama roblox jangan plisss,negative
2BdXibzPPyc,Untung akun gua dibawah kendali ortu🗿😹,untung akun gua dibawah kendali ortu,neutral
2BdXibzPPyc,Hmm apa rasanya aku tanpa YouTube+roblox,hmm apa rasanya aku tanpa youtuberoblox,neutral
2BdXibzPPyc,menjaga anak dari platfrom digital❎ menghancurkan harapan dan semangat anak untuk berkreasi✅ memang absolute cinema🥶🥶,menjaga anak dari platfrom digital menghancurkan harapan dan semangat anak untuk berkreasi memang absolute cinema,negative
2BdXibzPPyc,YouTube jangan tiktok aja yg diban soalnya itu sarang monyet semua,youtube jangan tiktok aja yg diban soalnya itu sarang monyet semua,neutral
2BdXibzPPyc,Youtube tempat gua cari cuan cuy,youtube tempat gua cari cuan cuy,negative
2BdXibzPPyc,Bulan puasa ini menjadi hari yang gelap bagi anak-anak mereka jadi nggak semangat puasanya😢😢,bulan puasa ini menjadi hari yang gelap bagi anakanak mereka jadi nggak semangat puasanya,negative
2BdXibzPPyc,Yuotube jangan pliss aku umur 17,yuotube jangan pliss aku umur 17,negative
2BdXibzPPyc,"PERHATIAN:BACA!!! <br>woyyyy ini tuh bukan DIBLOKIR ya bre... <br>tapi dibatasi<br>kalo diblokir yang ada dihujat bocil 16 kebawah<br>jadi akun lu masih ada walau kita gak bisa liat akun kita sendiri... <br>Kita tinggal nunggu umur 16 , nanti di kembaliin yaa guys, <br><br><b>tapi bisa diakalin pake memalsukan umur akun</b><br><br>catatan:yang pake hp ortu:awikwokwikwok aman banget",perhatianbaca woyyyy ini tuh bukan diblokir ya bre tapi dibatasikalo diblokir yang ada dihujat bocil 16 kebawahjadi akun lu masih ada walau kita gak bisa liat akun kita sendiri kita tinggal nunggu umur 16 nanti di kembaliin yaa guys tapi bisa diakalin pake memalsukan umur akuncatatanyang pake hp ortuawikwokwikwok aman banget,neutral
2BdXibzPPyc,😂😂😂😂😂😂😂 hahahahaha prabowo lucu sekali hahahahahahaha dia hanya bisa melihat sisi baiknya tidak belihat sisi jahat aturan ini 😂😂😂 prebowo kaga jelasssssssssssss uuuuuuuuhuhuuuuuuhuuuuhuuuuu,hahahahaha prabowo lucu sekali hahahahahahaha dia hanya bisa melihat sisi baiknya tidak belihat sisi jahat aturan ini prebowo kaga jelasssssssssssss uuuuuuuuhuhuuuuuuhuuuuhuuuuu,negative
2BdXibzPPyc,"Tau gak sih, bahkan orang dibawah umur jadi youtuber malah dihentikan paksa kan sedih &gt;:(",tau gak sih bahkan orang dibawah umur jadi youtuber malah dihentikan paksa kan sedih,negative
2BdXibzPPyc,Plis jangan roblox,plis jangan roblox,negative
2BdXibzPPyc,GK mau aku itu suka banget Roblox aku umur 8 tahun lagi😭😭,gk mau aku itu suka banget roblox aku umur 8 tahun lagi,negative
2BdXibzPPyc,Mikir dong masa ditetapkan di sini oon,mikir dong masa ditetapkan di sini oon,negative
2BdXibzPPyc,Seharusnya tu yang batasi tu 11 atau 10 karena banyak anak² yang toxic sama bullying dan lain-lainnya.kenapa harus dibawah 16 sih😔🥀😭🙏,seharusnya tu yang batasi tu 11 atau 10 karena banyak anak yang toxic sama bullying dan lainlainnyakenapa harus dibawah 16 sih,negative
2BdXibzPPyc,"YouTube jangan plis❤ saya 15 th saran saya pake fitur pengawasan layar rekam aja terus tembusin ke monitor komdigi... Soalnya jujur aja nyari info yang mudah lewat YouTube <br><br>- tiktok , Instagram setuju sih emg pada kurang bagus di sana sangat worth di batasi ketat",youtube jangan plis saya 15 th saran saya pake fitur pengawasan layar rekam aja terus tembusin ke monitor komdigi soalnya jujur aja nyari info yang mudah lewat youtube tiktok instagram setuju sih emg pada kurang bagus di sana sangat worth di batasi ketat,negative
2BdXibzPPyc,lah kocakk kenapa gak game aja gitu truss kita nonton apa kocakkkk,lah kocakk kenapa gak game aja gitu truss kita nonton apa kocakkkk,negative
2BdXibzPPyc,Kalian pikir nga susah bikin 700 subs kalian pikir gampang HAH?!,kalian pikir nga susah bikin 700 subs kalian pikir gampang hah,negative
2BdXibzPPyc,Plis yutube jangan kalo mau tiktok noh uis mengerikan sarang monyet 🗿,plis yutube jangan kalo mau tiktok noh uis mengerikan sarang monyet,negative
2BdXibzPPyc,Saya akan tak bisa nonton yutub ini!<br>Saya jg ga bisa nonton ceramah !<br>Saya ga bisa nonton pelajaran sekolah di yutub !<br>Saya tak terima aturan ini!<br>Lu aja pernah kan korupsi !<br>Lu tuh pemerintah harus bisa melindungi anak Indonesia dari syndrom!<br>Syndrom hanya ada di game dan aplikasi ini!<br>Tiktok<br>Roblox<br>Ff<br>PUBG<br>Sakura dan game dll<br>Knp sih ada aturan gini ?<br>Gw ga nonton aneh aneh di yutub!<br>Lu niat mau ngembangin negara Indonesia tapi apa ?<br>Lu malah merusak kebahagiaan anak dan lu jg bikin kesel !<br>Mentang&quot; lu pemerintah bisa menguasai semua aplikasi...<br>Gw tunggu 6-7 tahun dlu untuk <br>Bisa on yutub biasa !<br>Lu bikin mental anak rusak 😢<br>Dan lu gila..<br>Kami para anak&quot; akan memberhentikan yutub untuk si ban dan semacam aplikasi lainnya !,saya akan tak bisa nonton yutub inisaya jg ga bisa nonton ceramah saya ga bisa nonton pelajaran sekolah di yutub saya tak terima aturan inilu aja pernah kan korupsi lu tuh pemerintah harus bisa melindungi anak indonesia dari syndromsyndrom hanya ada di game dan aplikasi initiktokrobloxffpubgsakura dan game dllknp sih ada aturan gini gw ga nonton aneh aneh di yutublu niat mau ngembangin negara indonesia tapi apa lu malah merusak kebahagiaan anak dan lu jg bikin kesel mentang lu pemerintah bisa menguasai semua aplikasigw tunggu 67 tahun dlu untuk bisa on yutub biasa lu bikin mental anak rusak dan lu gilakami para anak akan memberhentikan yutub untuk si ban dan semacam aplikasi lainnya,negative
2BdXibzPPyc,g peduli lgi gue,g peduli lgi gue,neutral
2BdXibzPPyc,Saya akan kembali ke youtube kids sebagai anak biasa,saya akan kembali ke youtube kids sebagai anak biasa,neutral
2BdXibzPPyc,Dasarrrr,dasarrrr,negative
2BdXibzPPyc,Saya setuju bangat,saya setuju bangat,positive
2BdXibzPPyc,Padahal subs ku udh 243 ini pun butuh 1 tahun ngumpulin nya;(<br>  Yaaa harus ngulang lagii<br>Padahal aku mau dapet play button..,padahal subs ku udh 243 ini pun butuh 1 tahun ngumpulin nya yaaa harus ngulang lagiipadahal aku mau dapet play button,negative
2BdXibzPPyc,Alahhh the fu**,alahhh the fu,negative
2BdXibzPPyc,Lihat mukanya aja pengen ku tonjok. Eh justru anak anak yang dibawah umur ini butuh hiburan dari YouTube,lihat mukanya aja pengen ku tonjok eh justru anak anak yang dibawah umur ini butuh hiburan dari youtube,negative
2BdXibzPPyc,"Justru anak anak yang membutuhkan tutorial di YouTube atau jadi konten kreator. Apalagi banyak konten kreator di bawah umur, YouTube juga bisa menjadi platform video jika kita lagi bosen misalnya baca buku atau Ingn main sesuatu yang bikin bosen gitu. Platform media sosial itu lah seperti YouTube dan Roblox menjadi platform utama untuk kita seperti tutorial atau kreasi. Jadi untuk sekarang kita masih belum butuh peraturan seperti itu",justru anak anak yang membutuhkan tutorial di youtube atau jadi konten kreator apalagi banyak konten kreator di bawah umur youtube juga bisa menjadi platform video jika kita lagi bosen misalnya baca buku atau ingn main sesuatu yang bikin bosen gitu platform media sosial itu lah seperti youtube dan roblox menjadi platform utama untuk kita seperti tutorial atau kreasi jadi untuk sekarang kita masih belum butuh peraturan seperti itu,negative
2BdXibzPPyc,Kalo game Roblox bakal di tutup masa kita anak anak di bawah 16 tahun harus main among US atau lainnya,kalo game roblox bakal di tutup masa kita anak anak di bawah 16 tahun harus main among us atau lainnya,negative
2BdXibzPPyc,NGGAK AKU NGGAK SETUJU,nggak aku nggak setuju,negative
2BdXibzPPyc,😭😭😭 pls lah jangan kami juga punya hak buat bermain percuma kami kalo punya handphone,pls lah jangan kami juga punya hak buat bermain percuma kami kalo punya handphone,negative
2BdXibzPPyc,Demo² 🤬🤬🤬🤬🤬🤬🤬,demo,negative
2BdXibzPPyc,sok jadi tuhan lo,sok jadi tuhan lo,negative
2BdXibzPPyc,13-16 tahun kan? Bukan 12 tahun?,1316 tahun kan bukan 12 tahun,negative
2BdXibzPPyc,Pakai hp emak ku aja lah kan aku Tunggal gak punya adek jadinya gak direbut tuh hp,pakai hp emak ku aja lah kan aku tunggal gak punya adek jadinya gak direbut tuh hp,neutral
2BdXibzPPyc,Gk aku gimana mau bikin konten untuk gasilin uang itu juga untuk orang tua ku😭😭,gk aku gimana mau bikin konten untuk gasilin uang itu juga untuk orang tua ku,negative
2BdXibzPPyc,Alhamdulillah tiktok udah ditidak di akses oleh orang dongo,alhamdulillah tiktok udah ditidak di akses oleh orang dongo,positive
2BdXibzPPyc,"Ngilangin akun medsos elit, ngilangin koruptor sulit😂",ngilangin akun medsos elit ngilangin koruptor sulit,neutral
2BdXibzPPyc,Channelku😭,channelku,negative
2BdXibzPPyc,Alah😢😢😢😢,alah,negative
2BdXibzPPyc,Kami sudah muak. <br>Putus asa BESAR!<br>baiknya mereka masuk neraka 🔥.<br><br>Kerjanya bikin anak kecil frustasi doang lu 😤,kami sudah muak putus asa besarbaiknya mereka masuk neraka kerjanya bikin anak kecil frustasi doang lu,negative
2BdXibzPPyc,Alah 😂,alah,negative
2BdXibzPPyc,Mantap... Tapi pakai nik,mantap tapi pakai nik,positive
2BdXibzPPyc,Pembatasan penggunaan sosmed bagi anak-anak bukanlah solusi yang hakiki karena mereka akan tetap bisa bersosmed dengan akun palsu atau akun orang lain apalagi game online ini memberikan dampak negatif yaitu kecanduan. Dunia digital sosmed digunakan untuk kepentingan para kapitalis ada keuntungannya bagi mereka maka sudah tak heran penguasa membuat aturan setengah hati. Islam mengatur dunia digital atas kemaslahatan umat yaitu membuat dunia sosmed untuk menambah keimanan kepada Allah dan dari sosmed tersebut membentuk generasi yang takut kepada Allah serta  menjalankan aturan Nya dengan sempurna sebab generasi mampu memilah perbuatan baik atau buruk.,pembatasan penggunaan sosmed bagi anakanak bukanlah solusi yang hakiki karena mereka akan tetap bisa bersosmed dengan akun palsu atau akun orang lain apalagi game online ini memberikan dampak negatif yaitu kecanduan dunia digital sosmed digunakan untuk kepentingan para kapitalis ada keuntungannya bagi mereka maka sudah tak heran penguasa membuat aturan setengah hati islam mengatur dunia digital atas kemaslahatan umat yaitu membuat dunia sosmed untuk menambah keimanan kepada allah dan dari sosmed tersebut membentuk generasi yang takut kepada allah serta menjalankan aturan nya dengan sempurna sebab generasi mampu memilah perbuatan baik atau buruk,negative
2BdXibzPPyc,Setuju sih tapi jangan berlebihan 🗿,setuju sih tapi jangan berlebihan,positive
2BdXibzPPyc,"Setuju ,TPI lebih setuju KLO aplikasi game yg sering dimainkan anak anak",setuju tpi lebih setuju klo aplikasi game yg sering dimainkan anak anak,positive
2BdXibzPPyc,"S7 sih yang penting jangan kebablasan. Takutnya kebablasan, malah aturannya ditambah ntar dr usia 16 sampai 60 tahun. 😁😁😁",s7 sih yang penting jangan kebablasan takutnya kebablasan malah aturannya ditambah ntar dr usia 16 sampai 60 tahun,positive
Hy5rx58GES4,"kalo g pake KTP, mana tau usianya.. bisa dikarang",kalo g pake ktp mana tau usianya bisa dikarang,neutral
Hy5rx58GES4,Gak boleh kalau aplikasinya kami di Batasin Batasin noh judol sama uang pajak kami,gak boleh kalau aplikasinya kami di batasin batasin noh judol sama uang pajak kami,negative
Hy5rx58GES4,Saya setuju tapi saya tidak setuju kalau YouTube dan Roblox di hapus <br>saya tidak setuju 😢😢😢,saya setuju tapi saya tidak setuju kalau youtube dan roblox di hapus saya tidak setuju,negative
Hy5rx58GES4,Untuk ada gotube,untuk ada gotube,neutral
Hy5rx58GES4,"GAME,SOSMED DI HAPUS!!???<br>JUDI KAGA DI HAPUS!?<br>PERCUMA LU BIKIN ATURAN KAYA GINI NANTI UJUNG-UJUNGNYA ORANG DEWASA GAK BERPENDIDIKAN!!!!!!😠😠😠😠😠😠😠😡😡🤬🤬🤬🤬🤬🤬",gamesosmed di hapusjudi kaga di hapuspercuma lu bikin aturan kaya gini nanti ujungujungnya orang dewasa gak berpendidikan,negative
Hy5rx58GES4,aku tidak setuju,aku tidak setuju,negative
Hy5rx58GES4,jangan dulu umur ku 20,jangan dulu umur ku 20,negative
Hy5rx58GES4,Diblokir aja😂😂,diblokir aja,positive
Hy5rx58GES4,Kalo YouTube saya tidak setuju 🤬🤬🤬🤬,kalo youtube saya tidak setuju,negative
Hy5rx58GES4,Saya setuju tapi YouTube jangan karna cita cita saya jadi YouTubers dan juga di akun kedua saya udah hampir 100 subscribe dan juga biarkan anak anak bermain YouTube karna tidak ada tontonan lain,saya setuju tapi youtube jangan karna cita cita saya jadi youtubers dan juga di akun kedua saya udah hampir 100 subscribe dan juga biarkan anak anak bermain youtube karna tidak ada tontonan lain,negative
Hy5rx58GES4,Euhmmm terus main apa? Main babybus????? 💢,euhmmm terus main apa main babybus,neutral
Hy5rx58GES4,Boleh aja asal jangan bedain usia aja kayak anak sama anak org dewasa sama org dewasa jangan diblokir,boleh aja asal jangan bedain usia aja kayak anak sama anak org dewasa sama org dewasa jangan diblokir,positive
Hy5rx58GES4,You tube jangan lah 😢😢😢😢😢😢😢😢😢😢😢😢😢😢😢😢,you tube jangan lah,negative
Hy5rx58GES4,Saya sangat setuju karna ini sangat bermanfaat tapi kalo YouTube saya tidak setuju,saya sangat setuju karna ini sangat bermanfaat tapi kalo youtube saya tidak setuju,positive
Hy5rx58GES4,Roblox udah gak bisa chat di tambah gak boleh nonton YouTube,roblox udah gak bisa chat di tambah gak boleh nonton youtube,negative
Hy5rx58GES4,Ngatur banget lu😡,ngatur banget lu,negative
Hy5rx58GES4,Gue GK setuju banget umur gua 10 kita tu cuma mau hiburan kali kita tu mau bahagia tau GK lu,gue gk setuju banget umur gua 10 kita tu cuma mau hiburan kali kita tu mau bahagia tau gk lu,negative
Hy5rx58GES4,Tapi harus konsekwen lo bapak2 yang bikin aturan.....peraturan jangan untuk RAKYAT saja....tapi harus diterapkan juga untuk keluarga dan anak2 sampean lo ya......INGAT.....berbuat dan berlakulah adil....insya Allaah jabatan danpangkat sampean akan berkah dunia akhirat...!👍👍👍,tapi harus konsekwen lo bapak2 yang bikin aturanperaturan jangan untuk rakyat sajatapi harus diterapkan juga untuk keluarga dan anak2 sampean lo yaingatberbuat dan berlakulah adilinsya allaah jabatan danpangkat sampean akan berkah dunia akhirat,positive
Hy5rx58GES4,Kami para anak anak tdk setuju aku masih 11 thn aku ga setuju 😭😭😭😭,kami para anak anak tdk setuju aku masih 11 thn aku ga setuju,negative
Hy5rx58GES4,"Kalo pembuatan akun tidak berdasarkan  NIK tapi dengan nomor seluler, bgmna mendeteksi se²org berada 16 tahun ke bawah? Dan bgmna jika pakai identitas org lain atau memaksa pakai HP ortunya? <br>Regulasi mah gampang tapi penerapan dan pengawasan yg tdk segampang itu!",kalo pembuatan akun tidak berdasarkan nik tapi dengan nomor seluler bgmna mendeteksi seorg berada 16 tahun ke bawah dan bgmna jika pakai identitas org lain atau memaksa pakai hp ortunya regulasi mah gampang tapi penerapan dan pengawasan yg tdk segampang itu,negative
Hy5rx58GES4,Supaya anak tau diri.,supaya anak tau diri,positive
Hy5rx58GES4,"Syukur alhamdullah, bisa ada aturan ini.",syukur alhamdullah bisa ada aturan ini,positive
Hy5rx58GES4,"Nah ini baru aturan yg bener,sangat se7",nah ini baru aturan yg benersangat se7,positive
Hy5rx58GES4,Sangat sangat setuju...,sangat sangat setuju,positive
Hy5rx58GES4,Setuju sekali tapi pendidikan sejarah kembalikan juga ini sangat penting untuk generasi penerus bangsa,setuju sekali tapi pendidikan sejarah kembalikan juga ini sangat penting untuk generasi penerus bangsa,positive
Hy5rx58GES4,Nah itu setuju saya,nah itu setuju saya,positive
Hy5rx58GES4,"Ini program bagus,kalau bnran jd",ini program baguskalau bnran jd,positive
Hy5rx58GES4,Setuju sekali,setuju sekali,positive
Hy5rx58GES4,Kami setuju kadang2 anak dibawah 16 th kll sudah maen hp rata 2semua lupa diri.setuju setuju setuju..dulu di masjid di musoollah anak2 rame pada ngaji kumpul. sekarang semua pada maen hp gak perduli waktu mantaaap,kami setuju kadang2 anak dibawah 16 th kll sudah maen hp rata 2semua lupa dirisetuju setuju setujudulu di masjid di musoollah anak2 rame pada ngaji kumpul sekarang semua pada maen hp gak perduli waktu mantaaap,positive
Hy5rx58GES4,Kami sgt setuju bila membenahi ke arah yg lebih good lbih positip keturunan dari kita ank Indonesia agr cerdas semua kalo pinter SDH bnyak yg keplinger ngga guna,kami sgt setuju bila membenahi ke arah yg lebih good lbih positip keturunan dari kita ank indonesia agr cerdas semua kalo pinter sdh bnyak yg keplinger ngga guna,positive
Hy5rx58GES4,Setuju....,setuju,positive
Hy5rx58GES4,Ngatur sialan,ngatur sialan,negative
RsKRrIp--Mg,Bang cara mencegah bocil membeli akun orang dewasa bisa di denda GK sih bang AQ punya tetangga songong mereka memanjakan anak ya demi keuntungan si bocil damn kedua orang tua ya walau peneninta sudah membokrir akun mereka Masih banyak bocil yang membeli akun orang dewasa itu apa ada denda ya ....,bang cara mencegah bocil membeli akun orang dewasa bisa di denda gk sih bang aq punya tetangga songong mereka memanjakan anak ya demi keuntungan si bocil damn kedua orang tua ya walau peneninta sudah membokrir akun mereka masih banyak bocil yang membeli akun orang dewasa itu apa ada denda ya,positive
RsKRrIp--Mg,Setuju mampus  Luh bocil kerena itu belajar bocil 😂,setuju mampus luh bocil kerena itu belajar bocil,positive
RsKRrIp--Mg,"Gimana caranya coba membatasi nya?<br>Dengan membelokir usia gitu?<br>Kan usia bisa manipulasi, tinggal masukkan tahun lahir 1990 itu sudah dianggap dewasa meskipun yang membuat akun nya masih 10 tahun.<br>Emangnya mereka bisa tahu gitu yang bikin akun masih anak-anak atau sudah dewasa.?",gimana caranya coba membatasi nyadengan membelokir usia gitukan usia bisa manipulasi tinggal masukkan tahun lahir 1990 itu sudah dianggap dewasa meskipun yang membuat akun nya masih 10 tahunemangnya mereka bisa tahu gitu yang bikin akun masih anakanak atau sudah dewasa,negative
RsKRrIp--Mg,Nooooooooooooooooo,nooooooooooooooooo,negative
RsKRrIp--Mg,"SETUJU 😊<br>Gantinya, dibuat aplikasi2 yg memang mendidik n edukasi buat ank. Thx",setuju gantinya dibuat aplikasi2 yg memang mendidik n edukasi buat ank thx,positive
RsKRrIp--Mg,"Bg ini sykan msi 14 tahun, akun akun saya juga usia 14. Ini kok masih bisa....",bg ini sykan msi 14 tahun akun akun saya juga usia 14 ini kok masih bisa,neutral
RsKRrIp--Mg,Email bisa dipalsukan 😂 usia,email bisa dipalsukan usia,negative
RsKRrIp--Mg,Menurut aku membatas kan aja video negatif di bawah umur 13 tahun kenapa karena untuk membatasi anak yang menonton yang tidak cukup umur nya dan juga tiktok atau pun Instragram dan pembullyan pun sangat tidak boleh dan YouTube berguna nya bisa belajar di layar dan menonton untuk cukup umur itu aja sih kalo aku,menurut aku membatas kan aja video negatif di bawah umur 13 tahun kenapa karena untuk membatasi anak yang menonton yang tidak cukup umur nya dan juga tiktok atau pun instragram dan pembullyan pun sangat tidak boleh dan youtube berguna nya bisa belajar di layar dan menonton untuk cukup umur itu aja sih kalo aku,negative
RsKRrIp--Mg,Tpi kan kalu anak² tapi kalian harus sepakat ngeblokir juga judol,tpi kan kalu anak tapi kalian harus sepakat ngeblokir juga judol,neutral
RsKRrIp--Mg,"Sangat setuju dengan kebijaksanaan ini, kita sebagai orang bisa membina anak juga",sangat setuju dengan kebijaksanaan ini kita sebagai orang bisa membina anak juga,positive
RsKRrIp--Mg,"Bye bye kiddo 😂😂😂, finally",bye bye kiddo finally,positive
RsKRrIp--Mg,"What besok kan tanggal 28<br>Gk bisa nonton shalawat , mewarnai , <br>Hafalan Al-quran dan belajar<br><br>Lebih baik sih di bawah umur 10 tahun aj di batasinnya<br><br>Pokoknya aku gk setuju",what besok kan tanggal 28gk bisa nonton shalawat mewarnai hafalan alquran dan belajarlebih baik sih di bawah umur 10 tahun aj di batasinnyapokoknya aku gk setuju,negative
RsKRrIp--Mg,"Nahh ini karna abg nya bahas nya kurang jelas ini yang tepat, di google ada yang bilang itu berita (HOAKS) dan yang lebih aneh komdigi yang post tapi ada tulisan kecil(tiktok, YouTube, bigo live, roblox, Instagram, dll)akan di nonaktifkan tapii bukan blok YouTube dan dll tapi blok akun anak di bawah 16 th nahhh itu yang lebih jelass",nahh ini karna abg nya bahas nya kurang jelas ini yang tepat di google ada yang bilang itu berita hoaks dan yang lebih aneh komdigi yang post tapi ada tulisan keciltiktok youtube bigo live roblox instagram dllakan di nonaktifkan tapii bukan blok youtube dan dll tapi blok akun anak di bawah 16 th nahhh itu yang lebih jelass,neutral
RsKRrIp--Mg,Bentar donlod youtube kids dulu,bentar donlod youtube kids dulu,neutral
RsKRrIp--Mg,TAMATLAH SUDAH INIMAH,tamatlah sudah inimah,negative
RsKRrIp--Mg,Tukang ngatur,tukang ngatur,negative
RsKRrIp--Mg,Kalau aku gak setuju seharusnua jgn dibawah anak umur 16 karena di sekolah ku kelas 6 SD udh tka dan kelas 6 umurnya 12 sampai 13 sehrusnya dibawah unur 9 atau 11 itu lebih bagus,kalau aku gak setuju seharusnua jgn dibawah anak umur 16 karena di sekolah ku kelas 6 sd udh tka dan kelas 6 umurnya 12 sampai 13 sehrusnya dibawah unur 9 atau 11 itu lebih bagus,negative
RsKRrIp--Mg,Aku sih setuju bgt,aku sih setuju bgt,positive
RsKRrIp--Mg,Jahat bgt padahal dengan media sosial bisa belajar loh 😭,jahat bgt padahal dengan media sosial bisa belajar loh,negative
RsKRrIp--Mg,Dah lah mending gua main pou kalo begini🙏,dah lah mending gua main pou kalo begini,negative
RsKRrIp--Mg,Kecewa berat YouTube di blokir,kecewa berat youtube di blokir,negative
RsKRrIp--Mg,Singkat padat gak setuju,singkat padat gak setuju,negative
RsKRrIp--Mg,Dahlah GK bisa ngonten 🗿lagi,dahlah gk bisa ngonten lagi,negative
RsKRrIp--Mg,Pemerintah ga guna cuma ngomong stop judol di stop2 juga bakal di lakukiin jadi kalau mau belajar apa harus lewat apa pemerintah gblk,pemerintah ga guna cuma ngomong stop judol di stop2 juga bakal di lakukiin jadi kalau mau belajar apa harus lewat apa pemerintah gblk,negative
RsKRrIp--Mg,NGGAK SETUJU,nggak setuju,negative
RsKRrIp--Mg,Nggak jelas,nggak jelas,negative
RsKRrIp--Mg,Udah gk ada game youtube gak ad teman lagi ff dihapus kan anjin∆,udah gk ada game youtube gak ad teman lagi ff dihapus kan anjin,negative
RsKRrIp--Mg,Masa umur 15 14 13 12 11 10 9 nonton yt kid?,masa umur 15 14 13 12 11 10 9 nonton yt kid,negative
RsKRrIp--Mg,Aku ngak setuju bang kalo gitu aku ngak bisa  nonton apa-apa😠😠😠,aku ngak setuju bang kalo gitu aku ngak bisa nonton apaapa,negative
RsKRrIp--Mg,Ngk setuju 😡 <br><br><br><br><br>Kenapa unjung unjungnya kena semua sih 😭,ngk setuju kenapa unjung unjungnya kena semua sih,negative
RsKRrIp--Mg,Hadeh oi gw kalo main game itu untuk hiburan dan YouTube untuk hiburan juga jadi jangan nonaktifkan anj😑,hadeh oi gw kalo main game itu untuk hiburan dan youtube untuk hiburan juga jadi jangan nonaktifkan anj,negative
RsKRrIp--Mg,Youtube gak salah apa apa wok kalau emang ada chennel yang salah ya blokir aja,youtube gak salah apa apa wok kalau emang ada chennel yang salah ya blokir aja,negative
RsKRrIp--Mg,Blokir itu situs judol Sabatoto. Kenapa bikin peraturan gk jelas.,blokir itu situs judol sabatoto kenapa bikin peraturan gk jelas,negative
RsKRrIp--Mg,"Pake hape emak kalian, beres masalah.",pake hape emak kalian beres masalah,neutral
RsKRrIp--Mg,Mending kill aja yt kids soalnya ada konten ga baik,mending kill aja yt kids soalnya ada konten ga baik,neutral
RsKRrIp--Mg,Kenapa tidak di bawah 13,kenapa tidak di bawah 13,negative
RsKRrIp--Mg,Wow keren alias bodoh !!! Aku kan YouTube agak besar lah tapi kalu ada yang ngejek biasa aja aku lol,wow keren alias bodoh aku kan youtube agak besar lah tapi kalu ada yang ngejek biasa aja aku lol,negative
RsKRrIp--Mg,gak setuju dasar pemerintah g@blok,gak setuju dasar pemerintah gblok,negative
RsKRrIp--Mg,Gk,gk,negative
RsKRrIp--Mg,"Anak anak yg mengembangkan ide dan kreativitas mereka sampe dia udh diatas puluhan ribu subs be like:<br>&quot;Jadi kamu bilang kalo ini akan membantu kami? Hal ini hanya dapat merusakkan mental anak dan akan membuat anak2 memendam kelebihan mereka hanya karena kejadian ini&quot;<br>Masih mending kalau itu dinonaktifkan terus kalau udah 16 tahun itu bisa dibuka lagi dan itu tidak akan mengubah channel nya, lha ini harus buat lagi 🗿<br><br><br><br><br> terlalu memecahkan masalah sekali ya...",anak anak yg mengembangkan ide dan kreativitas mereka sampe dia udh diatas puluhan ribu subs be likejadi kamu bilang kalo ini akan membantu kami hal ini hanya dapat merusakkan mental anak dan akan membuat anak2 memendam kelebihan mereka hanya karena kejadian inimasih mending kalau itu dinonaktifkan terus kalau udah 16 tahun itu bisa dibuka lagi dan itu tidak akan mengubah channel nya lha ini harus buat lagi terlalu memecahkan masalah sekali ya,negative
RsKRrIp--Mg,Saya nggak setuju 🥀🥀,saya nggak setuju,negative
RsKRrIp--Mg,Komdigi sampah tolol ngetok bangsat bodoh dongo,komdigi sampah tolol ngetok bangsat bodoh dongo,negative
RsKRrIp--Mg,Saya tidak setuju,saya tidak setuju,negative
RsKRrIp--Mg,Mending mah di batasi dari pada di ban ( setuju? ),mending mah di batasi dari pada di ban setuju,neutral
RsKRrIp--Mg,Nggak setuju,nggak setuju,negative
RsKRrIp--Mg,Yuk para bocil demo demo harus nya korupsi aja jangan blokir pemerintah tolol,yuk para bocil demo demo harus nya korupsi aja jangan blokir pemerintah tolol,negative
RsKRrIp--Mg,Woi kan bisa juga main yang lain🫤😊,woi kan bisa juga main yang lain,neutral
RsKRrIp--Mg,Gak bebas bet ni negara,gak bebas bet ni negara,negative
RsKRrIp--Mg,Nggk setuju😢😢😢😢,nggk setuju,negative
RsKRrIp--Mg,Setuju👍 saya berumur 15,setuju saya berumur 15,positive
RsKRrIp--Mg,Kasian Cok konten kreator yang cari nafkah lewat medsos,kasian cok konten kreator yang cari nafkah lewat medsos,negative
RsKRrIp--Mg,Itu hoax<br>Yang dimaksud hoax itu <br>Sosmed nya akan di blokir itu hoax yang benar itu dibatasi saja,itu hoaxyang dimaksud hoax itu sosmed nya akan di blokir itu hoax yang benar itu dibatasi saja,neutral
RsKRrIp--Mg,Kita akan kembali ke YouTube kids,kita akan kembali ke youtube kids,neutral
RsKRrIp--Mg,Jadi pengen demo,jadi pengen demo,negative
RsKRrIp--Mg,Gak setujusih,gak setujusih,negative
RsKRrIp--Mg,"Kan cuma akun, kan berarti masih bisa nonton yt tapi gak bisa buat video bagi anak dibawah umur 16 thn",kan cuma akun kan berarti masih bisa nonton yt tapi gak bisa buat video bagi anak dibawah umur 16 thn,neutral
RsKRrIp--Mg,Itu cuman dibatasi blokir❌dibatasi✔️,itu cuman dibatasi blokirdibatasi,neutral
RsKRrIp--Mg,Kalo aku mau seharusnya jgn di bawah 16 Krn di sekolah gw kalo kls 6 udh tka dan kls 6 umurnya 12 seharusnya dibawah 9-10 atau 11-12 di nonaktifkan lebih bagus,kalo aku mau seharusnya jgn di bawah 16 krn di sekolah gw kalo kls 6 udh tka dan kls 6 umurnya 12 seharusnya dibawah 910 atau 1112 di nonaktifkan lebih bagus,negative
RsKRrIp--Mg,Cara bagus<br>Nonton dari YouTube dari chrome <br>Main Roblox baru bikin tahun jaman majapahit,cara bagusnonton dari youtube dari chrome main roblox baru bikin tahun jaman majapahit,neutral
RsKRrIp--Mg,Nanti Kita Saat 28 mar 2026 kita demo yuk siapa yang mau ikut,nanti kita saat 28 mar 2026 kita demo yuk siapa yang mau ikut,negative
RsKRrIp--Mg,Gak gua gak setuju 🥀🥀,gak gua gak setuju,negative
RsKRrIp--Mg,woi anjing ini anak kecil juga lama lama gini demo nih 😡😡😡😡😡😡😡,woi anjing ini anak kecil juga lama lama gini demo nih,negative
RsKRrIp--Mg,"Aku setuju soalnya banyak cyberbullying di berbagai platform dan juga bisa jadi brainrot/pelupa kalo lama-lama main hp eh Tapi jangan YouTube gimana mau cari tentang pelajaran gitu, iya aku tau bisa belajar di sekolah tapi kadang-kadang guru ga niat ngajar. Kalo di medsos bisa ulang-ulang dan langsung ngerti<br><br>Opini ku aja yha..",aku setuju soalnya banyak cyberbullying di berbagai platform dan juga bisa jadi brainrotpelupa kalo lamalama main hp eh tapi jangan youtube gimana mau cari tentang pelajaran gitu iya aku tau bisa belajar di sekolah tapi kadangkadang guru ga niat ngajar kalo di medsos bisa ulangulang dan langsung ngertiopini ku aja yha,positive
lM-QZ4uCXuk,Kita jadi lemes karena dengerin suara menyebalkan itu,kita jadi lemes karena dengerin suara menyebalkan itu,negative
lM-QZ4uCXuk,"Aduh, aku mau buat akun khusus share resep makanan, udah enggak bisa😢😢 kena batasan",aduh aku mau buat akun khusus share resep makanan udah enggak bisa kena batasan,negative
lM-QZ4uCXuk,Kalo beneran kita harus ngapain bengong gitu😢,kalo beneran kita harus ngapain bengong gitu,negative
lM-QZ4uCXuk,"Bocil pada klenger, guru ga bisa tiktod&#39;an lagi, ortu rebutan hp Ama bocil buat pansos... Sukurin 😂😂😂, kalo bisa, sekalian itu anak dibawah umur 18 tahun dilarang mengakses internet dan memiliki gadget atau dalam pengawasan orang tua. Mantap",bocil pada klenger guru ga bisa tiktodan lagi ortu rebutan hp ama bocil buat pansos sukurin kalo bisa sekalian itu anak dibawah umur 18 tahun dilarang mengakses internet dan memiliki gadget atau dalam pengawasan orang tua mantap,positive
lM-QZ4uCXuk,sok ngatur😂,sok ngatur,negative
lM-QZ4uCXuk,Awokawokawok tapi aku dari awal udah pakai akun orang tua jadi aman. Santai aja wkwkwk😂,awokawokawok tapi aku dari awal udah pakai akun orang tua jadi aman santai aja wkwkwk,neutral
lM-QZ4uCXuk,"Udah salah nyolot pula, dah jelek ngatur pula",udah salah nyolot pula dah jelek ngatur pula,negative
lM-QZ4uCXuk,Mending blokir roblox,mending blokir roblox,neutral
lM-QZ4uCXuk,Jangan sosmed saya ada data2,jangan sosmed saya ada data2,negative
lM-QZ4uCXuk,Emang roblox salah apa kita ini anak anak dan itu game untuk menghibur kita dan aplikasi lain nya tidak salah orang nya yang salah,emang roblox salah apa kita ini anak anak dan itu game untuk menghibur kita dan aplikasi lain nya tidak salah orang nya yang salah,negative
lM-QZ4uCXuk,"Dah lah gue mah pasrah aja 😔 ,kalo kata Saya jangan di blokir tapi di awasi / lebih di amankan ,anggap aja kita ajarin anak/ orang lain cara makan ikan, kan ada bagian daging dan duri , jadi yang di ajarkan kita harus pisahkan daging dari duri  , jadi kita harus pisahkan yang positif sama yang negatif , itu saran saya",dah lah gue mah pasrah aja kalo kata saya jangan di blokir tapi di awasi lebih di amankan anggap aja kita ajarin anak orang lain cara makan ikan kan ada bagian daging dan duri jadi yang di ajarkan kita harus pisahkan daging dari duri jadi kita harus pisahkan yang positif sama yang negatif itu saran saya,negative
lM-QZ4uCXuk,Hp hp kami kok kau yang ngatur uuuuu yang beliin hp mak bapak kita anjirrr ngatur bangett apa lagi pemerintah uuuuu berisik bangett sihh apasih uuuu berisikk bangettt🤣🤣🤣🤣🤣,hp hp kami kok kau yang ngatur uuuuu yang beliin hp mak bapak kita anjirrr ngatur bangett apa lagi pemerintah uuuuu berisik bangett sihh apasih uuuu berisikk bangettt,negative
lM-QZ4uCXuk,Kalo mau blokir minimal jangan Roblox ga guna lebih guna sawit lahan nya banyak sono tanem sawit bikin banjir tau yeu kocak😒,kalo mau blokir minimal jangan roblox ga guna lebih guna sawit lahan nya banyak sono tanem sawit bikin banjir tau yeu kocak,negative
lM-QZ4uCXuk,Noooooooooooooo robloxku,noooooooooooooo robloxku,negative
lM-QZ4uCXuk,Aku umur 8 Roblox jangan dong semua anak anak bisa bunuh diri aku di jurang ini ada kesempatan,aku umur 8 roblox jangan dong semua anak anak bisa bunuh diri aku di jurang ini ada kesempatan,negative
lM-QZ4uCXuk,pemerintah membuat Indonesia maju❌<br>pemerintah membuat anak bosan ✅🗿🗿🗿,pemerintah membuat indonesia majupemerintah membuat anak bosan,negative
lM-QZ4uCXuk,Setuju buk 🎉🎉🎉🎉,setuju buk,positive
lM-QZ4uCXuk,Yang 15 tahun dimaklumi harusnya,yang 15 tahun dimaklumi harusnya,neutral
lM-QZ4uCXuk,Batalin🙅🙅🙅🙅🙅🙅🙅,batalin,negative
lM-QZ4uCXuk,aku  belajar  lagu iqro   itu  di  yutube   kenapa,aku belajar lagu iqro itu di yutube kenapa,negative
lM-QZ4uCXuk,otakmu ketinggalan dmn? kekuatan net indo sudah mendunia kau hancurkan,otakmu ketinggalan dmn kekuatan net indo sudah mendunia kau hancurkan,negative
lM-QZ4uCXuk,SETUJU. KAPAN MULAI?,setuju kapan mulai,positive
lM-QZ4uCXuk,Yah mau nangis,yah mau nangis,negative
lM-QZ4uCXuk,Apa ia akun kita ilang si kalo ilang salah lu ya awas lu🗿,apa ia akun kita ilang si kalo ilang salah lu ya awas lu,negative
lM-QZ4uCXuk,Jangannnn moga hoax,jangannnn moga hoax,negative
lM-QZ4uCXuk,Untung gua bocil epep,untung gua bocil epep,neutral
lM-QZ4uCXuk,YOUTUBE JANGAN PLIS YANG LAIN BIARKAN ASAL YOUTUBE JANGAN,youtube jangan plis yang lain biarkan asal youtube jangan,negative
lM-QZ4uCXuk,Sip setuju,sip setuju,positive
lM-QZ4uCXuk,Judi online gak  di blokir tapi malahan game YouTube mau di batasi malah,judi online gak di blokir tapi malahan game youtube mau di batasi malah,negative
lM-QZ4uCXuk,Ya kita nonton youtube kids seperti semula🗿,ya kita nonton youtube kids seperti semula,neutral
lM-QZ4uCXuk,Malah aku ujian pakai yt,malah aku ujian pakai yt,neutral
lM-QZ4uCXuk,Setuju gua ..gen alpha KLO udh kena hp males,setuju gua gen alpha klo udh kena hp males,positive
lM-QZ4uCXuk,Hei akun saya yang di bawah umur di hapus saya tidak jahat emang anak kecil itu aslinya gak boleh main hp tapi aku belajar juga pake aplikasi aku tidak judi tidak menonton porno dan yang lain²nya,hei akun saya yang di bawah umur di hapus saya tidak jahat emang anak kecil itu aslinya gak boleh main hp tapi aku belajar juga pake aplikasi aku tidak judi tidak menonton porno dan yang lainnya,neutral
lM-QZ4uCXuk,Dan knp Roblox masuk juga?..... <br>G bkl ada tmn aku KLO g ada Roblox karena aku susah bgt berteman...,dan knp roblox masuk juga g bkl ada tmn aku klo g ada roblox karena aku susah bgt berteman,negative
lM-QZ4uCXuk,"Trs gmn mau dgr sholawat? , biasa nya guru dk sekolah nyuruh cri di YouTube KLO udah gini gmn?, kmi juga butuh YouTube..",trs gmn mau dgr sholawat biasa nya guru dk sekolah nyuruh cri di youtube klo udah gini gmn kmi juga butuh youtube,negative
lM-QZ4uCXuk,Kami tidak setuju 😢,kami tidak setuju,negative
lM-QZ4uCXuk,Gimana cara liat berita kaya gini kalo ngga ada tv,gimana cara liat berita kaya gini kalo ngga ada tv,negative
lM-QZ4uCXuk,anomali tingggal ganti tanggal lahir sams gmail,anomali tingggal ganti tanggal lahir sams gmail,neutral
lM-QZ4uCXuk,saya akan kembali ke YouTube kids untuk menjadi orang biasa,saya akan kembali ke youtube kids untuk menjadi orang biasa,neutral
lM-QZ4uCXuk,Syukur sih gw pake email Abang gw yg 16+...,syukur sih gw pake email abang gw yg 16,neutral
lM-QZ4uCXuk,Aku punya saran ya anak anak boleh medsos kenapa GK begini aja jika ada vidio yg tidak pantas itu di hapus dari Indonesia dan apa bila anak anak ketik kata kasar di sensor seperti Roblox dan juga Roblox itu udah ketat dan udah ada peraturan verifikasi wajah dan  KTP dan Roblox juga udah di pisah akun anak dan akun remaja dari aturan tersebut dan juga Roblox kan geme anak anak dan Roblox itu buat kreasi geme ringan dan mempelajari ilmu dan pengalaman jadi itu aja si saran ku jika ada salah maaf,aku punya saran ya anak anak boleh medsos kenapa gk begini aja jika ada vidio yg tidak pantas itu di hapus dari indonesia dan apa bila anak anak ketik kata kasar di sensor seperti roblox dan juga roblox itu udah ketat dan udah ada peraturan verifikasi wajah dan ktp dan roblox juga udah di pisah akun anak dan akun remaja dari aturan tersebut dan juga roblox kan geme anak anak dan roblox itu buat kreasi geme ringan dan mempelajari ilmu dan pengalaman jadi itu aja si saran ku jika ada salah maaf,negative
lM-QZ4uCXuk,Pemerintah sio asik,pemerintah sio asik,negative
lM-QZ4uCXuk,Pemerintah gaatur,pemerintah gaatur,negative
lM-QZ4uCXuk,Nanti gw videonya sepi please jangan!!!!😢😢,nanti gw videonya sepi please jangan,negative
lM-QZ4uCXuk,Sekolah gua hampir pake youtube semua nih gmn lah ini nanti 😢,sekolah gua hampir pake youtube semua nih gmn lah ini nanti,negative
lM-QZ4uCXuk,OKE JADI KALO ADA TUGAS LEWAT YOUTUBE GAK BISA KENA BLOKIR KITA IKUTIN PEMERINTAH JANGAN KERJAKAN PR NANTI GURU KITA BERTANYA KENAPA GAK LEWAT YOUTUBE KAN DI BLOKIR BU GURU LALU BIKIN LAH DEMO KE 2 😂😂,oke jadi kalo ada tugas lewat youtube gak bisa kena blokir kita ikutin pemerintah jangan kerjakan pr nanti guru kita bertanya kenapa gak lewat youtube kan di blokir bu guru lalu bikin lah demo ke 2,negative
lM-QZ4uCXuk,lu gak tau Roblox ya? dulu buat belajar tapi makin lama pindah ke game tapi hal kreasi masih ada!,lu gak tau roblox ya dulu buat belajar tapi makin lama pindah ke game tapi hal kreasi masih ada,negative
lM-QZ4uCXuk,bagaimana dengan YouTube?! anak anak mencari tutorial untuk hal hal yang ingin anak anak lakukan!.,bagaimana dengan youtube anak anak mencari tutorial untuk hal hal yang ingin anak anak lakukan,negative
lM-QZ4uCXuk,Kenapa Roblox kena. Lu gak ngerti kah kenapa Roblox membatasi chat dengan cara verifikasi akun agar tidak ada yang berkata kata kasar atau chat chat yang tidak pantas. Apa lagi Roblox itu bukan plaform game doang Roblox itu guna untuk kreasi bikin game sendiri sama bisa bersosialisasi dengan orang orang,kenapa roblox kena lu gak ngerti kah kenapa roblox membatasi chat dengan cara verifikasi akun agar tidak ada yang berkata kata kasar atau chat chat yang tidak pantas apa lagi roblox itu bukan plaform game doang roblox itu guna untuk kreasi bikin game sendiri sama bisa bersosialisasi dengan orang orang,negative
lM-QZ4uCXuk,"Wahh pinter bgt ya main blokir sosmed, sini udh berkarya udh berusaha jadi konten kreator malah di blokir, maksa bgt buat kita jadi pinter, tau gue klo lo bener tapi cara lo salah, misal wa lo blokir, gimana anak2 yang ngerantau mau ngehubungin ortu nya?, masa sini suruh belajar terus? Disini juga butuh hiburan!, terus sekarang roblox, game kyk gitu knp lo blokir? Map nya yang ga senonoh atau player nya? Klo map atau player nya ga senonoh lo blokir aja mereka yang salah, kita yang ga salah dan main bener malah di blokir, mikir ga?, hp buat apa hah klo semua medsos lo batasi, sisa in satu kek<br>Mau yt, tiktok, ig, Facebook dll, itu sisa in! Ga ush lo ambil semua buat di blok, otak kok kek ajg<br>Ajg aja masih pinter, kalian klo mau hujat gue gpp, hujat aja semau kalian, lo klo iri sama negara china yang siswa-siswi nya yang belajar terus, ga ush gini cara nya! Toloo bgt jadi pemerintah, tahun kemarin buat masalah pajak naik, sekarang blokir medsos",wahh pinter bgt ya main blokir sosmed sini udh berkarya udh berusaha jadi konten kreator malah di blokir maksa bgt buat kita jadi pinter tau gue klo lo bener tapi cara lo salah misal wa lo blokir gimana anak2 yang ngerantau mau ngehubungin ortu nya masa sini suruh belajar terus disini juga butuh hiburan terus sekarang roblox game kyk gitu knp lo blokir map nya yang ga senonoh atau player nya klo map atau player nya ga senonoh lo blokir aja mereka yang salah kita yang ga salah dan main bener malah di blokir mikir ga hp buat apa hah klo semua medsos lo batasi sisa in satu kekmau yt tiktok ig facebook dll itu sisa in ga ush lo ambil semua buat di blok otak kok kek ajgajg aja masih pinter kalian klo mau hujat gue gpp hujat aja semau kalian lo klo iri sama negara china yang siswasiswi nya yang belajar terus ga ush gini cara nya toloo bgt jadi pemerintah tahun kemarin buat masalah pajak naik sekarang blokir medsos,negative
lM-QZ4uCXuk,Hiburan kita itu kita juga gak main 24/7 kalo disuruh stop kami nurut juga.,hiburan kita itu kita juga gak main 247 kalo disuruh stop kami nurut juga,negative
lM-QZ4uCXuk,kita mau demontrasi kayak gini 👹👹,kita mau demontrasi kayak gini,negative
lM-QZ4uCXuk,"Bagaimana jika anak menyamarkan Usia akun tersebut?<br><br>Saran saya pemerintah jangan  hanya memblokir akun anak dibawah umur, tapi pemerintah juga harus  memblokir semua konten&quot; yang berpotensi menampilkan dan mengarah ke Exploitasi anak dibawah umur seperti konten bernuansa sexsis dan pornografi tapi menampilkan anak dibawah umur. <b>Yang seringkali akun-akun medsos ini dimiliki dan dibuat  oleh orang dewasa bukan oleh anak dibawah umur.</b>",bagaimana jika anak menyamarkan usia akun tersebutsaran saya pemerintah jangan hanya memblokir akun anak dibawah umur tapi pemerintah juga harus memblokir semua konten yang berpotensi menampilkan dan mengarah ke exploitasi anak dibawah umur seperti konten bernuansa sexsis dan pornografi tapi menampilkan anak dibawah umur yang seringkali akunakun medsos ini dimiliki dan dibuat oleh orang dewasa bukan oleh anak dibawah umur,positive
lM-QZ4uCXuk,mantap bu.. btw itu giginya pyutih amat..,mantap bu btw itu giginya pyutih amat,positive
lM-QZ4uCXuk,mantap..,mantap,positive
lM-QZ4uCXuk,Gak setuju 😏,gak setuju,negative
lM-QZ4uCXuk,Mantap.. tolong diimbangi juga dengan peningkatan SDM guru,mantap tolong diimbangi juga dengan peningkatan sdm guru,positive
lM-QZ4uCXuk,Alhamdulillah❤,alhamdulillah,positive
lM-QZ4uCXuk,Bravo ibu KOMONDIGI ....<br>Mengurangi segala nya ...demi masa depan anak ....sangat setuju,bravo ibu komondigi mengurangi segala nya demi masa depan anak sangat setuju,positive
lM-QZ4uCXuk,"Terima kasih Ibu Menteri Meutia, you will be remember as one of among very few people who understand the children&#39;s mental health matter.❤❤🎉❤",terima kasih ibu menteri meutia you will be remember as one of among very few people who understand the childrens mental health matter,positive
lM-QZ4uCXuk,Setuju<br>Bgmn dg pihak sekolah dimana gurunya ketika memberi pekerjaan rumah hanya melalui apk WhatsApp Grup ?,setujubgmn dg pihak sekolah dimana gurunya ketika memberi pekerjaan rumah hanya melalui apk whatsapp grup,positive
KIH6ZXRp9g0,"Jujur ini kebijakan terbaik, karena bbrpa kali anak smp kepergok warga, ini krna hal tabu mudah diakses diinternet",jujur ini kebijakan terbaik karena bbrpa kali anak smp kepergok warga ini krna hal tabu mudah diakses diinternet,positive
KIH6ZXRp9g0,untung aja usia ku di bawah 15 tahun 😂😂😊,untung aja usia ku di bawah 15 tahun,neutral
KIH6ZXRp9g0,Tapi kalo Facebook di hapus orang tua juga tidak bisa dong,tapi kalo facebook di hapus orang tua juga tidak bisa dong,neutral
KIH6ZXRp9g0,Bukanya bikin anak tambah pintar malah nambah strees setidaknya jangan mengajarkan anak-anak seperti itu itu bisa membuat anak-anak tambah tidak lagi semangat sekolah dan anak-anak bisa menjadi memikirkan aplikasi seperti Roblox tiktok dan yang paling di ngeluh-ngeluhin adalah YouTube banyak yang bilang setidaknya jangann YouTube itu cara salah mengajarkan anak-anak itu bisa menjadi tidak semangat dan menjadi tambah tidak semangat apa lagi Roblox dan YouTube di blokir pada sedih anak-anak cara salah mengajarkan anak-anak,bukanya bikin anak tambah pintar malah nambah strees setidaknya jangan mengajarkan anakanak seperti itu itu bisa membuat anakanak tambah tidak lagi semangat sekolah dan anakanak bisa menjadi memikirkan aplikasi seperti roblox tiktok dan yang paling di ngeluhngeluhin adalah youtube banyak yang bilang setidaknya jangann youtube itu cara salah mengajarkan anakanak itu bisa menjadi tidak semangat dan menjadi tambah tidak semangat apa lagi roblox dan youtube di blokir pada sedih anakanak cara salah mengajarkan anakanak,negative
KIH6ZXRp9g0,Setuju dgn aturan ini,setuju dgn aturan ini,positive
KIH6ZXRp9g0,Buat apa gw punya hp,buat apa gw punya hp,negative
KIH6ZXRp9g0,Plisssss youtube roblox jangan 😭😭😭,plisssss youtube roblox jangan,negative
KIH6ZXRp9g0,"Tidak, Kenapa Harus 28 Maret, Aku Itu Animators Konten😢",tidak kenapa harus 28 maret aku itu animators konten,negative
KIH6ZXRp9g0,Ah berak. Judol noh tutup,ah berak judol noh tutup,negative
KIH6ZXRp9g0,Nh baru pejabat yg peduli SMA masyarakat,nh baru pejabat yg peduli sma masyarakat,positive
KIH6ZXRp9g0,Ini baru kebijakan yg kreen n melindungi generasi bangsa,ini baru kebijakan yg kreen n melindungi generasi bangsa,positive
KIH6ZXRp9g0,"Untung anak Aku gak megang hp , mungkin setelah lewat umur 10 Baru kukasih hp jumat Dan sabtu saja,",untung anak aku gak megang hp mungkin setelah lewat umur 10 baru kukasih hp jumat dan sabtu saja,positive
OBb8iLYgMu4,AMAAAAAAN,amaaaaaan,positive
OBb8iLYgMu4,Judi online slot yg lebih berbahaya,judi online slot yg lebih berbahaya,negative
OBb8iLYgMu4,Jangan pelis 😢😢😢😢😢😢😢😢😢😢😢😢😢😢😢😢,jangan pelis,negative
OBb8iLYgMu4,Kalau Roblox dihapus yuk kembali ke pkxd,kalau roblox dihapus yuk kembali ke pkxd,neutral
OBb8iLYgMu4,Woyyyy jangan woi,woyyyy jangan woi,negative
OBb8iLYgMu4,Ngatur dunia jirr,ngatur dunia jirr,negative
OBb8iLYgMu4,"408 Maret Roblox mau dihapus, 😭😭😭😭😭😭🥹😭🥹😭🥹😭🥹😭🥹😭🥹😭🥹🥹😭😭🥹🥹😭😭",408 maret roblox mau dihapus,negative
OBb8iLYgMu4,aku udah di ben,aku udah di ben,neutral
OBb8iLYgMu4,Aku gak setuju,aku gak setuju,negative
OBb8iLYgMu4,perintah tolo  😡😡😡😡,perintah tolo,negative
OBb8iLYgMu4,Apalah dasar pembohong lo ternyata roblox gak di blokir jing tolol jing dasar pembohong,apalah dasar pembohong lo ternyata roblox gak di blokir jing tolol jing dasar pembohong,negative
OBb8iLYgMu4,Ayo kita demo,ayo kita demo,negative
OBb8iLYgMu4,perintah jelek,perintah jelek,negative
OBb8iLYgMu4,Oi pemerinta  demo yok,oi pemerinta demo yok,negative
OBb8iLYgMu4,Woi b*b,woi bb,negative
OBb8iLYgMu4,Asu,asu,negative
OBb8iLYgMu4,Lu itu sokngatur 🤬🤬🤬🤬🤬🤬💩,lu itu sokngatur,negative
OBb8iLYgMu4,woi pemerintah kenapa kau banned Roblox dia cuma pengen seru seruan waktu itu gak bisa chat sekarang malah jadi parah,woi pemerintah kenapa kau banned roblox dia cuma pengen seru seruan waktu itu gak bisa chat sekarang malah jadi parah,negative
OBb8iLYgMu4,"Orang yang lihat youtube itu para bocil sejati yang kaya kalo ada orang yang lagi ngonten susah gitu banyak bocil yang bilang &quot;ayo kak semangat kita dukung kakak&quot; <br>Terus kalo di hapus youtube nya semua bocil ga ada siapa yang like, subscribe dan follow gitu? Orang tua? Mana ada orang tua like subscribe gitu ujung² nya like nya dikit<br>Kalo youtube di hapus buat bocil<br>Udah ga ada orang terkenal lagi karna followers aja dikit subscribe pun sama aja🙂",orang yang lihat youtube itu para bocil sejati yang kaya kalo ada orang yang lagi ngonten susah gitu banyak bocil yang bilang ayo kak semangat kita dukung kakak terus kalo di hapus youtube nya semua bocil ga ada siapa yang like subscribe dan follow gitu orang tua mana ada orang tua like subscribe gitu ujung nya like nya dikitkalo youtube di hapus buat bociludah ga ada orang terkenal lagi karna followers aja dikit subscribe pun sama aja,negative
OBb8iLYgMu4,Judi aja belum diberesin,judi aja belum diberesin,neutral
OBb8iLYgMu4,aku tidak setuju huuuuuuuuuuuuuuuu,aku tidak setuju huuuuuuuuuuuuuuuu,negative
OBb8iLYgMu4,Woi itu cuman hoax Kamu ngapain dah bikin berita kayak gitu bikin aku marah nggak sih,woi itu cuman hoax kamu ngapain dah bikin berita kayak gitu bikin aku marah nggak sih,negative
OBb8iLYgMu4,plis 😢 jangan😭😭😭😭😭😭,plis jangan,negative
OBb8iLYgMu4,Dasar pemerintah oon,dasar pemerintah oon,negative
OBb8iLYgMu4,Pemerintah anjing goblok,pemerintah anjing goblok,negative
OBb8iLYgMu4,Pemerintah Pao😮 sok ngatur bejir,pemerintah pao sok ngatur bejir,negative
OBb8iLYgMu4,Demo demo,demo demo,negative
OBb8iLYgMu4,demo demo demo biar anak anak bahagia untuk bermain gang setuju demo,demo demo demo biar anak anak bahagia untuk bermain gang setuju demo,negative
OBb8iLYgMu4,Jahat lu 😢😢,jahat lu,negative
OBb8iLYgMu4,Maaf ya jika belum percaya soalnya aku itu belum di banned😅,maaf ya jika belum percaya soalnya aku itu belum di banned,neutral
OBb8iLYgMu4,Pura-pura gak dengar apa apa gak denger  kita juga kan butuh media sosial masa gitu sih yang tdk setuju  media sosial di hapus ngumpul😡😡😡😡😡😡👊👊👊👊👊👊👊🙄🙄🙄🙄🙄😒😒😒😏😏<br>👇<br>👇<br>👇<br>👇<br>👇,purapura gak dengar apa apa gak denger kita juga kan butuh media sosial masa gitu sih yang tdk setuju media sosial di hapus ngumpul,negative
OBb8iLYgMu4,Siapa yang tidak setuju 👎,siapa yang tidak setuju,negative
OBb8iLYgMu4,ayooooooo demmmooooooo gessss,ayooooooo demmmooooooo gessss,negative
OBb8iLYgMu4,Jagan plisssssasa 😢😢😢😢😢😢😢😢😢😢😢 plisssssss Masyarakat,jagan plisssssasa plisssssss masyarakat,negative
OBb8iLYgMu4,anak anak gimana kalo bosen😡😡😡😡😡😡,anak anak gimana kalo bosen,negative
OBb8iLYgMu4,Kenapa roblox juga,kenapa roblox juga,negative
OBb8iLYgMu4,Ayo demo ngentod,ayo demo ngentod,negative
OBb8iLYgMu4,Pemerintah<br>Anjing,pemerintahanjing,negative
OBb8iLYgMu4,Sosmed iyaa judi korup kagakkk demooo demmmooooo,sosmed iyaa judi korup kagakkk demooo demmmooooo,neutral
TdyE62mSXx0,NO NO NO,no no no,negative
TdyE62mSXx0,Untung aja kagak diblokir tapi Roblox diblokir kagak guys,untung aja kagak diblokir tapi roblox diblokir kagak guys,neutral
TdyE62mSXx0,mantap😂,mantap,positive
TdyE62mSXx0,demo,demo,negative
TdyE62mSXx0,Judol kok gak diblokir? Gak adil banget!!,judol kok gak diblokir gak adil banget,neutral
TdyE62mSXx0,Yang gk mu roblox nah di belokir <br>👇,yang gk mu roblox nah di belokir,negative
TdyE62mSXx0,Buat otak anak ga baik,buat otak anak ga baik,positive
TdyE62mSXx0,Ah negara gk maju mending pindah ke amrik damai gw daripada indo gw kasih rating negara indo -0,ah negara gk maju mending pindah ke amrik damai gw daripada indo gw kasih rating negara indo 0,negative
TdyE62mSXx0,Kurang judol yang mau di blokir,kurang judol yang mau di blokir,positive
TdyE62mSXx0,aku benci ibu pemerintah awas aja suatu saat nanti ibu akan liat saya menjadi presiden kalo ibu minta rumah baru tak akan ku kasih rumah baru untuk ibu!!!!!!!!!!!!!!!!!!!!😡😡😡,aku benci ibu pemerintah awas aja suatu saat nanti ibu akan liat saya menjadi presiden kalo ibu minta rumah baru tak akan ku kasih rumah baru untuk ibu,negative
TdyE62mSXx0,itu hoax itu enggak bener patut nya Roblox enggak di blokir malah ada yg beda kok asik enggak di blokir horeeeeeeeee 😊😊😊😆😆😀😀😄😄,itu hoax itu enggak bener patut nya roblox enggak di blokir malah ada yg beda kok asik enggak di blokir horeeeeeeeee,negative
TdyE62mSXx0,bagus pemerintah supaya anak punya masa depan👍  palingan yang gk terima bocil bocil fomo 😹,bagus pemerintah supaya anak punya masa depan palingan yang gk terima bocil bocil fomo,positive
TdyE62mSXx0,Main coc aja,main coc aja,neutral
TdyE62mSXx0,sok ngatur anjir 😤😤😡😡🤬,sok ngatur anjir,negative
TdyE62mSXx0,Jangan dihapus Please jangan dihapus aku masih kangen Roblox,jangan dihapus please jangan dihapus aku masih kangen roblox,negative
TdyE62mSXx0,Nooooooooo roblox 😢😢😢😢😢😢😢😢😭😭😭😭😭😭😭👋,nooooooooo roblox,negative
TdyE62mSXx0,Kok bisa anak itu butuh hiburan ml ef ef padahal gem ef ef ml itu sangat berbahaya tapi kok roblox kok dihapus😡 padahal itu gem saru tapi kok dihapus😡,kok bisa anak itu butuh hiburan ml ef ef padahal gem ef ef ml itu sangat berbahaya tapi kok roblox kok dihapus padahal itu gem saru tapi kok dihapus,negative
TdyE62mSXx0,Banyak yang gak terima jir,banyak yang gak terima jir,neutral
TdyE62mSXx0,Gue dukung keputusan,gue dukung keputusan,positive
TdyE62mSXx0,Berisik kita butuh hiburan YouTube,berisik kita butuh hiburan youtube,negative
TdyE62mSXx0,Saya tidak setuju kenapa dodol nggak diblokir kenapa kotor dibiarin kenapa kenapa kalian nggak urusin koruptor kenapa kalian nggak urusin jodol dan kalian malah urusin sosmed Saya tidak setuju,saya tidak setuju kenapa dodol nggak diblokir kenapa kotor dibiarin kenapa kenapa kalian nggak urusin koruptor kenapa kalian nggak urusin jodol dan kalian malah urusin sosmed saya tidak setuju,negative
TdyE62mSXx0,Akun orang tua/dewasa juga diusut karena hpnya dipinjam oleh anak.,akun orang tuadewasa juga diusut karena hpnya dipinjam oleh anak,positive
TdyE62mSXx0,KNP YA GAK NGURUSIN JUDI DULU HMM KNP HAH JAWABBBB🤬🤬🤬,knp ya gak ngurusin judi dulu hmm knp hah jawabbbb,negative
TdyE62mSXx0,Untungnya X Plane Dan Real Flight Simulator Gak di Blokir,untungnya x plane dan real flight simulator gak di blokir,neutral
TdyE62mSXx0,ba**t  kita juga butuh hibulan,bat kita juga butuh hibulan,negative
TdyE62mSXx0,Gimana ini subs udh banyak mau blokir ya,gimana ini subs udh banyak mau blokir ya,negative
TdyE62mSXx0,kecewa gua eh pemerintah kenapa gak di tutup ff ml fapji tuh banyak kaya memebunuh memukul tapi Roblox gara - gara Roblox adik gua selalu rangking 1 karna di main matematika nah kalo mau liat aplilasi di liat apakah bagus apa tidak judol yang gak bagus malam gak ditutup 😠😠😠,kecewa gua eh pemerintah kenapa gak di tutup ff ml fapji tuh banyak kaya memebunuh memukul tapi roblox gara gara roblox adik gua selalu rangking 1 karna di main matematika nah kalo mau liat aplilasi di liat apakah bagus apa tidak judol yang gak bagus malam gak ditutup,negative
TdyE62mSXx0,Gue baru aja ulang tahun ke-13 lu bisa-bisanya melarang remaja seperti ku untuk bermain Roblox,gue baru aja ulang tahun ke13 lu bisabisanya melarang remaja seperti ku untuk bermain roblox,negative
TdyE62mSXx0,plis pemerintah jangan suruh anak anak di bawah umur 16 tahun main game Roblox plis 😭😭😭😭😭😭😭😔,plis pemerintah jangan suruh anak anak di bawah umur 16 tahun main game roblox plis,negative
TdyE62mSXx0,Tolong hentikan sekarang dari pada anak anak terus menangis sedih dan galau,tolong hentikan sekarang dari pada anak anak terus menangis sedih dan galau,negative
TdyE62mSXx0,Woi konyol😡🤬🥵anjirr,woi konyolanjirr,negative
TdyE62mSXx0,Mau mengurangi yg protes kayaknya nih,mau mengurangi yg protes kayaknya nih,negative
TdyE62mSXx0,Pombohong kau pembohong demo demo demo demooooooooooooooo😈😈😈😈😈😈😈😤😤😤😤😤😠😠😠😠😠,pombohong kau pembohong demo demo demo demooooooooooooooo,negative
TdyE62mSXx0,HOAX😠😠😠😠😠😠😠😠😠😠😠😠😠😠😠😠dasar berita aneh,hoaxdasar berita aneh,negative
TdyE62mSXx0,"Terus kita hiburan nya gimana,😡😡😡😡😡😡😡😡😡😡😡😡😡😡😡😡😡😡😡😡😡😡😡😡🤬🤬🤬🤬",terus kita hiburan nya gimana,negative
TdyE62mSXx0,Jadi pemerintah yang Baner dikit an**Ng kami itu butuh hiburan kami gak mau mainin game lain dasar pemerintah yang Baner,jadi pemerintah yang baner dikit anng kami itu butuh hiburan kami gak mau mainin game lain dasar pemerintah yang baner,negative
TdyE62mSXx0,"Hehhhhh kenapa tulisan nya cuman Roblox padahal Roblox itu kandungan nya soal kreativitas, bahkan saya bisa belajar bahasa inggris karena Roblox apa masalahnya kenapa ga PUBG game haram ga di blokir juga! Mobile legend dan ff aja tembak tembakan bodoh apa apalagi mobile legend bunuh bunuhan masa cuma roblox lagian Roblox itu buat aku pintar inggris apa sih ini pemerintah",hehhhhh kenapa tulisan nya cuman roblox padahal roblox itu kandungan nya soal kreativitas bahkan saya bisa belajar bahasa inggris karena roblox apa masalahnya kenapa ga pubg game haram ga di blokir juga mobile legend dan ff aja tembak tembakan bodoh apa apalagi mobile legend bunuh bunuhan masa cuma roblox lagian roblox itu buat aku pintar inggris apa sih ini pemerintah,negative
TdyE62mSXx0,Plis bisa gaksih gw itu butuh bahagia lagian ngapain sih harus ada peraturan ini yang lain gitu aja gak bisa😡😡😡😡😡😡🤬🤬😤,plis bisa gaksih gw itu butuh bahagia lagian ngapain sih harus ada peraturan ini yang lain gitu aja gak bisa,negative
TdyE62mSXx0,BERISIK UDAH TAU SAYA BAPAK BAPAK KALO KONTEN BAGAIMANA❓,berisik udah tau saya bapak bapak kalo konten bagaimana,negative
TdyE62mSXx0,Kalian menghancurkan kebahagiaan,kalian menghancurkan kebahagiaan,negative
TdyE62mSXx0,Mekanismenya bgmn ?,mekanismenya bgmn,neutral
TdyE62mSXx0,Ya merati gua gak bisa bikin vidio lagi dong,ya merati gua gak bisa bikin vidio lagi dong,neutral
TdyE62mSXx0,Huuu bohong dasar sok ngatur lu pemerintah ni aja gw masih bisa🥱😹🤪lawak pemerintah kita coy😹🥱,huuu bohong dasar sok ngatur lu pemerintah ni aja gw masih bisalawak pemerintah kita coy,negative
viGBwFO3nDA,akhirnya pada gak scroling lagi,akhirnya pada gak scroling lagi,positive
viGBwFO3nDA,Gak jadi d blokir ni masih bnyak nemu bocil komen,gak jadi d blokir ni masih bnyak nemu bocil komen,neutral
viGBwFO3nDA,Bagus nya juga gak ada bocah rage bait,bagus nya juga gak ada bocah rage bait,positive
viGBwFO3nDA,😮‍💨 sebenarnya itu sangat tidak baik 🙂 itu sangat tidak baik karena aku adalah anak kecil dan memainkan game Roblox yang sangat baik tapi kenapa diblokir karena banyak yang tidak suka sama game Roblox dan mereka cuman membuat karakter mereka khususnya mereka mau 😬 Roblox Tik tok YouTube dan Instagram Facebook itu gara-gara bocil yang memainkan Roblox dan akhirnya semua pun diblokir😢,sebenarnya itu sangat tidak baik itu sangat tidak baik karena aku adalah anak kecil dan memainkan game roblox yang sangat baik tapi kenapa diblokir karena banyak yang tidak suka sama game roblox dan mereka cuman membuat karakter mereka khususnya mereka mau roblox tik tok youtube dan instagram facebook itu garagara bocil yang memainkan roblox dan akhirnya semua pun diblokir,negative
viGBwFO3nDA,Lah kan aku nontonnya youtuber,lah kan aku nontonnya youtuber,negative
viGBwFO3nDA,"This is an interesting topic—protecting kids online is important, but blocking social media completely might not be the best solution.”<br>“I think guidance and education are better than strict blocking. Kids need to learn how to use social media wisely.”<br>“Good discussion! There should be a balance between safety and freedom for teenagers.”<br>“Parents and platforms should work together instead of just banning access.”<br>“This raises a big question about digital responsibility and how we protect younger users.”",this is an interesting topicprotecting kids online is important but blocking social media completely might not be the best solutioni think guidance and education are better than strict blocking kids need to learn how to use social media wiselygood discussion there should be a balance between safety and freedom for teenagersparents and platforms should work together instead of just banning accessthis raises a big question about digital responsibility and how we protect younger users,negative
viGBwFO3nDA,Oh bertahap pantes blm kena,oh bertahap pantes blm kena,neutral
viGBwFO3nDA,Mendingan anak yang balita aja yang dinonaktifkan akunya karna kalo kita udah bukan balita pasti kita bakal tau mana yang baik dan buruk karna udah bisa mandiri terus malah udah banyak yang bikin Vidio edukasi kayak gua gua umur 10 tahun tapi gua dibawah 16 tahun apakah aku bisa membedakan mana yang baik dan buruk tentu saja bisa intinya kita yang dibawah 16 tahun akan nonton yt kids,mendingan anak yang balita aja yang dinonaktifkan akunya karna kalo kita udah bukan balita pasti kita bakal tau mana yang baik dan buruk karna udah bisa mandiri terus malah udah banyak yang bikin vidio edukasi kayak gua gua umur 10 tahun tapi gua dibawah 16 tahun apakah aku bisa membedakan mana yang baik dan buruk tentu saja bisa intinya kita yang dibawah 16 tahun akan nonton yt kids,negative
viGBwFO3nDA,"Eh tapi ad juga bbrp yg udh ngerti mana yg baik dan buruk, tetapi bbrp malah menantang diri untuk tampil yg beda membuat media sosial ribut sampai me teling pemerintah",eh tapi ad juga bbrp yg udh ngerti mana yg baik dan buruk tetapi bbrp malah menantang diri untuk tampil yg beda membuat media sosial ribut sampai me teling pemerintah,negative
viGBwFO3nDA,"Mending akun anak2 dibawah 16 tahun di beri pengawasan ketat, sprti d akun yt anak2 tontonan yg 18+ di blokir &amp; tdk dapat di akses, klw d rblx game2 nya memiliki batasan usia (dan sudah berlaku si, byk game2 yg 13+ atau 15+ gbisa di akses sm anak2 yg 13-), tiktok konten2 18+ atau g berfaedah tdk dapat di akses, gtu2 aja plsss?. G kasian ap sm konten kreator anak2 yg udh meraih ratusan, ribuan bahkan jutaan follower dan subscriber.. (Slh satunya saya, saya membuat video2 animasi tentang game dan itu smw gambaran, dan videonya buatan saya sendiri bukan AI)",mending akun anak2 dibawah 16 tahun di beri pengawasan ketat sprti d akun yt anak2 tontonan yg 18 di blokir tdk dapat di akses klw d rblx game2 nya memiliki batasan usia dan sudah berlaku si byk game2 yg 13 atau 15 gbisa di akses sm anak2 yg 13 tiktok konten2 18 atau g berfaedah tdk dapat di akses gtu2 aja plsss g kasian ap sm konten kreator anak2 yg udh meraih ratusan ribuan bahkan jutaan follower dan subscriber slh satunya saya saya membuat video2 animasi tentang game dan itu smw gambaran dan videonya buatan saya sendiri bukan ai,negative
viGBwFO3nDA,Tinggal ganti umur😊,tinggal ganti umur,neutral
viGBwFO3nDA,Sia²anjir gw beli hp guna duit gw bagus kita demo,siaanjir gw beli hp guna duit gw bagus kita demo,negative
viGBwFO3nDA,"Harusnya youtub jangan dong,kalau mau liat apaa apa GK boleh si....",harusnya youtub jangan dongkalau mau liat apaa apa gk boleh si,negative
viGBwFO3nDA,Akhir nya bocil bocil kematian akun nya di nonaktif kan😇😇😇 untung umur saya 17 thn,akhir nya bocil bocil kematian akun nya di nonaktif kan untung umur saya 17 thn,positive
viGBwFO3nDA,"Dampak positif:<br>Menghindari cyberbullying<br>Menghindari tren&quot; tidak berfaedah<br>Mengurangi paparan radiasi ke anak<br>Mengurangi resiko anak menjumpai orang berbahaya <br><br>Dampak Negatif:<br>Informasi tidak semudah dibanding memiliki sosmed<br>Hilangnya tempat menunjukkan minat &amp; bakat<br>Hilangnya tempat bersosialisasi dengan mudah<br><br>Sarana:<br>Dari SD, Anak harus sudah langsung diajari Etika berinternet. Diterapkan di rumah, sekolah, dll. Nonton YouTube  Konten yang berfaedah. Harus udah tau baik dan buruk dari kecil, caranya diajari. Diawasi ortu. Pas anaknya sudah bisa, bikinlah akun yt, Ig, dll nya. Anak pasti akan menjumpai tren&quot; tidak berfaedah. tetapi sudah mengetahui dan mengerti bahwa ya, tidak bagus. Alhasil, mereka mengabaikan tren yg tidak bagus. Dan cara algoritma sosmed bekerja, kalo diabaikan/discroll artinya tidak disuka penonton, jangan dikasih video&quot; kayak gini.<br>Fyp bersih, otak bersih, Beretika dalam berinternet.",dampak positifmenghindari cyberbullyingmenghindari tren tidak berfaedahmengurangi paparan radiasi ke anakmengurangi resiko anak menjumpai orang berbahaya dampak negatifinformasi tidak semudah dibanding memiliki sosmedhilangnya tempat menunjukkan minat bakathilangnya tempat bersosialisasi dengan mudahsaranadari sd anak harus sudah langsung diajari etika berinternet diterapkan di rumah sekolah dll nonton youtube konten yang berfaedah harus udah tau baik dan buruk dari kecil caranya diajari diawasi ortu pas anaknya sudah bisa bikinlah akun yt ig dll nya anak pasti akan menjumpai tren tidak berfaedah tetapi sudah mengetahui dan mengerti bahwa ya tidak bagus alhasil mereka mengabaikan tren yg tidak bagus dan cara algoritma sosmed bekerja kalo diabaikandiscroll artinya tidak disuka penonton jangan dikasih video kayak ginifyp bersih otak bersih beretika dalam berinternet,neutral
viGBwFO3nDA,lantas bagaimana aku yang jualan online buat bantu orang tua,lantas bagaimana aku yang jualan online buat bantu orang tua,negative
viGBwFO3nDA,Koten kreator bisa panik karena pendukung nya loh😭😭😭😭,koten kreator bisa panik karena pendukung nya loh,negative
viGBwFO3nDA,play store harus turun tangan ni,play store harus turun tangan ni,negative
viGBwFO3nDA,Susah nih gw sekolah soalnya pelajaran disini kadang ngedit atau presentasi apalagi ada informasi dari sekolah yang kadang tiba tiba banget,susah nih gw sekolah soalnya pelajaran disini kadang ngedit atau presentasi apalagi ada informasi dari sekolah yang kadang tiba tiba banget,negative
viGBwFO3nDA,Mending tonton YouTube kids 🗿,mending tonton youtube kids,positive
viGBwFO3nDA,Ungtung aku ganti tanggal lahir 17 tahun sama email,ungtung aku ganti tanggal lahir 17 tahun sama email
viGBwFO3nDA,"Tapi gimana ya, youtube soalnya buat belajar smp ku saya baru umur 15 kalo akun youtube saya ga bisa buka lgi, berarti saya ga bisa liat tutorial belajar atau kerja kelompok video olahraga",tapi gimana ya youtube soalnya buat belajar smp ku saya baru umur 15 kalo akun youtube saya ga bisa buka lgi berarti saya ga bisa liat tutorial belajar atau kerja kelompok video olahraga,negative
viGBwFO3nDA,Tapi anak2 juga butuh hiburan ajar dia menikmati dulu masa keculnya tapi teteap harus belajar😊😊,tapi anak2 juga butuh hiburan ajar dia menikmati dulu masa keculnya tapi teteap harus belajar,negative
viGBwFO3nDA,Lah kalo di larang malah bikin anak gk mau sekolah bosen soalnya 😹😹,lah kalo di larang malah bikin anak gk mau sekolah bosen soalnya,negative
viGBwFO3nDA,"Saya heran deh, kok Roblox juga dibatasin kan bukan medsos. Coba jelasin🙏",saya heran deh kok roblox juga dibatasin kan bukan medsos coba jelasin,neutral
viGBwFO3nDA,"cuman dibatasin doang kok bukan diblokir, jadi aman akun kalian😅",cuman dibatasin doang kok bukan diblokir jadi aman akun kalian,positive
viGBwFO3nDA,Emang Roblox sosmed?<br>Kan Roblox itu game bukan sosmed,emang roblox sosmedkan roblox itu game bukan sosmed,negative
viGBwFO3nDA,Singkat padat gw di bolehin ortu padahal 9 tahun🗿😹😹 kalau gak di bolehin bisa minta tolong Abang Abang gw juga mau kok,singkat padat gw di bolehin ortu padahal 9 tahun kalau gak di bolehin bisa minta tolong abang abang gw juga mau kok,negative
viGBwFO3nDA,"HP GW BARENGAN SAMA MAMA GW GW MASIH UMUR KELAS 4 TAN  GITU TAPII MAMA GW JUALAN DI FACEBOOK DAN ROBLOX GW UDAH DI HAPUS TAPI AKUNNYA MASIH ADA KEADAAN FACEBOOK MAMA GW GIMANAAA,😭👊<br><br><br>Btw kalo aplikasi Roblox udah dihapus sama penggunanya sendirii tapi akunya masih ada , tetep di ilangin gak?",hp gw barengan sama mama gw gw masih umur kelas 4 tan gitu tapii mama gw jualan di facebook dan roblox gw udah di hapus tapi akunnya masih ada keadaan facebook mama gw gimanaaabtw kalo aplikasi roblox udah dihapus sama penggunanya sendirii tapi akunya masih ada tetep di ilangin gak,negative
viGBwFO3nDA,Menurut gua harus nya umur 7 kebawah aja,menurut gua harus nya umur 7 kebawah aja,negative
viGBwFO3nDA,"Menurut saya, ini justru bentuk komdigi yang mencari &#39;jalan pintas&#39; untuk masalah yang sebenernya kompleks. Tapi gak kaget sih, mengingat pejabat Indonesia memang suka strategi &#39;low cost, high visibility&#39; daripada memecahkan masalah sistemik. <br><br>Porno, adiksi, distraksi, semua itu sebenernya bisa diminimalisir dengan literasi digital yang bagus. Bagaimana cara agar tidak tergiring opini publik, cara berargumen, cara membedah fakta atau berita palsu, cara berpikir kritis. Semua itu aslinya bisa diintegrasikan ke sistem pendikdikan, tentu dengan pendekatan yang baik pula. Daripada hanya memblokir saat batas umur tertentu, ilmu ilmu ini akan terus &#39;terpasang&#39; sampai bahkan anak itu dewasa. <br><br>Sebaliknya, solusi yang hanya blokar  blokir seperti ini memiliki celah yang cukup signifikan yaitu: <br><br>Anak bisa nekat pakai kartu identitas orang lain, VPN, proxy, atau semacam nya yang malah membuat anak berkeliaran di internet makin jauh dibawah radar pengawasan. Ditambah resiko keamanan data karena unduh aplikasi tidak jelas. <br><br>Selain itu, kehadiran internet juga sangat menguntungkan bagi remaja remaja yang memang bisa menjaga diri dan mengambil sisi positif internet, mereka yang justru dapat pembelajaran yang tidak didapatkan di sekolah dari internet, mereka yang justru dapat menerima berbagai perspektif karena internet, mereka yang justru menjadikan internet lapak untuk mengekspresikan bakat mereka. mengabaikan kasus kasus &#39;spesial&#39; seperti mereka hanya akan menghambat calon calon orang hebat di masa depan. <br><br>Daripada memblokir secara utuh, kenapa pemerintah tidak memaksa platform untuk menurunkan sifat adiktif platform? Seperti mematikan fitur autoplay, mematikan endless scroll, dan memaksa menyisipkan konten edukatif setiap beberapa menit. Dan juga fokus untuk mengintegrasikan literasi digital fundamental kedalam kurikulum? Agar siswa mempunyai filter internal dari pada blokir/sensor yang merupakan filter eksternal <br><br>Singkat nya, langkah komdigi yang &#39;blokar blokir&#39; ini menurut saya terlihat seperti solusi yang terlalu menggeneralisasi masalah yang sebenernya kompleks.",menurut saya ini justru bentuk komdigi yang mencari jalan pintas untuk masalah yang sebenernya kompleks tapi gak kaget sih mengingat pejabat indonesia memang suka strategi low cost high visibility daripada memecahkan masalah sistemik porno adiksi distraksi semua itu sebenernya bisa diminimalisir dengan literasi digital yang bagus bagaimana cara agar tidak tergiring opini publik cara berargumen cara membedah fakta atau berita palsu cara berpikir kritis semua itu aslinya bisa diintegrasikan ke sistem pendikdikan tentu dengan pendekatan yang baik pula daripada hanya memblokir saat batas umur tertentu ilmu ilmu ini akan terus terpasang sampai bahkan anak itu dewasa sebaliknya solusi yang hanya blokar blokir seperti ini memiliki celah yang cukup signifikan yaitu anak bisa nekat pakai kartu identitas orang lain vpn proxy atau semacam nya yang malah membuat anak berkeliaran di internet makin jauh dibawah radar pengawasan ditambah resiko keamanan data karena unduh aplikasi tidak jelas selain itu kehadiran internet juga sangat menguntungkan bagi remaja remaja yang memang bisa menjaga diri dan mengambil sisi positif internet mereka yang justru dapat pembelajaran yang tidak didapatkan di sekolah dari internet mereka yang justru dapat menerima berbagai perspektif karena internet mereka yang justru menjadikan internet lapak untuk mengekspresikan bakat mereka mengabaikan kasus kasus spesial seperti mereka hanya akan menghambat calon calon orang hebat di masa depan daripada memblokir secara utuh kenapa pemerintah tidak memaksa platform untuk menurunkan sifat adiktif platform seperti mematikan fitur autoplay mematikan endless scroll dan memaksa menyisipkan konten edukatif setiap beberapa menit dan juga fokus untuk mengintegrasikan literasi digital fundamental kedalam kurikulum agar siswa mempunyai filter internal dari pada blokirsensor yang merupakan filter eksternal singkat nya langkah komdigi yang blokar blokir ini menurut saya terlihat seperti solusi yang terlalu menggeneralisasi masalah yang sebenernya kompleks,negative
viGBwFO3nDA,Lah kan ada goutube,lah kan ada goutube,neutral
viGBwFO3nDA,bener banget jir pemerintah,bener banget jir pemerintah,positive
viGBwFO3nDA,Lah kalau gak bisa ke YouTube kan bisa pakek aku ayah mama kakak Abang adik kan bukan anak anak,lah kalau gak bisa ke youtube kan bisa pakek aku ayah mama kakak abang adik kan bukan anak anak,neutral
viGBwFO3nDA,Roblox di awasi✅<br><br>Judi gk di awasi❌❌❌<br>Pemerintah tolo-,roblox di awasijudi gk di awasipemerintah tolo,negative
viGBwFO3nDA,Walaupun saya gak peduli dengan x facebook dan tiktok karena saya juga jarang main itu sekalian YouTube karena udah ada go tube hanya Roblox doang yang masalahnya menurut saya karena saya dah kebiasaan main game di situ Dan saya lumayan malas main game lain jadi walaupun saya Masih setuju dikit dengan sosmed lain mendingan gak usah roblox,walaupun saya gak peduli dengan x facebook dan tiktok karena saya juga jarang main itu sekalian youtube karena udah ada go tube hanya roblox doang yang masalahnya menurut saya karena saya dah kebiasaan main game di situ dan saya lumayan malas main game lain jadi walaupun saya masih setuju dikit dengan sosmed lain mendingan gak usah roblox,neutral
viGBwFO3nDA,tapi bang kalo ada anak kecil yang bawa akun punya orang tua nya seperti tiktok YouTube intagram atau yang lain nya gimana ya,tapi bang kalo ada anak kecil yang bawa akun punya orang tua nya seperti tiktok youtube intagram atau yang lain nya gimana ya,neutral
viGBwFO3nDA,Itu bukan di blokir itu dibatasin,itu bukan di blokir itu dibatasin,neutral
viGBwFO3nDA,mending main game puzzle sama cookie run.....,mending main game puzzle sama cookie run,neutral
viGBwFO3nDA,"lah bukannya umur 6 - 12 dah tahu mana yang baik mana yang buruk,gak masuk akal kocak",lah bukannya umur 6 12 dah tahu mana yang baik mana yang burukgak masuk akal kocak,negative
viGBwFO3nDA,kalau mau blokir akun medsos jangan YouTube lah kami mau nonton apa televisi kalau gak punya gimana. lu tinggal ngomong doang kalau lu jadi anak yang umurnya dibawah 16 tahun pasti gak terima,kalau mau blokir akun medsos jangan youtube lah kami mau nonton apa televisi kalau gak punya gimana lu tinggal ngomong doang kalau lu jadi anak yang umurnya dibawah 16 tahun pasti gak terima,negative
viGBwFO3nDA,Saya ujian belajar materi dari YouTube gimana ya?,saya ujian belajar materi dari youtube gimana ya,negative
viGBwFO3nDA,Jujur gw ketawa sih liat ini<br>Tinggal diubah tanda tanggal lahir selesai tuh<br>Pasti bisa kebuka sosmed😂😂😂,jujur gw ketawa sih liat initinggal diubah tanda tanggal lahir selesai tuhpasti bisa kebuka sosmed,neutral
viGBwFO3nDA,Aku sangat setuju banget agar anak indonesia jadi jenius,aku sangat setuju banget agar anak indonesia jadi jenius,positive
viGBwFO3nDA,gw yg tahun ini 15 thn;nanggung amat woylah🤬,gw yg tahun ini 15 thnnanggung amat woylah,negative
viGBwFO3nDA,Umur 13-14 itu udah tau mana yang baik dan mana yang buruk,umur 1314 itu udah tau mana yang baik dan mana yang buruk,negative
viGBwFO3nDA,Aku nonton youtube gak aneh²,aku nonton youtube gak aneh,negative
viGBwFO3nDA,Nag gini kan bagus aturannya <br>Gw aja sampai sungkem di kelas gw malah kebanyakan liat por** lagi 😭🗿,nag gini kan bagus aturannya gw aja sampai sungkem di kelas gw malah kebanyakan liat por lagi,positive
viGBwFO3nDA,Dibatasi doang kayaknya (kalo gw salah kasih tau),dibatasi doang kayaknya kalo gw salah kasih tau,neutral
viGBwFO3nDA,"😢tapi kenapa,kenapa,kenapa,kenapa.....<br>JUDI GAK DI BLOK??",tapi kenapakenapakenapakenapajudi gak di blok,negative
viGBwFO3nDA,Gimana ni kalo gak ada sosmed mau nonton tutorial gimana,gimana ni kalo gak ada sosmed mau nonton tutorial gimana,negative
viGBwFO3nDA,"Atura bukan di blokir, tapi dibatasi",atura bukan di blokir tapi dibatasi,neutral
viGBwFO3nDA,Saya akan kembali ke yt kids sebagai anak kecil😔,saya akan kembali ke yt kids sebagai anak kecil,neutral
viGBwFO3nDA,Anak anak juga memiliki hak untuk mendapatkan hiburan dan juga yang berguna untuk masa depan.Jika mau pemerintah ngeblokir hal hal yg dilarang untuk anak,anak anak juga memiliki hak untuk mendapatkan hiburan dan juga yang berguna untuk masa depanjika mau pemerintah ngeblokir hal hal yg dilarang untuk anak,negative
viGBwFO3nDA,Pake akun bapak boss,pake akun bapak boss,neutral
viGBwFO3nDA,Harus nya anak di bawah 5 th bukan 16 😊,harus nya anak di bawah 5 th bukan 16,neutral
viGBwFO3nDA,Noooooo jangan di blokir tiktok YouTube nooo vidio gua udah capek bikin malah di blokir emang mau pindah negara aja Indonesia gak bisa maju kalo semua harus blokir koruptor gak blokir judi apa aaaaaa malas,noooooo jangan di blokir tiktok youtube nooo vidio gua udah capek bikin malah di blokir emang mau pindah negara aja indonesia gak bisa maju kalo semua harus blokir koruptor gak blokir judi apa aaaaaa malas,negative
viGBwFO3nDA,Pake akun bapa apa susahnya👏🏻👏🏻👏🏻,pake akun bapa apa susahnya,neutral
viGBwFO3nDA,Untung aku orang malaysia tapi aku sedih kanak kanak Indonesia sudah makin kacau😢,untung aku orang malaysia tapi aku sedih kanak kanak indonesia sudah makin kacau,negative
viGBwFO3nDA,gue udh tau kok mana baik mana buruk TRS JUDOL DIBIARKAN GITU???🫪🙄,gue udh tau kok mana baik mana buruk trs judol dibiarkan gitu,negative
viGBwFO3nDA,Misal nya Ada seorang guru menyuruh murid nya buat belajar dari YouTube . Terus murid nya ngomong YouTube gak bisa dibuka Buu . Nah Bu guru nya pun bingung mau belajar lewat Sosmed,misal nya ada seorang guru menyuruh murid nya buat belajar dari youtube terus murid nya ngomong youtube gak bisa dibuka buu nah bu guru nya pun bingung mau belajar lewat sosmed,negative
viGBwFO3nDA,Gw kelahiran 2010 tapi bulan oktober:<br>Nanggung Amat Dah,gw kelahiran 2010 tapi bulan oktobernanggung amat dah,negative
viGBwFO3nDA,Bagus si tapi lebih baik umur 13 tahun karena umur segitu sudah remaja dibanding kan 1-12,bagus si tapi lebih baik umur 13 tahun karena umur segitu sudah remaja dibanding kan 112,neutral
viGBwFO3nDA,Mending 2025 gak ngatur bego,mending 2025 gak ngatur bego,negative
viGBwFO3nDA,"Jadi gimana cara saya mendengar laguu???  Masa harus dengar lagu cocomelon aku maunya i stronger than you terus is been so Long, die in fire, stuck inside????",jadi gimana cara saya mendengar laguu masa harus dengar lagu cocomelon aku maunya i stronger than you terus is been so long die in fire stuck inside,negative
viGBwFO3nDA,"tambahan<br>kekurangan <br>-sekolah yang ada tugas lewat media sosial ke murid gk bakal bisa lagi karena akunnya di non aktifkan jadi harus liat hp guru biar ngerti <br>-bakat anak di gaming kayak youtube,face book, Instagram,tiktok,bisa hilang<br>-roblox akan sepi karena kebanyakan player roblox berasal dari Indonesia <br>-anak bisa tidak terkontrol emosinya karena media sosial adalah tempat di tampung semua emosinya seperti saya<br>kelebihan <br>-tingkat Indonesia dengan negar termalas akan hilang <br>-anak lebih aktif",tambahankekurangan sekolah yang ada tugas lewat media sosial ke murid gk bakal bisa lagi karena akunnya di non aktifkan jadi harus liat hp guru biar ngerti bakat anak di gaming kayak youtubeface book instagramtiktokbisa hilangroblox akan sepi karena kebanyakan player roblox berasal dari indonesia anak bisa tidak terkontrol emosinya karena media sosial adalah tempat di tampung semua emosinya seperti sayakelebihan tingkat indonesia dengan negar termalas akan hilang anak lebih aktif,neutral
viGBwFO3nDA,Bang YouTube KIDS MASIH BOLEH GAK,bang youtube kids masih boleh gak,neutral
viGBwFO3nDA,Aku 12 aja udah tau mana yang buruk mana yang baik🤔,aku 12 aja udah tau mana yang buruk mana yang baik,negative
viGBwFO3nDA,Harusnya yaaa diajarin BUKAN DIBLOKIR.,harusnya yaaa diajarin bukan diblokir,negative
viGBwFO3nDA,Bagusnya juga ada aturan melarang ortu meminjam kan KTP atau surat pribadi terhadap anak,bagusnya juga ada aturan melarang ortu meminjam kan ktp atau surat pribadi terhadap anak,positive
viGBwFO3nDA,MUAHAHAHA <br>tapi karena berita ini malah muncul komenan yang gw benci kayak:<br>&quot;sosmed langsung gercep giliran judol di diemin&quot;pffftt<br>Keknya gak tau berita dah dan gak tau istilah mati satu tumbuh seribu<br><br>Dan juga video nyenggol komdigi bikin gwww muakkk Ampe gw anggap generasi gagal pikiran gagal,muahahaha tapi karena berita ini malah muncul komenan yang gw benci kayaksosmed langsung gercep giliran judol di dieminpfffttkeknya gak tau berita dah dan gak tau istilah mati satu tumbuh seribudan juga video nyenggol komdigi bikin gwww muakkk ampe gw anggap generasi gagal pikiran gagal,neutral
JrCe8CVR1KY,Gw yg pake akun emak=santai dulu gak sih😎😎😎<br>Roblox gpp karena gw main uni craft 😎😎😎<br><br>Tapi kalo kena blok aku bakalan ke go tube aja 😎😎😎,gw yg pake akun emaksantai dulu gak sihroblox gpp karena gw main uni craft tapi kalo kena blok aku bakalan ke go tube aja,neutral
JrCe8CVR1KY,YouTube atau YouTube kids bolehlah,youtube atau youtube kids bolehlah,neutral
JrCe8CVR1KY,Paling si anak pake hp ibunya,paling si anak pake hp ibunya,,negative
JrCe8CVR1KY,kerja bagus😂😎😎,kerja bagus,positive
JrCe8CVR1KY,😂😂 gak bisa main game epep lagi tuh semua bocil gua udah umur 21 tetap bisa mainnya😎😎😎 gak ada lagi bocil mintak GM Daimon lagi😂😂😂,gak bisa main game epep lagi tuh semua bocil gua udah umur 21 tetap bisa mainnya gak ada lagi bocil mintak gm daimon lagi,positive
JrCe8CVR1KY,😂 dari pada aturan lucu gitu mending beresin tuh judol,dari pada aturan lucu gitu mending beresin tuh judol,negative
JrCe8CVR1KY,Terus untuk usia dewasa dan orang tua bagaimana min?😂😂aturan verifikasi ketat 2 langkah aja klo menurut saya,terus untuk usia dewasa dan orang tua bagaimana minaturan verifikasi ketat 2 langkah aja klo menurut saya,positive
JrCe8CVR1KY,Gw yang udah umur 17+:<br>Tidur pun sodap nih🥱,gw yang udah umur 17tidur pun sodap nih,neutral
JrCe8CVR1KY,"gimana konten kreator yang audiensnya &lt;16 jir, selain itu saya setuju",gimana konten kreator yang audiensnya 16 jir selain itu saya setuju,positive
JrCe8CVR1KY,Gw ga setuju sama perintah itu gw ga bisa seneng seneng kalo ga ada roblox😭,gw ga setuju sama perintah itu gw ga bisa seneng seneng kalo ga ada roblox,negative
JrCe8CVR1KY,"WOYY YOUTUBE SAMA ROBLOX?????aku main apa lagi?,tik tok dan ig gboleh sama ortu ini yt sama ROBLOX gimanaaa????",woyy youtube sama robloxaku main apa lagitik tok dan ig gboleh sama ortu ini yt sama roblox gimanaaa,negative
JrCe8CVR1KY,"Btw cara tau nya gimana? Ngeri nya akun gw kena batasan jg ini, walau umur udah tuwir rada ngeri aja karna bug sistem sana nya",btw cara tau nya gimana ngeri nya akun gw kena batasan jg ini walau umur udah tuwir rada ngeri aja karna bug sistem sana nya,neutral
JrCe8CVR1KY,Pliss youtube jangan🙏,pliss youtube jangan,negative
JrCe8CVR1KY,Justru peraturan itu yang membuat ku malas hidup,justru peraturan itu yang membuat ku malas hidup,negative
JrCe8CVR1KY,berisik,berisik,negative
JrCe8CVR1KY,tidakkkkk umur saya 7 tahun😢😢😭😭😭😭😭😭😭😭,tidakkkkk umur saya 7 tahun,negative
JrCe8CVR1KY,bahkan youtuber dibawah umur juga sedih😔,bahkan youtuber dibawah umur juga sedih,negative
JrCe8CVR1KY,Medsos/ game diblokir<br>Koruptor dibiarin <br>Gk adil GK sih😢,medsos game diblokirkoruptor dibiarin gk adil gk sih,neutral
JrCe8CVR1KY,Kan bisa main game sakura stumble guys dan lain lain selain Roblox,kan bisa main game sakura stumble guys dan lain lain selain roblox,neutral
JrCe8CVR1KY,Woi org lagi liburan tuh anak anak kalo minjam hp apa yang dia mainin 😭😭😭😭😭😭😭😭😭,woi org lagi liburan tuh anak anak kalo minjam hp apa yang dia mainin,negative
JrCe8CVR1KY,Tidak Roblox kuuu,tidak roblox kuuu,negative
JrCe8CVR1KY,Kita akan kembali ke YouTube kids dan menjadi anak biasa 🥺🥺🥲🥲,kita akan kembali ke youtube kids dan menjadi anak biasa,neutral
JrCe8CVR1KY,Terus aku nonton apa dong kalo aku hapus YouTube aku kan aku nonton belajar matematika hadeh mana lagi aku umur 9 lagi aaaaaaaa pls jangan gitu sebentar lagi 😭🙏🏻,terus aku nonton apa dong kalo aku hapus youtube aku kan aku nonton belajar matematika hadeh mana lagi aku umur 9 lagi aaaaaaaa pls jangan gitu sebentar lagi,negative
JrCe8CVR1KY,Masak aku main tahun 2031 ?,masak aku main tahun 2031,negative
JrCe8CVR1KY,Knp ya padahal buat hiburan di tutup knp gak judi aja yg di tutup,knp ya padahal buat hiburan di tutup knp gak judi aja yg di tutup,negative
JrCe8CVR1KY,Menurutku batasin aja pada konten negatif yg pengaruh pada anak 😮,menurutku batasin aja pada konten negatif yg pengaruh pada anak,neutral
JrCe8CVR1KY,"Dan juga anak Indonesia butuh hiburan main hp supaya tidak stress ,karena pelajaran,belajar nya gk ngotak😂😂😂",dan juga anak indonesia butuh hiburan main hp supaya tidak stress karena pelajaranbelajar nya gk ngotak,negative
JrCe8CVR1KY,"Kalau judol gimana ya, jangan cuma anak main hp aja di batasin judol noh😂😂😂😂😂😂",kalau judol gimana ya jangan cuma anak main hp aja di batasin judol noh,neutral
JrCe8CVR1KY,Tidak setuju masa kita gabisa main Roblox  tiktok dan YouTube,tidak setuju masa kita gabisa main roblox tiktok dan youtube,negative
JrCe8CVR1KY,kita buat tiktok cape cape bikin malah pengen di blokir,kita buat tiktok cape cape bikin malah pengen di blokir,negative
JrCe8CVR1KY,"Dulu pas sekolah, aku cuma nonton boboiboy😂.. Dulu HP android lumayan mahal.. Hp aku pake cuma buat wa.. Pas smk baru aku main youtube.. Itu juga paling cuma asal scroll.. Karna umurku baru cukup pas nggk lama lulus smk.. 😂",dulu pas sekolah aku cuma nonton boboiboy dulu hp android lumayan mahal hp aku pake cuma buat wa pas smk baru aku main youtube itu juga paling cuma asal scroll karna umurku baru cukup pas nggk lama lulus smk,neutral
JrCe8CVR1KY,pemerintah nya enak tinggal nyuruh nyuruh 😡😏<br><br>orang nya gak bisa buka sosmed media sosial padalan sosmed itu penting untuk pengetahuan pelajaran bagi umur 16 youtuber pun gak bisa buka youtuber 🤨😁😁😄,pemerintah nya enak tinggal nyuruh nyuruh orang nya gak bisa buka sosmed media sosial padalan sosmed itu penting untuk pengetahuan pelajaran bagi umur 16 youtuber pun gak bisa buka youtuber,negative
JrCe8CVR1KY,Ngk ngotak banget bjir,ngk ngotak banget bjir,negative
JrCe8CVR1KY,Demo aja ak gk setuju,demo aja ak gk setuju,negative
JrCe8CVR1KY,knp sih harus gitu kita cuma mau menghibur diri kita,knp sih harus gitu kita cuma mau menghibur diri kita,negative
JrCe8CVR1KY,😭😭😭tidak,tidak,negative
JrCe8CVR1KY,Trs kita klo misal mau ngerjain pr gmn klo gk ada ortu?,trs kita klo misal mau ngerjain pr gmn klo gk ada ortu,negative
JrCe8CVR1KY,Terus saya sudah tidak bisa menikmati youtube lagi,terus saya sudah tidak bisa menikmati youtube lagi,negative
JrCe8CVR1KY,Ini tidak adil 😢😢😢,ini tidak adil,negative
JrCe8CVR1KY,Padahal aku mau jadi youtubers sekalian<br>Roblox jadi game kesukaan aku<br>Seharusnya bulan depan<br>Saya mencoba buat animator dan buat art bagus bagus<br>Tapi malah tidak jadi karena akun ini akan diblokir sama pemerintah<br>Dan saya sebentar lagi usia 15 tahun di 6 april 2026,padahal aku mau jadi youtubers sekalianroblox jadi game kesukaan akuseharusnya bulan depansaya mencoba buat animator dan buat art bagus bagustapi malah tidak jadi karena akun ini akan diblokir sama pemerintahdan saya sebentar lagi usia 15 tahun di 6 april 2026,negative
JrCe8CVR1KY,&quot;Pindah yukkk ke negara lain&quot;🙁🥀,pindah yukkk ke negara lain,negative
JrCe8CVR1KY,padahal aku kalau cari tutorial menggambar cari di YouTube kenapa harus gini 😢😭😭,padahal aku kalau cari tutorial menggambar cari di youtube kenapa harus gini,negative
JrCe8CVR1KY,Untung ini hp ibu ku buat barengan hehe😊😊,untung ini hp ibu ku buat barengan hehe,neutral
JrCe8CVR1KY,Masak kita bljr dlu emang nya GK BLH apa istirahat dlu tapi aku sedih kehilangan temen kesayangan aku😢😭😭😭,masak kita bljr dlu emang nya gk blh apa istirahat dlu tapi aku sedih kehilangan temen kesayangan aku,negative
JrCe8CVR1KY,Woi pemerintah lu jangan gitu dong nanti anak anak stress gimana jangan gitu kalau mau blokir MENDING JUDI ATAU JUDOL AJA YANG DI BLOCKED KALAU GITU MENDING GW STRESS TRS JANTUNGAN MATI PEMERINTAH PEMERINTAH JANGAN GITU LAGI LAH PLSS,woi pemerintah lu jangan gitu dong nanti anak anak stress gimana jangan gitu kalau mau blokir mending judi atau judol aja yang di blocked kalau gitu mending gw stress trs jantungan mati pemerintah pemerintah jangan gitu lagi lah plss,negative
JrCe8CVR1KY,Gak adil banget anjir,gak adil banget anjir,negative
JrCe8CVR1KY,Lama lama saya pindah negara aja anak kecil gercep tapi yang korupsi judol pinjol GK gercep malah alasan ini Indonesia batu dimana keadilan hah GK adil banget Indonesia,lama lama saya pindah negara aja anak kecil gercep tapi yang korupsi judol pinjol gk gercep malah alasan ini indonesia batu dimana keadilan hah gk adil banget indonesia,negative
JrCe8CVR1KY,YES GW NGGAK LES LAGI 🎉🎉 KAN LES GUA OFLINE DIRUMAH 😂,yes gw nggak les lagi kan les gua ofline dirumah,positive
JrCe8CVR1KY,"PILIH KASIH,KORUPTOR AJA NGGAK DIBATASI😂",pilih kasihkoruptor aja nggak dibatasi,negative
JrCe8CVR1KY,oiiii kan kita yang beli hp dan kalo bener demo lebih rusuh judol aja sonoh kalo mau biar adil lu juga ga main hp lu semua enak yang umur di atas16  dasar,oiiii kan kita yang beli hp dan kalo bener demo lebih rusuh judol aja sonoh kalo mau biar adil lu juga ga main hp lu semua enak yang umur di atas16 dasar,negative
JrCe8CVR1KY,"Ini maksudnya akun di delete atau di block sementara? Menurut saya opini sendiri sebaiknya berikan screentime limiter terlebih dahulu secara bertahap, dan jika sudah tidak terkontrol diblock. Jujur saya lebih setuju kalau 13+ yang hanya bisa menggunakan sosmed dan Roblox karena 13 tahun membutuhkan sosmed seperti YouTube untuk mencari lomba lomba dan bahan belajar. Beberapa siswa juga telah melakukan karir konten kreator untuk membuat penghasilan. Adakah yang setuju?",ini maksudnya akun di delete atau di block sementara menurut saya opini sendiri sebaiknya berikan screentime limiter terlebih dahulu secara bertahap dan jika sudah tidak terkontrol diblock jujur saya lebih setuju kalau 13 yang hanya bisa menggunakan sosmed dan roblox karena 13 tahun membutuhkan sosmed seperti youtube untuk mencari lomba lomba dan bahan belajar beberapa siswa juga telah melakukan karir konten kreator untuk membuat penghasilan adakah yang setuju,positive
JrCe8CVR1KY,Yang Dewasa aja belum tentu main sosmed dengan positif,yang dewasa aja belum tentu main sosmed dengan positif,positive
JrCe8CVR1KY,"Saya akan balik ke YouTube kid,sebagai anak biasa",saya akan balik ke youtube kidsebagai anak biasa,neutral
JrCe8CVR1KY,SIA SIA AKU BUAT YT BAKAL KENA BANNED,sia sia aku buat yt bakal kena banned,negative
JrCe8CVR1KY,belajar muluu😭😭😭😭 aku cuman mau dihibur dengen hp napa dah😭😭😭😭😭,belajar muluu aku cuman mau dihibur dengen hp napa dah,negative
JrCe8CVR1KY,Noooooooo jangan 😢😢😢😢😢,noooooooo jangan,negative
JrCe8CVR1KY,"TERUS KITA NONTON ATAU MEMPERLIHATKAN KREASI KITA PAKAI APA DONG, 😌💥💢",terus kita nonton atau memperlihatkan kreasi kita pakai apa dong,negative
JrCe8CVR1KY,Kenapa harus youtube sih....,kenapa harus youtube sih,negative
JrCe8CVR1KY,Sebenernya bagus bagus aja bahkan bagus banget pemerintah bilang ini soalnya roblokx youtube tiktok itu kalian semua tau kn yah bocil bocil pada wah otaknya tapi dengan ini indonesia dan otak bocil bocil jadi pinter dan maju,sebenernya bagus bagus aja bahkan bagus banget pemerintah bilang ini soalnya roblokx youtube tiktok itu kalian semua tau kn yah bocil bocil pada wah otaknya tapi dengan ini indonesia dan otak bocil bocil jadi pinter dan maju,positive
JrCe8CVR1KY,Ah rusak ini negara udah ga bener korup di biarkan warga di siksa gabener harusnya hanya membatasi vidio tidak benar bukan semua,ah rusak ini negara udah ga bener korup di biarkan warga di siksa gabener harusnya hanya membatasi vidio tidak benar bukan semua,negative
_M85Z0Beq_g,Mampus pemerintah sampah 😂,mampus pemerintah sampah,negative
_M85Z0Beq_g,Klo gini orang orang yang udah populer udh jdi dikit yang nonton soalnya banyak bocil yang nonton YouTube,klo gini orang orang yang udah populer udh jdi dikit yang nonton soalnya banyak bocil yang nonton youtube,neutral
_M85Z0Beq_g,Pemerintah lebih gila dari orang gila,pemerintah lebih gila dari orang gila,negative
_M85Z0Beq_g,Demo oi ke akun pemerintah,demo oi ke akun pemerintah,negative
_M85Z0Beq_g,"Kalo TikTok ama Instagram sih mending ya soalnya pada ngomong kasar semua, tapi YouTube ama Roblox? Banyak Hal yg kita bisa pelajari disana",kalo tiktok ama instagram sih mending ya soalnya pada ngomong kasar semua tapi youtube ama roblox banyak hal yg kita bisa pelajari disana,negative
_M85Z0Beq_g,"Aku gk setuju kalau roblox, youtube dihapus.<br>😢",aku gk setuju kalau roblox youtube dihapus,negative
_M85Z0Beq_g,bisa gak si jangan di belokir aku bocil kalo misal nya ada bocil gak boleh main di luar gimana  kasih di bosen nati gak ada main dan pasti sertes gangan dong pelis,bisa gak si jangan di belokir aku bocil kalo misal nya ada bocil gak boleh main di luar gimana kasih di bosen nati gak ada main dan pasti sertes gangan dong pelis,negative
_M85Z0Beq_g,kan ada gotube ada twitch ada capcut,kan ada gotube ada twitch ada capcut,neutral
_M85Z0Beq_g,PLS GW MAIN IG CMN CARA MENGGAMBAR SAMA POV DOANG! GA ADA NEGATIF PLS!!,pls gw main ig cmn cara menggambar sama pov doang ga ada negatif pls,negative
_M85Z0Beq_g,Mending blokir yang konten dewasa aja ngapain yang gituan MIKIR KIDS,mending blokir yang konten dewasa aja ngapain yang gituan mikir kids,negative
_M85Z0Beq_g,Aku gak setujuuuuuuu,aku gak setujuuuuuuu,negative
_M85Z0Beq_g,beneran kalo gaada roblox bosen hidup co,beneran kalo gaada roblox bosen hidup co,negative
_M85Z0Beq_g,"Yasudah, nyerah gw, Gw sujud setiap hari, biar negara ini aman, Tapi, Ternyata, Makin buruk, dahlah, Takdir Mu&#39;allaq adalah takdir yang tetap, Gak ada yang bisa di ganti, Tapi, Sadar jugalah pemerintah, Gw lihat Game akan di hapus, Tapi, gw sering kena Iklan  judi, yang gak dipedulikan, dahlah, Aku angkat tangan kepada Allah, Takdir kita yah takdir kita kok.",yasudah nyerah gw gw sujud setiap hari biar negara ini aman tapi ternyata makin buruk dahlah takdir muallaq adalah takdir yang tetap gak ada yang bisa di ganti tapi sadar jugalah pemerintah gw lihat game akan di hapus tapi gw sering kena iklan judi yang gak dipedulikan dahlah aku angkat tangan kepada allah takdir kita yah takdir kita kok,negative
_M85Z0Beq_g,no aku yg berusaha di roblox jadi hilang padahal aku dah berusaha,no aku yg berusaha di roblox jadi hilang padahal aku dah berusaha,negative
_M85Z0Beq_g,Capek pemerintah dihina sama bocil bocil wkwk jadi di blokir,capek pemerintah dihina sama bocil bocil wkwk jadi di blokir,neutral
_M85Z0Beq_g,Terus kita umur 13 sama 15 nonton youtube kids gitu gue malu emang aku mau jadi anak kecil gitu gue mau remaja dan dewasa masa nonton gitu  👺👺👺😡😡😡😡😡,terus kita umur 13 sama 15 nonton youtube kids gitu gue malu emang aku mau jadi anak kecil gitu gue mau remaja dan dewasa masa nonton gitu,negative
_M85Z0Beq_g,"GW BELAJAR KEK MANA 😭, aku sering belajar di yt masa iy di ytkids 🥺",gw belajar kek mana aku sering belajar di yt masa iy di ytkids,negative
_M85Z0Beq_g,GK setuju Roblox sama YouTube jangan,gk setuju roblox sama youtube jangan,negative
_M85Z0Beq_g,gak aku gak mau aku gak setuju engga 😡,gak aku gak mau aku gak setuju engga,negative
_M85Z0Beq_g,"Kami ratyat INDONESIA!,kami tidak TERIMAA!😡😡 <br><br><br>Terus kami melakukan apa? Hah!,  kayak nya kita harud protes nih😡😡😡",kami ratyat indonesiakami tidak terimaa terus kami melakukan apa hah kayak nya kita harud protes nih,negative
_M85Z0Beq_g,"Pemerintah sybau, pdhl sekolah saya pakai YouTube untuk belajar😭😭😭😭😭😭😭😭😭😭😭😡🤬😡😡🤬😡😡🤬😈👿👿😈👿👿👿👿👿👿⛄👿👿",pemerintah sybau pdhl sekolah saya pakai youtube untuk belajar,negative
_M85Z0Beq_g,"Siapa yg mau ikut demo ke pemerintah?<br>👇Bawa senjata juga yah <br>Edit: Senjata: Batu, pistol  dan lain lainnya ke Komdigi",siapa yg mau ikut demo ke pemerintahbawa senjata juga yah edit senjata batu pistol dan lain lainnya ke komdigi,negative
_M85Z0Beq_g,WEH ROBLOX ITU ADA EDUKASI NYA NAIK GUNUNG. URUSIN DULU TAURAN,weh roblox itu ada edukasi nya naik gunung urusin dulu tauran,negative
_M85Z0Beq_g,Horeee tiktok di blokir 🎉🎉🎉,horeee tiktok di blokir,positive
_M85Z0Beq_g,plis bu /pak jangan lakuin itu subscribe  udh banyak sama folowres kuuu😢😢😢😢,plis bu pak jangan lakuin itu subscribe udh banyak sama folowres kuuu,negative
_M85Z0Beq_g,Oh yeah mantap komdigi anak anak kalo punya medsos jadi kacau dulu sebelum ada smartphone dan ai anak anak justru lebih suka main di luar 👍,oh yeah mantap komdigi anak anak kalo punya medsos jadi kacau dulu sebelum ada smartphone dan ai anak anak justru lebih suka main di luar,positive
_M85Z0Beq_g,"Setuju, dikarenakan, bnyk bocil - bocil toxic,terutama tiktok banyak yg sdm rendah dan warga tiktok rata rata DONGO",setuju dikarenakan bnyk bocil bocil toxicterutama tiktok banyak yg sdm rendah dan warga tiktok rata rata dongo,positive
_M85Z0Beq_g,Tinggal verivikasih umur lagi jr🥀✌️,tinggal verivikasih umur lagi jr,neutral
_M85Z0Beq_g,GK setujuuuu malas kali keye gini,gk setujuuuu malas kali keye gini,negative
_M85Z0Beq_g,"Sebenarnya itu ga masalah cuma harusnya yang di Batasin tuh umur 10 kebawah, kan remaja udah punya akal ngapain di blokir lol<br><br>Kalo umur yang belum ber akal, nah itu harus di blokir agar anak anak tidak terjerumus hal hal negatif.<br><br>Sampai kapan pun kalo medsos remaja di blokir akan susah untuk maju dalam bidang teknologi.",sebenarnya itu ga masalah cuma harusnya yang di batasin tuh umur 10 kebawah kan remaja udah punya akal ngapain di blokir lolkalo umur yang belum ber akal nah itu harus di blokir agar anak anak tidak terjerumus hal hal negatifsampai kapan pun kalo medsos remaja di blokir akan susah untuk maju dalam bidang teknologi,negative
_M85Z0Beq_g,Gak ada otak dasar pemerintah,gak ada otak dasar pemerintah,negative
_M85Z0Beq_g,Alah tingal ganti tanggal lahir di roblox dan lagian gw jarang main roblox mainnya mcp tapi <br><br><br><br><br><br><br><br><br>PEMERINTAH DONGO GOB*OK GK JELAS 🤬🤬🤬😡😡,alah tingal ganti tanggal lahir di roblox dan lagian gw jarang main roblox mainnya mcp tapi pemerintah dongo gobok gk jelas,negative
_M85Z0Beq_g,pls Bu YouTube dan tiktok jangan kalau Roblox saya iklas Bu kalau ga ada YouTube yang nonton video gimana,pls bu youtube dan tiktok jangan kalau roblox saya iklas bu kalau ga ada youtube yang nonton video gimana,negative
_M85Z0Beq_g,Ngapain aja dong kalo gak ada aplikasi itu kon### gak setuju!!!!!!!!!!!!!,ngapain aja dong kalo gak ada aplikasi itu kon gak setuju,negative
_M85Z0Beq_g,Gak setuju!!!!!,gak setuju,negative
_M85Z0Beq_g,Janganlah Bu saya masih mau main,janganlah bu saya masih mau main,negative
_M85Z0Beq_g,Aku gak setuju padahal YouTube ada video pelajaran pemerintah apaan yang gak setuju like<br>👇🏻<br>👇🏻<br>👇🏻,aku gak setuju padahal youtube ada video pelajaran pemerintah apaan yang gak setuju like,negative
_M85Z0Beq_g,Ga jelas banget sih tiba tiba di blok gitu aja kan kurang ajar emang ga tau diri alay 🤬🤬🤬🤬🤬🤬🤬🤬🤬🤬🤬<br><br><br><br><br><br><br><br><br><br><br><br><br><br><br><br><br><br><br><br><br>Tim ga setuju SM sekali<br>👇<br>👇<br>👇,ga jelas banget sih tiba tiba di blok gitu aja kan kurang ajar emang ga tau diri alay tim ga setuju sm sekali,negative
_M85Z0Beq_g,Pake HP nenek saya aja🫵😂,pake hp nenek saya aja,neutral
_M85Z0Beq_g,eee itu bukan gue itu anak anak bandel  looo Napa gua juga ha Napa lu😡😡🤬🤬🤬,eee itu bukan gue itu anak anak bandel looo napa gua juga ha napa lu,negative
_M85Z0Beq_g,gk setuju 😢,gk setuju,negative
_M85Z0Beq_g,Saya sangat gak setuju 😠😠😠,saya sangat gak setuju,negative
_M85Z0Beq_g,Untung umurku 31,untung umurku 31,neutral
_M85Z0Beq_g,Masak doang gak boleh padahal aplikasi semua itu buat kita belajar dan main Roblox YouTube aku masih mau lihat YouTube,masak doang gak boleh padahal aplikasi semua itu buat kita belajar dan main roblox youtube aku masih mau lihat youtube,negative
_M85Z0Beq_g,"Dah lah padahal masih 1,61 subscriber blom dapat play button dah di blokir aja😢😢",dah lah padahal masih 161 subscriber blom dapat play button dah di blokir aja,negative
_M85Z0Beq_g,Kan aku bisa bikin akun lagi  jafi 16+ keatas😂😂,kan aku bisa bikin akun lagi jafi 16 keatas,neutral
_M85Z0Beq_g,AKU GAK TERIMA TITIK! <br>Pemerintah siapa sih?! Main asal ngomong aja gak guna pemerintah!,aku gak terima titik pemerintah siapa sih main asal ngomong aja gak guna pemerintah,negative
_M85Z0Beq_g,Tim benci hal ini<br>👇,tim benci hal ini,negative
tuaZNgn2rcc,Gimana aku nonton dakwah 😨😱😱😭😭😭😭😭😭😭😭😭😭😭 di hp orang tua sering dipake,gimana aku nonton dakwah di hp orang tua sering dipake,negative
tuaZNgn2rcc,"Bagus lah ,klu i pemerintah bisa membatasi anak di bawah umur bermedsos. Sangat di dukung .",bagus lah klu i pemerintah bisa membatasi anak di bawah umur bermedsos sangat di dukung,positive
tuaZNgn2rcc,Woi jadi yang bakatnya emang ada di medsos gimana,woi jadi yang bakatnya emang ada di medsos gimana,negative
tuaZNgn2rcc,"modal sangat besar net indo yg sudah dipwehitungkan dunia,, dihancurkan sama negaranya sendiri,, otak kalian ketinggalan dmn?",modal sangat besar net indo yg sudah dipwehitungkan dunia dihancurkan sama negaranya sendiri otak kalian ketinggalan dmn,negative
tuaZNgn2rcc,WOII PEMERINTAH boleh gak sih YouTube itu gak ada konten dewasa PLEASE JANGAN HAPUS APA YANG TERKAIT DENGAN YOUTUBE😢😢,woii pemerintah boleh gak sih youtube itu gak ada konten dewasa please jangan hapus apa yang terkait dengan youtube,negative
tuaZNgn2rcc,Wooooooooy. Jangan di ban oyyyy orang gede kayak sma itu harus benned sosmed bukan bocil kan orang gede kan ada yang pacaran di sosmed sama roblox plssss jangan di ban,wooooooooy jangan di ban oyyyy orang gede kayak sma itu harus benned sosmed bukan bocil kan orang gede kan ada yang pacaran di sosmed sama roblox plssss jangan di ban,negative
tuaZNgn2rcc,"Kalau menurut saya sih seharusnya aturannya dibatasi mulai usia 13 tahun atau usia SMP bukan 16 tahun, karena menurut saya mulai SMP itu sudah banyak beberapa hal yg memerlukan medsos, misal menggunakan youtube untuk media pembelajaran, bahkan peraturan dari salah satu medsos yaitu instagram juga menerapkan batasan usia minimal 13 tahun, dan jika kita memasukkan tanggal lahir dibawah 13 tahun maka akun kita langsung diblokir",kalau menurut saya sih seharusnya aturannya dibatasi mulai usia 13 tahun atau usia smp bukan 16 tahun karena menurut saya mulai smp itu sudah banyak beberapa hal yg memerlukan medsos misal menggunakan youtube untuk media pembelajaran bahkan peraturan dari salah satu medsos yaitu instagram juga menerapkan batasan usia minimal 13 tahun dan jika kita memasukkan tanggal lahir dibawah 13 tahun maka akun kita langsung diblokir,negative
tuaZNgn2rcc,"Ini lah senjata y yahudi untuk membodohi anak2 juga penerus bangsa negri tercinta ini ...baru terasa y efek digital🤣🤣🤣sampean ingat waktu jaman kopid knpa anak2 tidak boleh ke sekolah,tus belajar dng apa dan siapa yg membolehkan dan memperkenalkan digital bahkan kalian mempasilitasi internet gratis untuk anak2...",ini lah senjata y yahudi untuk membodohi anak2 juga penerus bangsa negri tercinta ini baru terasa y efek digitalsampean ingat waktu jaman kopid knpa anak2 tidak boleh ke sekolahtus belajar dng apa dan siapa yg membolehkan dan memperkenalkan digital bahkan kalian mempasilitasi internet gratis untuk anak2,negative
tuaZNgn2rcc,Loh judol sama koruptor dah selesai? <br><br>Kok platform yang bisa buat bisnis atau youtuber yang bisa dapat duit <br>Malah dibatasi,loh judol sama koruptor dah selesai kok platform yang bisa buat bisnis atau youtuber yang bisa dapat duit malah dibatasi,negative
tuaZNgn2rcc,"kasian mbak yg masih kecil mau nonton kartun, harus nya nyuruh ortu aja buat awasin tontonan anak, bukan ngelarang, yg korupsi yg main judol yg meres uang rakyat gak di larang? malah di biarin, yg kaya di puji yg miskin di tindas, pantes ga maju²",kasian mbak yg masih kecil mau nonton kartun harus nya nyuruh ortu aja buat awasin tontonan anak bukan ngelarang yg korupsi yg main judol yg meres uang rakyat gak di larang malah di biarin yg kaya di puji yg miskin di tindas pantes ga maju,negative
tuaZNgn2rcc,Gua butuh youtube sama tiktok untuk cari uang buat kebutuhan hidup jangan dulu..😭😭😭😭,gua butuh youtube sama tiktok untuk cari uang buat kebutuhan hidup jangan dulu,negative
tuaZNgn2rcc,"1 acount dgn NIK, access  pakai face recog  jurus jitu",1 acount dgn nik access pakai face recog jurus jitu,positive
tuaZNgn2rcc,"Although these new regulations may be good ideas, they still have gaps in their implementation. For example, the children may lie about their age or use their parent&#39;s phone in using these apps. Therefore, these regulations still require parental supervision to be effective.",although these new regulations may be good ideas they still have gaps in their implementation for example the children may lie about their age or use their parents phone in using these apps therefore these regulations still require parental supervision to be effective,positive
tuaZNgn2rcc,Kalo yutube ga ada sama tiktok pasti yutuber pada sedih ga bisa bikin konten ga bisa jadi creator gaming kan yutuber udah susah susah cari sub sama folowers siapa yang ganti rugi kan berita ini yang ganti rugi,kalo yutube ga ada sama tiktok pasti yutuber pada sedih ga bisa bikin konten ga bisa jadi creator gaming kan yutuber udah susah susah cari sub sama folowers siapa yang ganti rugi kan berita ini yang ganti rugi,negative
tuaZNgn2rcc,Gua gak mau pokoknya bocil harus berontak,gua gak mau pokoknya bocil harus berontak,negative
tuaZNgn2rcc,🫵😡 gua mau mencari kepintaran di handphone malah di larang pemerintah yang adil,gua mau mencari kepintaran di handphone malah di larang pemerintah yang adil,negative
tuaZNgn2rcc,"Kata gw gak jadi sih beberapa kasus komdigi pernah bikin gerakan, ujung ujungnya gak ada kabar",kata gw gak jadi sih beberapa kasus komdigi pernah bikin gerakan ujung ujungnya gak ada kabar,neutral
tuaZNgn2rcc,Bikin akunnya aja bisa asal ko tgl lahirnya,bikin akunnya aja bisa asal ko tgl lahirnya,neutral
tuaZNgn2rcc,Cocok biar terarah generasi kita sangat benar,cocok biar terarah generasi kita sangat benar,positive
tuaZNgn2rcc,Saya tidak setuju dengan ini Karna akun Roblox saya sultan dan game Roblox adalah game favorit ku izinnnn🙏🏽,saya tidak setuju dengan ini karna akun roblox saya sultan dan game roblox adalah game favorit ku izinnnn,negative
tuaZNgn2rcc,"PERATURAN GAK JELAS!! JUDI ONLINE AJ GK DI LARANG, SEDANGKAN GAME ROBLOX YG GK AD SALAH MALAH DI LARANG, PERATURAN GK JELAS!!",peraturan gak jelas judi online aj gk di larang sedangkan game roblox yg gk ad salah malah di larang peraturan gk jelas,negative
tuaZNgn2rcc,"Anak sekolah zaman sekarang emang banyak yg bodoh, karena waktu mereka cuma habis untuk menyimak medsos seharian, waktu untuk belajar jadi ngga ada.",anak sekolah zaman sekarang emang banyak yg bodoh karena waktu mereka cuma habis untuk menyimak medsos seharian waktu untuk belajar jadi ngga ada,positive
tuaZNgn2rcc,Setuju&#39;,setuju,positive
tuaZNgn2rcc,Mikir dampak nya! Anak² bisa gangguan mental,mikir dampak nya anak bisa gangguan mental,negative
tuaZNgn2rcc,Ywdh gw ga akan ngonten lagi💔,ywdh gw ga akan ngonten lagi,negative
tuaZNgn2rcc,"Setuju sekali terutama medsos bikin aku kecanduan main hape karena gara² main medsos dan juga bikin males berpikir,minim literasi dan lain² .",setuju sekali terutama medsos bikin aku kecanduan main hape karena gara main medsos dan juga bikin males berpikirminim literasi dan lain,positive
tuaZNgn2rcc,Alhamdulillah saya setuju 1000% Bu,alhamdulillah saya setuju 1000 bu,positive
tuaZNgn2rcc,1000% setuju,1000 setuju,positive
tuaZNgn2rcc,Palingan juga niat doang. Nanti juga malah lupa terus ngulang lagi ngomong gitu sampe kiamat,palingan juga niat doang nanti juga malah lupa terus ngulang lagi ngomong gitu sampe kiamat,negative
tuaZNgn2rcc,Setuju 👍,setuju,positive
tuaZNgn2rcc,Udh block aja semua <br>Sosmed isi y hal yg sampah semua <br>Konten2 tidak berguna <br>Kekerasan gaya hidup buka buka an,udh block aja semua sosmed isi y hal yg sampah semua konten2 tidak berguna kekerasan gaya hidup buka buka an,positive
tuaZNgn2rcc,tumben bhagia,tumben bhagia,positive
tuaZNgn2rcc,Woi gua baru mau ngonten terus kita cari duit gimana,woi gua baru mau ngonten terus kita cari duit gimana,negative
tuaZNgn2rcc,Bagus,bagus,positive
tuaZNgn2rcc,Setuju.,setuju,positive
tuaZNgn2rcc,Iklan judol juga urgent diberantas tapi kok tdk ada progress tindak lanjut dari Menteri ini😢,iklan judol juga urgent diberantas tapi kok tdk ada progress tindak lanjut dari menteri ini,neutral
tuaZNgn2rcc,"Anak2 sekarang pintar, paling mereka akan menipu umur untuk membuat akun...zaman sekarang semua bisa direkayasa..",anak2 sekarang pintar paling mereka akan menipu umur untuk membuat akunzaman sekarang semua bisa direkayasa,neutral
tuaZNgn2rcc,💯 persen di dukung,persen di dukung,positive
tuaZNgn2rcc,"Untuk Meutya, kalau cara berfikir masih sangat rendah dari pada buat statement KONYOL mending diam, nambahin daftar statement sampah mentri aja setelah Bahlil, Pigai, raja juli dll 😂. Parah kacau nya prabowo nyuruh rakyat bayari hidup dan kasih fasilitas mewah untuk mentri² seperti ini",untuk meutya kalau cara berfikir masih sangat rendah dari pada buat statement konyol mending diam nambahin daftar statement sampah mentri aja setelah bahlil pigai raja juli dll parah kacau nya prabowo nyuruh rakyat bayari hidup dan kasih fasilitas mewah untuk mentri seperti ini,negative
tuaZNgn2rcc,Assalamualaikum komdigi kalo liat ini atongga siapa kek<br>Aku ingin memberi pendapatku<br>Sejujurnya menurut saya ini tidak betul betul berguna karena banyak anak anak memiliki bakat dari media sosial seperti animasi coding dll kebetulan saya lagi belajar animasi di Roblox studio jadi mohon revisi ulang peraturannya,assalamualaikum komdigi kalo liat ini atongga siapa kekaku ingin memberi pendapatkusejujurnya menurut saya ini tidak betul betul berguna karena banyak anak anak memiliki bakat dari media sosial seperti animasi coding dll kebetulan saya lagi belajar animasi di roblox studio jadi mohon revisi ulang peraturannya,negative
tuaZNgn2rcc,Baru kali ini gua setuju,baru kali ini gua setuju,positive
tuaZNgn2rcc,Sudah terlambat...udah rusak mental rata rata anak bangsa karena teknologi yg terlalu dini untk anak di bawah umur.. apalagi konten konten vulgar,sudah terlambatudah rusak mental rata rata anak bangsa karena teknologi yg terlalu dini untk anak di bawah umur apalagi konten konten vulgar,negative
tuaZNgn2rcc,Oke dibatasi 16tahun kebawah tapi jika orang tua membuat akun atau memberi akun orangtua kepada anaknya Justru berbahaya jika anak2 diberi akun dewasa oleh orang tua. Sosmed menganggap pengguna sudah dewasa dan akan banyak menampilkan konten yg tidak pantas.,oke dibatasi 16tahun kebawah tapi jika orang tua membuat akun atau memberi akun orangtua kepada anaknya justru berbahaya jika anak2 diberi akun dewasa oleh orang tua sosmed menganggap pengguna sudah dewasa dan akan banyak menampilkan konten yg tidak pantas,positive
tuaZNgn2rcc,Bagus 👍,bagus,positive
tuaZNgn2rcc,👍 sangat setuju,sangat setuju,positive
tuaZNgn2rcc,"Saya sangat setuju, secara bertahap setelah semua sosmed terealisasi selanjutnya akun game!",saya sangat setuju secara bertahap setelah semua sosmed terealisasi selanjutnya akun game,positive
tuaZNgn2rcc,setuju banget,setuju banget,positive
tuaZNgn2rcc,"Sangat2 setuju sekali saya bu, coba sedari dulu2 diblokir saja tuh semua game2 online yang mengahancurkan masa depan generasi bangsa.<br>ML sama FF juga blokir sekalian bu, dengan adanya game2 online ini bikin anak2 generasi bangsa jadi malas dan tidak kreatif sekali... lupa waktu, sekolah juga asal2an malas belajar, dibilangin orang tua juga susah banget gara2 keasyikan main game2 setan ini!",sangat2 setuju sekali saya bu coba sedari dulu2 diblokir saja tuh semua game2 online yang mengahancurkan masa depan generasi bangsaml sama ff juga blokir sekalian bu dengan adanya game2 online ini bikin anak2 generasi bangsa jadi malas dan tidak kreatif sekali lupa waktu sekolah juga asal2an malas belajar dibilangin orang tua juga susah banget gara2 keasyikan main game2 setan ini,positive
tuaZNgn2rcc,Setuju banget. Mereka kebanyakan lupa dgn apa yg harus mereka kerjakan di usia yg seharusnya belajar demi meraih cita cita,setuju banget mereka kebanyakan lupa dgn apa yg harus mereka kerjakan di usia yg seharusnya belajar demi meraih cita cita,positive
tuaZNgn2rcc,Pertanyaan:<br>1. Selama ini ortu melakukan apa ya untuk mengawasi dan membimbing anak-anaknya?<br>2. Ibu ini juga sebelum menjabat melakukan apa ya untuk mengawasi dan membimbing anak-anaknya?<br>3. Judol kenapa belum selesai kasusnya?,pertanyaan1 selama ini ortu melakukan apa ya untuk mengawasi dan membimbing anakanaknya2 ibu ini juga sebelum menjabat melakukan apa ya untuk mengawasi dan membimbing anakanaknya3 judol kenapa belum selesai kasusnya,negative
tuaZNgn2rcc,"Usul yaa, tolong di tindak tu di play stor, banyak aplikasi bahaya, tolong media peringatkan komdigi, banyak banget😢😢😢😢",usul yaa tolong di tindak tu di play stor banyak aplikasi bahaya tolong media peringatkan komdigi banyak banget,neutral
tuaZNgn2rcc,Marathon reza arab tuh blokir juga..gak bener bahasa nya..!!!,marathon reza arab tuh blokir jugagak bener bahasa nya,positive
tuaZNgn2rcc,Gw setujue banget,gw setujue banget,positive
tuaZNgn2rcc,hore.. akhirnya kebahagian ini  datang juga. kami mendukung bu mentri,hore akhirnya kebahagian ini datang juga kami mendukung bu mentri,positive
tuaZNgn2rcc,"Alhamdulillah ❤ setuju, meski ngga tahu gimana aturan teknisnya",alhamdulillah setuju meski ngga tahu gimana aturan teknisnya,positive
tuaZNgn2rcc,"Alhamdulillah sangat setuju..., medsos banyak mudhorot dr pada manfaat bagi anak.",alhamdulillah sangat setuju medsos banyak mudhorot dr pada manfaat bagi anak,positive
tuaZNgn2rcc,Tau darimana klo anak iti umur 16 tahun ksn umur bisa di  ganti ataudi akal2in,tau darimana klo anak iti umur 16 tahun ksn umur bisa di ganti ataudi akal2in,neutral
tuaZNgn2rcc,"Saya sebagai ibu dari dua anak sangat sangat setuju sekali,",saya sebagai ibu dari dua anak sangat sangat setuju sekali,positive
tuaZNgn2rcc,Mantap biar gak tiktok an😂,mantap biar gak tiktok an,positive
sOvQu2U6JG4,bilang saja takut di up MBG gk layak nya,bilang saja takut di up mbg gk layak nya,negative
nVMFsgHRcnY,itu tak adil,itu tak adil,negative
nVMFsgHRcnY,plis jangan gitu😊,plis jangan gitu,negative
nVMFsgHRcnY,"As a young content creator, this law (PP Tunas/Reg No. 9) feels like a &#39;blanket ban&#39; that ignores the positive side of the internet. For many of us, these platforms aren&#39;t just for &#39;scrolling&#39;—they are where we could build international friendships, learn digital skills, and find our community, i have a Suggestion, Instead of deactivating accounts on March 28, why not focus on &#39;Safety-by-Design&#39;? We want platforms that remove addictive algorithms and predatory content, but let us keep our voices and our friends. You can’t protect our future by cutting us off from the digital world we’ll eventually have to lead&quot;",as a young content creator this law pp tunasreg no 9 feels like a blanket ban that ignores the positive side of the internet for many of us these platforms arent just for scrollingthey are where we could build international friendships learn digital skills and find our community i have a suggestion instead of deactivating accounts on march 28 why not focus on safetybydesign we want platforms that remove addictive algorithms and predatory content but let us keep our voices and our friends you cant protect our future by cutting us off from the digital world well eventually have to lead,negative
nVMFsgHRcnY,umur gw 13 tahun gw harus nunggu 3 tahun biar bisa youtube lgi..........amit amit tinggal di negara konoha,umur gw 13 tahun gw harus nunggu 3 tahun biar bisa youtube lgiamit amit tinggal di negara konoha,negative
nVMFsgHRcnY,Kasian yang mau belajar dan ikut olimpiade😢,kasian yang mau belajar dan ikut olimpiade,negative
nVMFsgHRcnY,Knp Roblox g diblokir aja😁mo umur 16 THN kek blokir aja,knp roblox g diblokir ajamo umur 16 thn kek blokir aja,positive
nVMFsgHRcnY,Btw apa kabar yang ganti tanggal lahir ke 16+ ya padahal Masi dibawah 16th 😂,btw apa kabar yang ganti tanggal lahir ke 16 ya padahal masi dibawah 16th,neutral
nVMFsgHRcnY,Yang ini lah terbaik untuk anak generasi muda,yang ini lah terbaik untuk anak generasi muda,positive
nVMFsgHRcnY,"Kritik untuk Kebijakan Pembatasan Akses Platform Digital<br>Saya memahami bahwa pemerintah ingin melindungi anak-anak dari risiko di internet melalui kebijakan pembatasan akses platform digital bagi usia di bawah 16 tahun. Tujuan ini tentu baik dan penting.<br>Namun, kebijakan ini juga berpotensi membatasi anak-anak yang menggunakan platform digital untuk hal positif, seperti belajar, berkreasi, dan mengembangkan bakat di bidang teknologi, pemrograman, maupun pembuatan game.<br>Platform seperti Roblox tidak hanya digunakan untuk bermain, tetapi juga menjadi tempat belajar membuat game, scripting, desain dunia virtual, dan kerja sama dengan developer lain.<br>Karena itu, saya berharap pemerintah dapat mempertimbangkan solusi yang lebih seimbang, misalnya:<br>menyediakan mode kreator atau edukasi untuk anak-anak,<br>memungkinkan akses dengan pengawasan orang tua,<br>atau memberikan pengecualian untuk aktivitas kreatif dan pembelajaran digital.<br>Dengan begitu, perlindungan anak tetap terjaga, tetapi potensi dan bakat anak-anak Indonesia di bidang teknologi juga tetap bisa berkembang.",kritik untuk kebijakan pembatasan akses platform digitalsaya memahami bahwa pemerintah ingin melindungi anakanak dari risiko di internet melalui kebijakan pembatasan akses platform digital bagi usia di bawah 16 tahun tujuan ini tentu baik dan pentingnamun kebijakan ini juga berpotensi membatasi anakanak yang menggunakan platform digital untuk hal positif seperti belajar berkreasi dan mengembangkan bakat di bidang teknologi pemrograman maupun pembuatan gameplatform seperti roblox tidak hanya digunakan untuk bermain tetapi juga menjadi tempat belajar membuat game scripting desain dunia virtual dan kerja sama dengan developer lainkarena itu saya berharap pemerintah dapat mempertimbangkan solusi yang lebih seimbang misalnyamenyediakan mode kreator atau edukasi untuk anakanakmemungkinkan akses dengan pengawasan orang tuaatau memberikan pengecualian untuk aktivitas kreatif dan pembelajaran digitaldengan begitu perlindungan anak tetap terjaga tetapi potensi dan bakat anakanak indonesia di bidang teknologi juga tetap bisa berkembang,negative
nVMFsgHRcnY,Semua game boleh asal jangan whatsapp soalnya ada grup sekolah 😢,semua game boleh asal jangan whatsapp soalnya ada grup sekolah,neutral
nVMFsgHRcnY,"anak anak udah lebih pinter , kalopun di batasi tetep ada cara lain",anak anak udah lebih pinter kalopun di batasi tetep ada cara lain,neutral
nVMFsgHRcnY,"Good job, lanjutkan.",good job lanjutkan,positive
nVMFsgHRcnY,TIDAK SETUJU KHUSUS BUAT ROBLOX &amp; SEMUA GAME. ITU SAMA SAJA MENGHALANGI KECERDASAN ANAK. JGN HALANGI ANAK BERMAIN GAME,tidak setuju khusus buat roblox semua game itu sama saja menghalangi kecerdasan anak jgn halangi anak bermain game,negative
nVMFsgHRcnY,saya tidak setuju😠😠😠😡😠😠😠😠😡😠😠😠😠😠😠,saya tidak setuju,negative
nVMFsgHRcnY,"INI SAMA SAJA SEPERTI MENGAMBIL HAK KITA , BAYANGKAN AKUN YANG DIRAWAT BERTAHUN TAHUN SERING TOP UP DAN SUDAH SULTAN HARGA NYA BSA RATUSAN HINGGA JUTAAN LALU DISITA BEGITU SAJA? PENCURIAN INI BANYAK YG TIDAK BERSALAH KENA AKUN YG DIRAWAT UDAH KAYAK DIRAMPAS PAKSA , MENGISOLASI ANAK ANAK INI BSA AJA KENA PENYAKIT MENTAL WOI",ini sama saja seperti mengambil hak kita bayangkan akun yang dirawat bertahun tahun sering top up dan sudah sultan harga nya bsa ratusan hingga jutaan lalu disita begitu saja pencurian ini banyak yg tidak bersalah kena akun yg dirawat udah kayak dirampas paksa mengisolasi anak anak ini bsa aja kena penyakit mental woi,negative
nVMFsgHRcnY,Segerakan aturan ini u tuk masa depan bangsa,segerakan aturan ini u tuk masa depan bangsa,positive
fX2bE5ecHy4,Jd gila ank skrg gara² hp otak jd ancur g mikirin masa depan.<br>Pemerintah pk presiden hrs tegas ank skrg cmn ngerti main geme dihp.<br>Sejarah zaman dl g ngerti klu ditanya.,jd gila ank skrg gara hp otak jd ancur g mikirin masa depanpemerintah pk presiden hrs tegas ank skrg cmn ngerti main geme dihpsejarah zaman dl g ngerti klu ditanya,positive
fX2bE5ecHy4,"Kalau ini melindungi benar” melindungi, buktikan dulu efektif !",kalau ini melindungi benar melindungi buktikan dulu efektif,neutral
fX2bE5ecHy4,Bagaimana dengan coding? Tidak semua anak kecil salah menggunakan media sosial<br>Ada anak berbakat yang lebih ngerti internet dan media sosial. Kenapa harus 16+ ?,bagaimana dengan coding tidak semua anak kecil salah menggunakan media sosialada anak berbakat yang lebih ngerti internet dan media sosial kenapa harus 16,negative
fX2bE5ecHy4,Ini hoax yang aslinya dibatasi,ini hoax yang aslinya dibatasi,neutral
fX2bE5ecHy4,Nambah gila❎️<br>Nambah stress❎️<br>Nambah otak ngilang✅️,nambah gilanambah stressnambah otak ngilang,negative
fX2bE5ecHy4,Saya besok nggak bisa lagi menggunakan sosmed lagi pemerintah kembalikanlah,saya besok nggak bisa lagi menggunakan sosmed lagi pemerintah kembalikanlah,negative
fX2bE5ecHy4,"Yg perlu di blokir akses anak bawah umur itu toktok, sama game2 yg gak sesuai umur, plus judol diberantas segera. Byk manusia gak waras dan jd psikopat gara2 judol",yg perlu di blokir akses anak bawah umur itu toktok sama game2 yg gak sesuai umur plus judol diberantas segera byk manusia gak waras dan jd psikopat gara2 judol,positive
fX2bE5ecHy4,Kalo whatsaap enggak kan soalnya buat  wa sama mamah ku mamah sama ayah ku kerja dimalaysia😢😢😢😢😢,kalo whatsaap enggak kan soalnya buat wa sama mamah ku mamah sama ayah ku kerja dimalaysia,neutral
fX2bE5ecHy4,Bagaimana kalo bocil main medsos di hp ortunya Bu Mentri piyee iki😂😂😂,bagaimana kalo bocil main medsos di hp ortunya bu mentri piyee iki,neutral
fX2bE5ecHy4,KLO diblokir Prabowo gay,klo diblokir prabowo gay,negative
fX2bE5ecHy4,Co yt di blokir mau nonton apa jadi yt kids adanya cocmelon jir😭😭😭😭,co yt di blokir mau nonton apa jadi yt kids adanya cocmelon jir,negative
fX2bE5ecHy4,PIKIR AJA BROOOO KAYAK MAKAN IKAN kerja ny orang tua itu musih ny ngajarin anaknya misahin yang tulang dan yang ikan bukan gabolehin makan ikan KLO gadibolehin maah emang udah aneh main boleh tapi kita juga musih ada hiburan orangtuanya juga yang musinya tanggung jawab<br><br><br><br><br>Funfact guys gw tuh bisa belajar inggris dari Roblox jangan sangka Roblox gak kasih ilmu,pikir aja broooo kayak makan ikan kerja ny orang tua itu musih ny ngajarin anaknya misahin yang tulang dan yang ikan bukan gabolehin makan ikan klo gadibolehin maah emang udah aneh main boleh tapi kita juga musih ada hiburan orangtuanya juga yang musinya tanggung jawabfunfact guys gw tuh bisa belajar inggris dari roblox jangan sangka roblox gak kasih ilmu,negative
fX2bE5ecHy4,Mending bikin aturan korupsi hukum mati,mending bikin aturan korupsi hukum mati,neutral
fX2bE5ecHy4,"Saya sejujurnya setuju dengan aturan ini, tapi menurut saya Roblox itu jangan sepenuhnya di blokir untuk anak dibawah 16 tahun, kalau bisa di batasi saja, karena Roblox dari awal dibuat untuk anak², Roblox juga punya aturan seperti parental control, dll",saya sejujurnya setuju dengan aturan ini tapi menurut saya roblox itu jangan sepenuhnya di blokir untuk anak dibawah 16 tahun kalau bisa di batasi saja karena roblox dari awal dibuat untuk anak roblox juga punya aturan seperti parental control dll,positive
fX2bE5ecHy4,"setuju,tpi nnti pelaksanaan nya bagaimana? apakah tetap bisa mengakses tpi interaksi dibatasi? filter konten? sebelum melaksanakan apakah sudah sesuai dengan data dan fakta? krn bisa saja anak meminjam dan dipinjam kan akun orang tua. Email / akun Google nanti gimana? Pemerintah harusnya kasih “wadah” atau malah membatasi? <br><br><br>bagaimana caranya bikin sosmed aman tanpa menghambat belajar anak?",setujutpi nnti pelaksanaan nya bagaimana apakah tetap bisa mengakses tpi interaksi dibatasi filter konten sebelum melaksanakan apakah sudah sesuai dengan data dan fakta krn bisa saja anak meminjam dan dipinjam kan akun orang tua email akun google nanti gimana pemerintah harusnya kasih wadah atau malah membatasi bagaimana caranya bikin sosmed aman tanpa menghambat belajar anak,positive
fX2bE5ecHy4,"aturan aneh, kami semua anak anak tidak terima dengan aturan ini! Tidak semua yang ada di sosmed itu negatif, ada juga kok yang positif, tolong jangan se enak nya membatasi bermain sosmed seperti, kami anak anak Indonesia juga berhak menggunakan sosmed seperti belajar dan lain lain, jadi saya minta dan memohon aturan ini di batalkan",aturan aneh kami semua anak anak tidak terima dengan aturan ini tidak semua yang ada di sosmed itu negatif ada juga kok yang positif tolong jangan se enak nya membatasi bermain sosmed seperti kami anak anak indonesia juga berhak menggunakan sosmed seperti belajar dan lain lain jadi saya minta dan memohon aturan ini di batalkan,negative
fX2bE5ecHy4,"Seharusnya sih dibatasi bu,,, biar anak bisa main medsos untuk hiburan dan dibatasi untuk untuk hiburan mereka aja sih.",seharusnya sih dibatasi bu biar anak bisa main medsos untuk hiburan dan dibatasi untuk untuk hiburan mereka aja sih,positive
fX2bE5ecHy4,Memang tidak masuk akal,memang tidak masuk akal,negative
fX2bE5ecHy4,Apala kek gini Nega nggak maju,apala kek gini nega nggak maju,negative
fX2bE5ecHy4,Ayo kita  suarakan ke pemerintah untuk ngeblokir judol atau kita demo sebelum tanggal 28 maret 2026 😡😡😡,ayo kita suarakan ke pemerintah untuk ngeblokir judol atau kita demo sebelum tanggal 28 maret 2026,negative
fX2bE5ecHy4,Aku beli hp sendiri tapi kenapa kok situ yang ngatur,aku beli hp sendiri tapi kenapa kok situ yang ngatur,negative
fX2bE5ecHy4,!!?!?!?!?!?!? Gimana mengatasinya.. Kan di pengaturan bisa dirubah Untuk Ttg Lahir nya.???? 😅,gimana mengatasinya kan di pengaturan bisa dirubah untuk ttg lahir nya,neutral
fX2bE5ecHy4,"Setuju,,apalagi aplikasi tiktok",setujuapalagi aplikasi tiktok,positive
fX2bE5ecHy4,"Hiburan aja dibatasi , masa judol ga di atasi",hiburan aja dibatasi masa judol ga di atasi,neutral
fX2bE5ecHy4,"Tolong dong Bu jangan pada di blokir anak saya dikit ²setres pas di tingglin kakeknya aja sampe pingsan nangis kesurupan sampe mau bawa ke rumah sakit jiwa ,Bu korupsi ini saya cuman menasehati ya karna anak saya setres 😮‍💨😮‍💨😮‍💨apalagi Roblox kesukaan anak saya Bu korupsi.pasti kalau anak saya butuh hiburan gimana ?",tolong dong bu jangan pada di blokir anak saya dikit setres pas di tingglin kakeknya aja sampe pingsan nangis kesurupan sampe mau bawa ke rumah sakit jiwa bu korupsi ini saya cuman menasehati ya karna anak saya setres apalagi roblox kesukaan anak saya bu korupsipasti kalau anak saya butuh hiburan gimana,negative
fX2bE5ecHy4,Kenapa sih harus di hapus tiktok YouTube Ig Facebook Roblox game favorit ku 😭😭😭😭😭😭 berarti GK ada yg hibur kita lagi plis jangan di blokir masa cuman ngeliat galeri doang si mikir kisd😡😡masa setiap harin<br> Nonton nya tv galeri najis banget 😡😡😡😡😡bisa GK si GK usah di blokir mending yg di blokir judol mending ini nih korupsi nya masukin aja ke kantor polisi biar tau rasa😡😡😡misalkan ada bencana gimana GK bisa ngeliat donggg🤬🤬🤬🤬🤬dasar bodoh Mikir kisd 😡😡😡sekarang di Indonesia bener bener GK adil bagi aku 😭😭😭😭plis jangan diblokir semuanya plis 😢😢😢😢bisa GK si korupsi ya GK usah ikut campur urusan anak kecil anak kecil  urusan korupsi korupsi dong ngotak dikit donggg😡🤬🤬najis najissss 😡😡😡andai kan aku jadi polisi biar bisa nangkap korupsi yg jahat 😭😭😭😭😭😭😭😭😭aku sampaii nangis 😢😢😢kata mama aku gini emang ni ya korupsi Dajjal apa-apa gitu kalau anak anak pada setres gimana ?Bu korupsi 😡😡,kenapa sih harus di hapus tiktok youtube ig facebook roblox game favorit ku berarti gk ada yg hibur kita lagi plis jangan di blokir masa cuman ngeliat galeri doang si mikir kisdmasa setiap harin nonton nya tv galeri najis banget bisa gk si gk usah di blokir mending yg di blokir judol mending ini nih korupsi nya masukin aja ke kantor polisi biar tau rasamisalkan ada bencana gimana gk bisa ngeliat dongggdasar bodoh mikir kisd sekarang di indonesia bener bener gk adil bagi aku plis jangan diblokir semuanya plis bisa gk si korupsi ya gk usah ikut campur urusan anak kecil anak kecil urusan korupsi korupsi dong ngotak dikit dongggnajis najissss andai kan aku jadi polisi biar bisa nangkap korupsi yg jahat aku sampaii nangis kata mama aku gini emang ni ya korupsi dajjal apaapa gitu kalau anak anak pada setres gimana bu korupsi,negative
fX2bE5ecHy4,"Napa sih ngatur ngatur gak jelas, anak anak itu butuh hiburan. Masa kecilnya kurang bahagia ya, jadinya iri sama anak anak sekarang",napa sih ngatur ngatur gak jelas anak anak itu butuh hiburan masa kecilnya kurang bahagia ya jadinya iri sama anak anak sekarang,negative
fX2bE5ecHy4,Aku bisa bahasa inggris ngejalanin kereta dari Roblox dan aku suka liatin adzan di Indonesia,aku bisa bahasa inggris ngejalanin kereta dari roblox dan aku suka liatin adzan di indonesia,negative
fX2bE5ecHy4,"Selama indonesia masih impor hp mana bisa anak2 dibatasi, dipikir rakyat itu bodoh? Anak 5 tahun aja udah minta dibeliin hp, anak 1 tahun cuma anteng klo nonton hp. Anak2 ibu sama bapaknya punya hp masing2 krn banyak hp keluaran baru di toko mana bisa dibatasi",selama indonesia masih impor hp mana bisa anak2 dibatasi dipikir rakyat itu bodoh anak 5 tahun aja udah minta dibeliin hp anak 1 tahun cuma anteng klo nonton hp anak2 ibu sama bapaknya punya hp masing2 krn banyak hp keluaran baru di toko mana bisa dibatasi,negative
fX2bE5ecHy4,"Hallah ntar klo ada pamdemi lagi pasti anak2 sekolah disuruh ke hp lagi,",hallah ntar klo ada pamdemi lagi pasti anak2 sekolah disuruh ke hp lagi,negative
fX2bE5ecHy4,"Lah YouTube di blokir buat anak-anak di bawah umur 16 tahun!? Itu! Itu judol napa gak di hapus hah!? Mikir judol itu haram apalagi sampe taruhan pake uang, kalian udah joget-joget cuma karna gaji 3jt perhari cuihh",lah youtube di blokir buat anakanak di bawah umur 16 tahun itu itu judol napa gak di hapus hah mikir judol itu haram apalagi sampe taruhan pake uang kalian udah jogetjoget cuma karna gaji 3jt perhari cuihh,negative
fX2bE5ecHy4,Lebih gila kau ya kau buat kami smkin marah pemerintah kota jakar ta memang apsalahnya itu aja pun aneh dasar gak punya otak pemerintah ibu kota anj mikirlah orang mainkan game roblox itu kan enak  terus belajar,lebih gila kau ya kau buat kami smkin marah pemerintah kota jakar ta memang apsalahnya itu aja pun aneh dasar gak punya otak pemerintah ibu kota anj mikirlah orang mainkan game roblox itu kan enak terus belajar,negative
fX2bE5ecHy4,"Saya tidak menyukai ide ini! <br><br>Tidak semua medsos itu negatif kebanyakan ini hanya sudut pandang orang yang tidak berpendidikan yang mengsudut pandangkan medsos itu negatif<br><br>Kami sebagai generasi muda seharusnya mendapatkan pendidikan dengan online dan teknologi untuk belajar<br><br>Saya tidak setuju dengan ide pemerintah yang meanggap generasi muda seperti kami masih 3 tahun kami sudah bisa membedakan mana yang salah dan mana yang benar<br><br><br>Kami memiliki hak untuk belajar menggunakan barang teknologi apa lagi yang baru untuk menuntut ilmu lebih tinggi kalau seperti ini akan mengurangi pendidikan generasi muda seperti kami<br><br>Kami bukan generasi yang harus dibungkam atau dibatasi tanpa alasan yang jelas. Kami adalah generasi digital yang berhak belajar, bersuara, dan berkembang di dunia yang juga akan menjadi masa depan kami.<br><br>Sekali lagi saya minta kepada pemerintah untuk mengganti pengaturan medsos tidak semua medsos itu negatif<br><br>Dengarkan suara kami. Jangan membuat kebijakan tentang kami tanpa melibatkan kami. 🚫📱",saya tidak menyukai ide ini tidak semua medsos itu negatif kebanyakan ini hanya sudut pandang orang yang tidak berpendidikan yang mengsudut pandangkan medsos itu negatifkami sebagai generasi muda seharusnya mendapatkan pendidikan dengan online dan teknologi untuk belajarsaya tidak setuju dengan ide pemerintah yang meanggap generasi muda seperti kami masih 3 tahun kami sudah bisa membedakan mana yang salah dan mana yang benarkami memiliki hak untuk belajar menggunakan barang teknologi apa lagi yang baru untuk menuntut ilmu lebih tinggi kalau seperti ini akan mengurangi pendidikan generasi muda seperti kamikami bukan generasi yang harus dibungkam atau dibatasi tanpa alasan yang jelas kami adalah generasi digital yang berhak belajar bersuara dan berkembang di dunia yang juga akan menjadi masa depan kamisekali lagi saya minta kepada pemerintah untuk mengganti pengaturan medsos tidak semua medsos itu negatifdengarkan suara kami jangan membuat kebijakan tentang kami tanpa melibatkan kami,negative
fX2bE5ecHy4,"“Media sosial tidak selalu buruk. Banyak anak belajar, berkarya, bahkan belajar teknologi dari sana. Jangan langsung melarang, tapi ajarkan cara pakainya dengan benar.” by:chatgpt",media sosial tidak selalu buruk banyak anak belajar berkarya bahkan belajar teknologi dari sana jangan langsung melarang tapi ajarkan cara pakainya dengan benar bychatgpt,negative
fX2bE5ecHy4,ya allah pdhl game rblx game favorit aku😭,ya allah pdhl game rblx game favorit aku,negative
fX2bE5ecHy4,Gak setuju gua gak ada hiburan lagi 😢,gak setuju gua gak ada hiburan lagi,negative
fX2bE5ecHy4,"Saya peringatkan sekali lagi ya buk,hati hati jika sebentar lagi ada demo dan lain lain,karena pejabatnya yang kurang,hati hati,nanti rumah dan kantor ibu dijarah para warga, sekian terima kasih 😊,semoga rumah dan kantor ibu dijajah,dan ibu tidak berhasil menerapkan peraturan gj dan sok ngatur ini😊",saya peringatkan sekali lagi ya bukhati hati jika sebentar lagi ada demo dan lain lainkarena pejabatnya yang kuranghati hatinanti rumah dan kantor ibu dijarah para warga sekian terima kasih semoga rumah dan kantor ibu dijajahdan ibu tidak berhasil menerapkan peraturan gj dan sok ngatur ini,negative
fX2bE5ecHy4,"Saya rasa,ibu dan pemerintah sekarang banyak yapping,dan seharusnya mulut ibu itu dijaga,supaya tidak diamuk masa,😊",saya rasaibu dan pemerintah sekarang banyak yappingdan seharusnya mulut ibu itu dijagasupaya tidak diamuk masa,negative
fX2bE5ecHy4,AKU TIDAK TAHAN SEKARANG PEMERINTAH ! suka banget merusak kesenangan kita 🤬,aku tidak tahan sekarang pemerintah suka banget merusak kesenangan kita,negative
fX2bE5ecHy4,"gw yang konten kreator gimana:( , di sini tempat gw cari uang dikit dikit plss , buat sedikit ngeringanin beban ortu, ga setuju banget 💔 gamauuuuu!!!",gw yang konten kreator gimana di sini tempat gw cari uang dikit dikit plss buat sedikit ngeringanin beban ortu ga setuju banget gamauuuuu,negative
fX2bE5ecHy4,"Assalamualaikum wr.wb.Saya tidak setuju,karena bukan sosmed yang salah,tapi pengawasan orang tuanya yang kurang,jika pengawasan orang tua yang seimbang maka anaknya juga seimbang,tapi kalo pengawasan orang tua nya yang kurang ya, otomatis anaknya juga kurang,ini bukan masalah sosmed yang anda bicarakan,tapi pengawasan orang tua yang salah,kan di sosmed itu bukan hanya hal yang aneh aneh,tapi kan banyak materi nya,jika anak anak mencari hal baik,seperti perkalian, matematika,ataupun sejarah, sedangkan ada pun hal aneh,seperti masalah kedewasaan,film Tak senonoh, ataupun yang lain,itu juga ada,di Roblox pun juga ada game edukasi dan edukatif,bisa mengasah pengetahuan dan keterampilan anak anak,tapi juga ada segi buruk nya,yaitu aksi aksi kedewasaan,ini bukan sosmed yang salah,tapi orang tua yang salah,kan yang memantau anak di rumah,di lingkungan itu kan orang tua, jika orang tua sudah membiarkan anak terbang bebas ke dunia yang seharusnya tidak sesuai dengan umurnya,ya otomatis orang tua yang salah,tapi sekarang anda menyalahkan sosmed, terkadang ada juga anak anak yang sudah punya channel dan channel nya sudah berkembang pesat,dan bisa menghasilkan uang untuk membantu penghasilan orang tua,tapi anda tiba tiba melarang anak anak di bawah umur bermain sosmed,padahal sudah ada penghasilan nya disana,yang halal bukan yang haram,hei,tidak semua sosmed itu memiliki hal hal buruk,tapi juga ada hal baik,mungkin anda yang salah mengerti dan malahan anda menyalahkan sosmed yang memang di progam untuk semua hal,atau anda cuma mencari perhatian supaya di notis oleh orang lain,kami juga tau batasan buk,tapi jangan sekali kali ibu mengambil kesenangan anak anak,itu bisa membuat anak anak depresi dan stress sebelum dia menerima hal tersebut,anak anak itu harus di bimbing bukan dijadikan kelinci percobaan buk,buk negara kita bisa saja di sebut negara hancur atau menurun,jangan ditambah menurun kan negara kita buk,kami tau ibu adalah orang penting dan kami cuma rakyat biasa yang tidak terdengar pendapat nya, seharusnya ibu juga sadar,anak anak itu masih kecil,belum tau semua hal yang ada di dunia luar,perlu bimbingan bukan pelajaran yang membuat anak stress,kadang kadang cara pola pikir anak anak itu berbeda buk,terkadang dengan simulasi atau tindakan baru dia bisa mengerti,jangan jadikan jabatan ibu sebagai tembok untuk mehalang pendapat rakyat seperti kami,buk saya mohon sekali, pertanyaan ini batal,mohon di batalkan segera,atau tidak ibu mau negara kita ini malu karena sudah banyak konflik atau berita yang sudah beredar di dunia ini,kami tau batasan buk,jangan jadikan anak anak sebagai benda tak berdaya sehingga ibu bisa merusak nya, sekian pendapat dari saya,mohon dibaca,karna kami adalah channel kecil yang bisa berkembang dan menjadi channel besar,entah entah kami bisa membawa nama negara ke luar sana,ibu harus sadar sekarang,jangan asal bikin peraturan, musyawarah kan terlebih dahulu,kalau seperti ini,pasti kantor ibu,sampai rumah ibu di demo oleh para warga,dah sekian pendapat dari saya,jika ada kata yang tidak mengenakkan mohon dimaafkan,karena menurut saya pendapat ibu kurang tepat untuk dijadikan peraturan,sekian dari saya,saya akhiri dengan assalamualaikum wr.wb.",assalamualaikum wrwbsaya tidak setujukarena bukan sosmed yang salahtapi pengawasan orang tuanya yang kurangjika pengawasan orang tua yang seimbang maka anaknya juga seimbangtapi kalo pengawasan orang tua nya yang kurang ya otomatis anaknya juga kurangini bukan masalah sosmed yang anda bicarakantapi pengawasan orang tua yang salahkan di sosmed itu bukan hanya hal yang aneh anehtapi kan banyak materi nyajika anak anak mencari hal baikseperti perkalian matematikaataupun sejarah sedangkan ada pun hal anehseperti masalah kedewasaanfilm tak senonoh ataupun yang lainitu juga adadi roblox pun juga ada game edukasi dan edukatifbisa mengasah pengetahuan dan keterampilan anak anaktapi juga ada segi buruk nyayaitu aksi aksi kedewasaanini bukan sosmed yang salahtapi orang tua yang salahkan yang memantau anak di rumahdi lingkungan itu kan orang tua jika orang tua sudah membiarkan anak terbang bebas ke dunia yang seharusnya tidak sesuai dengan umurnyaya otomatis orang tua yang salahtapi sekarang anda menyalahkan sosmed terkadang ada juga anak anak yang sudah punya channel dan channel nya sudah berkembang pesatdan bisa menghasilkan uang untuk membantu penghasilan orang tuatapi anda tiba tiba melarang anak anak di bawah umur bermain sosmedpadahal sudah ada penghasilan nya disanayang halal bukan yang haramheitidak semua sosmed itu memiliki hal hal buruktapi juga ada hal baikmungkin anda yang salah mengerti dan malahan anda menyalahkan sosmed yang memang di progam untuk semua halatau anda cuma mencari perhatian supaya di notis oleh orang lainkami juga tau batasan buktapi jangan sekali kali ibu mengambil kesenangan anak anakitu bisa membuat anak anak depresi dan stress sebelum dia menerima hal tersebutanak anak itu harus di bimbing bukan dijadikan kelinci percobaan bukbuk negara kita bisa saja di sebut negara hancur atau menurunjangan ditambah menurun kan negara kita bukkami tau ibu adalah orang penting dan kami cuma rakyat biasa yang tidak terdengar pendapat nya seharusnya ibu juga sadaranak anak itu masih kecilbelum tau semua hal yang ada di dunia luarperlu bimbingan bukan pelajaran yang membuat anak stresskadang kadang cara pola pikir anak anak itu berbeda bukterkadang dengan simulasi atau tindakan baru dia bisa mengertijangan jadikan jabatan ibu sebagai tembok untuk mehalang pendapat rakyat seperti kamibuk saya mohon sekali pertanyaan ini batalmohon di batalkan segeraatau tidak ibu mau negara kita ini malu karena sudah banyak konflik atau berita yang sudah beredar di dunia inikami tau batasan bukjangan jadikan anak anak sebagai benda tak berdaya sehingga ibu bisa merusak nya sekian pendapat dari sayamohon dibacakarna kami adalah channel kecil yang bisa berkembang dan menjadi channel besarentah entah kami bisa membawa nama negara ke luar sanaibu harus sadar sekarangjangan asal bikin peraturan musyawarah kan terlebih dahulukalau seperti inipasti kantor ibusampai rumah ibu di demo oleh para wargadah sekian pendapat dari sayajika ada kata yang tidak mengenakkan mohon dimaafkankarena menurut saya pendapat ibu kurang tepat untuk dijadikan peraturansekian dari sayasaya akhiri dengan assalamualaikum wrwb,negative
fX2bE5ecHy4,Tapi kalau YouTube menghilang saya tidak bisa tau soal zaman purba karena saya ingin tau zaman purba 🥀 <br>Roblox diblokir saja kak,tapi kalau youtube menghilang saya tidak bisa tau soal zaman purba karena saya ingin tau zaman purba roblox diblokir saja kak,negative
fX2bE5ecHy4,Demo demo demo demo,demo demo demo demo,negative
fX2bE5ecHy4,"Kenapa baru sekarang sih diterapkan nya hadeh 😮‍💨🤦, mosok kalah sama negara lain yang udah duluan",kenapa baru sekarang sih diterapkan nya hadeh mosok kalah sama negara lain yang udah duluan,negative
fX2bE5ecHy4,Gimana cara kita nonton tutorial  kalo di Gugel doang mana ngerti <br><br>Mana Vivan vantasi  belum  rilis<br><br>Gua setuju sama peraturan ini kalo youtoube gak di blokir <br><br>That&#39;s my source of pleasure,gimana cara kita nonton tutorial kalo di gugel doang mana ngerti mana vivan vantasi belum rilisgua setuju sama peraturan ini kalo youtoube gak di blokir thats my source of pleasure,negative
fX2bE5ecHy4,Jadi sehat❎ <br>Jadi gila parah ✅,jadi sehat jadi gila parah,negative
fX2bE5ecHy4,Terlambat luuu,terlambat luuu,negative
fX2bE5ecHy4,"Sini aku ada saran aku bermain game hanya 10 menit, lebih baik umur diatas 11 tahun dan dibawah 20 tahun saja yang tidak diperbolehkan dia krna kan mereka lebih suka ngomong kasar daripadan umur dibawah itu karena anak kecil belum tahu apa²",sini aku ada saran aku bermain game hanya 10 menit lebih baik umur diatas 11 tahun dan dibawah 20 tahun saja yang tidak diperbolehkan dia krna kan mereka lebih suka ngomong kasar daripadan umur dibawah itu karena anak kecil belum tahu apa,negative
fX2bE5ecHy4,gila banget ini pemerintah,gila banget ini pemerintah,negative
fX2bE5ecHy4,Eh pemerintah korup mending gw aja yang ngurus negara making lama making nggak adil ni negara,eh pemerintah korup mending gw aja yang ngurus negara making lama making nggak adil ni negara,negative
fX2bE5ecHy4,gw sih fifty fifty aja. gw bikin konten audiens &lt;16 tahun. mungkin saatnya bikin konten audiens luar negeri,gw sih fifty fifty aja gw bikin konten audiens 16 tahun mungkin saatnya bikin konten audiens luar negeri,neutral
fX2bE5ecHy4,yang bilang setuju fix gk waras masa orang mau nonton gk boleh perundungan lah cyber bulliying lah gk semua kayak gitu masa yang salah siapa yang kena juga siapa,yang bilang setuju fix gk waras masa orang mau nonton gk boleh perundungan lah cyber bulliying lah gk semua kayak gitu masa yang salah siapa yang kena juga siapa,negative
fX2bE5ecHy4,Sia² aku udah beli robux sama usaha ku sampe 400 sub.<br>(Udalah ganti negara aja capek gua🗿),sia aku udah beli robux sama usaha ku sampe 400 subudalah ganti negara aja capek gua,negative
fX2bE5ecHy4,"Pemerintah makin kesini makin lawak, daripada blokir platform media sosial untuk anak dibawah 16 tahun, mending blokir sana situs-situs judol ngapain blokir media sosial cuma buat anak dibawah umur. Iya gw tau anak-anak jaman sekarang begonya bener bener, tapi ngotak dikit Napa situs judol dibiarin koruptor dibebasin. Lama-lama kagak jelas ini negara sumpah",pemerintah makin kesini makin lawak daripada blokir platform media sosial untuk anak dibawah 16 tahun mending blokir sana situssitus judol ngapain blokir media sosial cuma buat anak dibawah umur iya gw tau anakanak jaman sekarang begonya bener bener tapi ngotak dikit napa situs judol dibiarin koruptor dibebasin lamalama kagak jelas ini negara sumpah,negative
fX2bE5ecHy4,Nanti anknya banting hp orang tuanya kalo gitu GK bisa liat jadwal,nanti anknya banting hp orang tuanya kalo gitu gk bisa liat jadwal,negative
fX2bE5ecHy4,Pls lah jangan😭😭😭,pls lah jangan,negative
fX2bE5ecHy4,pemerintah gila,pemerintah gila,negative
fX2bE5ecHy4,"Jangan media sosial dulu dan game kami urusi dulu tu judol belum kelar kelar tuh,aku sedih gak bisa lihat media sosial",jangan media sosial dulu dan game kami urusi dulu tu judol belum kelar kelar tuhaku sedih gak bisa lihat media sosial,negative
fX2bE5ecHy4,"Judol juga dong giliran gin dibatasi 🤭, takut yg suka kritik itu mereka 😂",judol juga dong giliran gin dibatasi takut yg suka kritik itu mereka,negative
fX2bE5ecHy4,Aku ingin berkonten dari dulu buat kehidupan orang tua saya kok jadi gini kalian jahat jhat 😢,aku ingin berkonten dari dulu buat kehidupan orang tua saya kok jadi gini kalian jahat jhat,negative
fX2bE5ecHy4,Aku umur 11 kan bisa nonton YouTube Kids kan? Tapi malah buat anak2,aku umur 11 kan bisa nonton youtube kids kan tapi malah buat anak2,neutral
cqVq6jZn0CM,Gw rasanya mau pindah dari Indonesia kalo gini,gw rasanya mau pindah dari indonesia kalo gini,negative
cqVq6jZn0CM,Aku dibatasin main hp cuman sabtu minggu kalo boleh pun dipeinjemin cuman boleh nonton yt... Masih sempet&quot;nya di blok.?!,aku dibatasin main hp cuman sabtu minggu kalo boleh pun dipeinjemin cuman boleh nonton yt masih sempetnya di blok,negative
cqVq6jZn0CM,Yg ga kecanduan dan dibatasi: aku ada salah apa ya?,yg ga kecanduan dan dibatasi aku ada salah apa ya,negative
cqVq6jZn0CM,Yutube sama yg lain gaada salah urusin dulu judol itu baru aku terima semuanya di blok selain judol... 😔✊,yutube sama yg lain gaada salah urusin dulu judol itu baru aku terima semuanya di blok selain judol,negative
cqVq6jZn0CM,Yah roblox di hapus😢 badahal aku main roblo 😢 😭🥺,yah roblox di hapus badahal aku main roblo,negative
cqVq6jZn0CM,kalo ini terjadi aku akan menjadi gila tanpa yutube,kalo ini terjadi aku akan menjadi gila tanpa yutube,negative
cqVq6jZn0CM,Untung Gak Di Blokir Total😅,untung gak di blokir total,positive
cqVq6jZn0CM,Kalian sadar gak kalau kita harus tunggu bertahun tahun? Macam hal yang biasa untuk kalian tapi kita gak,kalian sadar gak kalau kita harus tunggu bertahun tahun macam hal yang biasa untuk kalian tapi kita gak,negative
cqVq6jZn0CM,"Coba meja nya di putar ke kalian, pasti kalian mengaduh ke pemerintah kalau aplikasi untuk orang dewasa atau remaja itu tidak di kasih, ITU YANG KITA RASAKAN SEKARANG..",coba meja nya di putar ke kalian pasti kalian mengaduh ke pemerintah kalau aplikasi untuk orang dewasa atau remaja itu tidak di kasih itu yang kita rasakan sekarang,negative
cqVq6jZn0CM,Iya sekarang kacau ga ada anak kecil sehabis tarawij di masjid dan mushola,iya sekarang kacau ga ada anak kecil sehabis tarawij di masjid dan mushola,neutral
cqVq6jZn0CM,Terimakasih,terimakasih,positive
cqVq6jZn0CM,Lanjutkan saya dukung kasian banyak yg otaknya terganggu karena bebas dalam metsos,lanjutkan saya dukung kasian banyak yg otaknya terganggu karena bebas dalam metsos,positive
cqVq6jZn0CM,Seharusnya anak di bawah umur 16 tidak usah bawa2 hp di sekolah kalau anak itu rewel atau nakal paksa aja hpnya.ortumah cumak lemah. Kalau perlu hpnya disita sampek2 anak itu tumbuh dewasa.,seharusnya anak di bawah umur 16 tidak usah bawa2 hp di sekolah kalau anak itu rewel atau nakal paksa aja hpnyaortumah cumak lemah kalau perlu hpnya disita sampek2 anak itu tumbuh dewasa,neutral
cqVq6jZn0CM,Setuju bnget krna skrang yg firal2 ank dibawah umur dimedia,setuju bnget krna skrang yg firal2 ank dibawah umur dimedia,positive
cqVq6jZn0CM,Menyimak,menyimak,neutral
cqVq6jZn0CM,"Makin parah,  bukannya mendukung anak-anak mulai bisnis online sejak dini atau jadi youtuber sejak dini.",makin parah bukannya mendukung anakanak mulai bisnis online sejak dini atau jadi youtuber sejak dini,negative
cqVq6jZn0CM,ya benar anak2 biar fokus pelajaranya GK bleh lain hp terus menerus bisa pikiranya Ter gangu,ya benar anak2 biar fokus pelajaranya gk bleh lain hp terus menerus bisa pikiranya ter gangu,positive
cqVq6jZn0CM,Mantap itu harus biar tida banyak judol anak&#39; sex&#39; dan tawuran,mantap itu harus biar tida banyak judol anak sex dan tawuran,positive
cqVq6jZn0CM,Setuju penon aktifkan,setuju penon aktifkan,positive
cqVq6jZn0CM,"Permisi. .<br>Maaf.. namun KENAPA HARUS YOUTUBE JUGA...bagaimana perjuangan anak di bawah 16 tahun yg sudah mencapai 100k subs..hey..PENCAPAIAN SEPERTI ITU TIDAK MUDAH..maaf mungkin aku memang hanya anak kecil,,entah aku berhak bersuara atau tidak..tapi..yah<br>Hha..kmi hanya rakyat yg mengikuti aturan pemerintah<br>Maaf jika saya lancang..tpi memang itu kenyataan..kalian para orang tua (maafff sekali lagi jika lancang) hanya melihat sisi buruk kami bermain platform media sosial..memang sebagian dri kmi banyak yg menyalah gunakan media sosial..tpi huft..<br>Sudahlah..<br>Kmi anak² juga btuh hiburan.<br>Sekian sekali lagi maaf jika ada kata² yg tidak mengenakkan",permisi maaf namun kenapa harus youtube jugabagaimana perjuangan anak di bawah 16 tahun yg sudah mencapai 100k subsheypencapaian seperti itu tidak mudahmaaf mungkin aku memang hanya anak kecilentah aku berhak bersuara atau tidaktapiyahhhakmi hanya rakyat yg mengikuti aturan pemerintahmaaf jika saya lancangtpi memang itu kenyataankalian para orang tua maafff sekali lagi jika lancang hanya melihat sisi buruk kami bermain platform media sosialmemang sebagian dri kmi banyak yg menyalah gunakan media sosialtpi huftsudahlahkmi anak juga btuh hiburansekian sekali lagi maaf jika ada kata yg tidak mengenakkan,negative
cqVq6jZn0CM,"Ya Bagus <br>Biar Anak ga banyak Main,.Dan Gak Liat Gambar Gambar Yg Bukan Seharusnya di.Lihat Anak.",ya bagus biar anak ga banyak maindan gak liat gambar gambar yg bukan seharusnya dilihat anak,positive
cqVq6jZn0CM,Lanjutkan,lanjutkan,positive
cqVq6jZn0CM,ITU PERATURAN ROBLOX DI NONAKTIFIN HARUS DI BATAL PLISS AKU MOHON,itu peraturan roblox di nonaktifin harus di batal pliss aku mohon,negative
cqVq6jZn0CM,"AKU GA SETUJUH APRIKASI² DI NONAKTIFIN, KARENA ANAK² BUTUH HIBURAN, DAN KESENANGAN DAN KALAU DI NONAKTIFIN LALU ANAK² BAKAL NGAPAIN DONG UDAH JADI BOSAN SEMUA GARA² PEMERINTAH YG BANGSAT MEMBUAT SEGALA MACAM PERATURAN YG ADA!!",aku ga setujuh aprikasi di nonaktifin karena anak butuh hiburan dan kesenangan dan kalau di nonaktifin lalu anak bakal ngapain dong udah jadi bosan semua gara pemerintah yg bangsat membuat segala macam peraturan yg ada,negative
cqVq6jZn0CM,Mantap.lindungi anak generasi bangsa.<br>Di luar negeri sudah dilarang.<br>Bravo Indonesiaku.,mantaplindungi anak generasi bangsadi luar negeri sudah dilarangbravo indonesiaku,positive
LSrWXE05LNY,Kamu Jahat,kamu jahat,negative
LSrWXE05LNY,Langkah terbaik k*<b>**</b> lu umurku 20 tahun jir aku udah tahu apa-apa jangan lagi kayak gitu adik-adikku nangis kacer banting-banting apa kalau YouTubenya tidak ada sama Tik tok sama Facebook,langkah terbaik k lu umurku 20 tahun jir aku udah tahu apaapa jangan lagi kayak gitu adikadikku nangis kacer bantingbanting apa kalau youtubenya tidak ada sama tik tok sama facebook,negative
LSrWXE05LNY,Jangan kayak gitu YouTube Facebook dan tiktok jangan dihapus itu konten orang tuaku Roblox gak papa umurku 20 tahun,jangan kayak gitu youtube facebook dan tiktok jangan dihapus itu konten orang tuaku roblox gak papa umurku 20 tahun,negative
LSrWXE05LNY,Mana katanya diblokir😂😂😂😂😂,mana katanya diblokir,neutral
LSrWXE05LNY,Mana nih g terjadi2,mana nih g terjadi2,neutral
LSrWXE05LNY,Mana nihh??,mana nihh,neutral
LSrWXE05LNY,Perampasan akun ini mahhh nama nya!!!,perampasan akun ini mahhh nama nya,negative
LSrWXE05LNY,😮😮😮😢😢😢 batalkan,batalkan,negative
LSrWXE05LNY,Kenapa kamu ngatur saya gak suka iya si perhatian tapi namanya anak anak kan urusan kami bukan kamu pemerintah gak usah bikin anak anak rewel anak anak butuh hiburan memang kamu siapa ngatur ngatur anak anak kamu dulu pasti main hp juga,kenapa kamu ngatur saya gak suka iya si perhatian tapi namanya anak anak kan urusan kami bukan kamu pemerintah gak usah bikin anak anak rewel anak anak butuh hiburan memang kamu siapa ngatur ngatur anak anak kamu dulu pasti main hp juga,negative
LSrWXE05LNY,Tidakkkkkkkkkkkkkk😢,tidakkkkkkkkkkkkkk,negative
LSrWXE05LNY,Kami juga harus butuh hiburan anjing,kami juga harus butuh hiburan anjing,negative
LSrWXE05LNY,Gays tau apa yang kita lakukan Yap betul yaitu demo gas Ken demo ✊🏻🔥,gays tau apa yang kita lakukan yap betul yaitu demo gas ken demo,negative
LSrWXE05LNY,Perintah gak jelas 🫵🏻😡,perintah gak jelas,negative
LSrWXE05LNY,Bisa pake akun bapa,bisa pake akun bapa,neutral
LSrWXE05LNY,Kelakuannya macam koruptor sih,kelakuannya macam koruptor sih,negative
LSrWXE05LNY,Ini orang belajar atau tidak ya,ini orang belajar atau tidak ya,negative
LSrWXE05LNY,Gua bakalan ikut demo,gua bakalan ikut demo,negative
LSrWXE05LNY,Plis jangan 😢😢😭🥺🥺,plis jangan,negative
LSrWXE05LNY,Emang lu pikir kita nggak akan melawan kita akan melawan,emang lu pikir kita nggak akan melawan kita akan melawan,negative
LSrWXE05LNY,Gua gak akan maafin sampai kiamat,gua gak akan maafin sampai kiamat,negative
LSrWXE05LNY,Greget gua 😡,greget gua,negative
LSrWXE05LNY,😡😡😡😡😡😡😡😡😡😡😡😡😡😡😡😡😡😡😡😡😡😡😡😡😡😡😡😡😡😡😡😡😡😡😡😡😡😡😡😡😡😡😡😡😡😡😡😡😡😡😡😡😡😡😡😡😡😡😡😡😡😡😡😡😡😡😡😡😡😡😡😡👎👎👎👎👎👎👎👎👎👎👎👎👎👎👎👎👎👎👎👎👎👎👎👎👎👎👎👎👎👎👎👎👎👎👎👎👎👎👎👎👎👎👎👎👎👎👎👎👎👎👎👎👎👎👎👎👎👎👎👎👎👎👎👎👎👎👎👎👎 sampai kiamat pun aku nggak setuju,sampai kiamat pun aku nggak setuju,negative
LSrWXE05LNY,Makanya punya otak,makanya punya otak,negative
LSrWXE05LNY,Kok ngatur,kok ngatur,negative
LSrWXE05LNY,Kita kan mau belajar di YouTube mana mungkin kita belajar di Pala peag mu,kita kan mau belajar di youtube mana mungkin kita belajar di pala peag mu,negative
LSrWXE05LNY,Sok ngatur,sok ngatur,negative
LSrWXE05LNY,Gue nggak setuju 😡👎,gue nggak setuju,negative
LSrWXE05LNY,Saya nggak setuju banget,saya nggak setuju banget,negative
LSrWXE05LNY,Gua udah banyak robux gila lu mikir kids Roblox gue banyak gua udah 15 tahun awak nih ngantuk atur-atur ini pemerintah perampasan akun paksa,gua udah banyak robux gila lu mikir kids roblox gue banyak gua udah 15 tahun awak nih ngantuk aturatur ini pemerintah perampasan akun paksa,negative
LSrWXE05LNY,jangan begitu😊,jangan begitu,negative
LSrWXE05LNY,Endingan demo lagi aja saya nggak setuju,endingan demo lagi aja saya nggak setuju,negative
LSrWXE05LNY,Itu kan Roblox diblokir gara-gara anak-anak yang salah masa anak-anak yang benar harus diblokir juga itu nggak adil an***g,itu kan roblox diblokir garagara anakanak yang salah masa anakanak yang benar harus diblokir juga itu nggak adil ang,negative
LSrWXE05LNY,Aku nggak setuju aku nggak setuju aku nggak setuju 🤬🤬🤬🤬🤬🤬🤬🤬,aku nggak setuju aku nggak setuju aku nggak setuju,negative
LSrWXE05LNY,gak adil ini mah yang mau ikut demo ke pemerintah bawa senjata <br>👇<br>👇,gak adil ini mah yang mau ikut demo ke pemerintah bawa senjata,negative
LSrWXE05LNY,udah ngerampas akun sok ngatur lagi,udah ngerampas akun sok ngatur lagi,negative
LSrWXE05LNY,Aku anak kecil aku tak setuju,aku anak kecil aku tak setuju,negative
LSrWXE05LNY,Bu kalau sampai melanggar atura akan dikasih hukuman ap,bu kalau sampai melanggar atura akan dikasih hukuman ap,neutral
LSrWXE05LNY,Ih kenapa sih dilarang kan Roblox itu banyak jenisnya ya kan Kak mendownload juga banyak gunung-gunung gunung Jawa atau lain Kenapa di Band anak-anak sama book Seven parkour Warkop apa apapun semua🤬🤬,ih kenapa sih dilarang kan roblox itu banyak jenisnya ya kan kak mendownload juga banyak gununggunung gunung jawa atau lain kenapa di band anakanak sama book seven parkour warkop apa apapun semua,negative
LSrWXE05LNY,Anak-anak kayak mana nontonnya,anakanak kayak mana nontonnya,negative
LSrWXE05LNY,"INI MAH PERAMPASAN AKUN!!! SEMUA ORANG PUNYA HAK MEREKA SENDIRI !!!!! DPR KENAPA GA DIBERHENTIIN? MASALAH DPR BLM SELESAI SECEPAT ITU KALO KAPAN INDONESIA MAJU, KASIAN WOI BOCIL YANG MAU NGASILIN UANG DARI SITU, KALO GITU GENERASI EMAS BAKAL JADI GENERASI SAMPAH!!!!!??? YANG SETUJU KITA DEMO INDONESIA LIKE KOMENTAR GW DAN VIRALIN KOMENTAR KUU!!!",ini mah perampasan akun semua orang punya hak mereka sendiri dpr kenapa ga diberhentiin masalah dpr blm selesai secepat itu kalo kapan indonesia maju kasian woi bocil yang mau ngasilin uang dari situ kalo gitu generasi emas bakal jadi generasi sampah yang setuju kita demo indonesia like komentar gw dan viralin komentar kuu,negative
LSrWXE05LNY,Birain rakyatnya bebas napa siii😡😡😡😡😡 sok asikkk,birain rakyatnya bebas napa siii sok asikkk,negative
LSrWXE05LNY,Uuuuuuuuuuuuuu pemerintah macam apa ini  masak gara² mukena pink doang roblox di hapus kasian adek ku nangis kamu gak kasian sama adek ku dia udah gak punya ayah lo pemerintah dasar pemerintah tua  😂😂😂😂😂😂😂😂😂😂😂😂<br> Uuuuuuuuuuuuuuuuuuuuuuuupemerintah tuaaaaaaaaa,uuuuuuuuuuuuuu pemerintah macam apa ini masak gara mukena pink doang roblox di hapus kasian adek ku nangis kamu gak kasian sama adek ku dia udah gak punya ayah lo pemerintah dasar pemerintah tua uuuuuuuuuuuuuuuuuuuuuuuupemerintah tuaaaaaaaaa,negative
LSrWXE05LNY,"Heeeey pemerintah tholol <br>Banyak orang butuh hiburan kalo di batasi anak anak akan meninggal masal<br>Jangan dibatasi napa <br>YouTube,TikTok.roblox,x bisa buat belajar<br>Anak anak bisa belajar di yutebe apalagi nonton berita<br>Banyak orang dan yautuber gak terima pengadilan nya menurun<br>Jangan dibatasi napa pemerintah tholol🤬🤬🤬🤬🤬🤬🤬🤬🤬🤬🤬🤬🤬🤬🤬🤬🤬🤬🤬🤬🤬🤬🤬🤬🤬🤬<br>Yang gak setuju like",heeeey pemerintah tholol banyak orang butuh hiburan kalo di batasi anak anak akan meninggal masaljangan dibatasi napa youtubetiktokrobloxx bisa buat belajaranak anak bisa belajar di yutebe apalagi nonton beritabanyak orang dan yautuber gak terima pengadilan nya menurunjangan dibatasi napa pemerintah thololyang gak setuju like,negative
LSrWXE05LNY,Eh geme mobalejen kan bunuh bunuh kenapa roblox kan gunung  dan matematika goblok ke napa jugak youtube gak ada aneh aneh kan goblok😡😡🤬,eh geme mobalejen kan bunuh bunuh kenapa roblox kan gunung dan matematika goblok ke napa jugak youtube gak ada aneh aneh kan goblok,negative
LSrWXE05LNY,KAN HP KAMI BULAN HP LO APA HAK NYA LO YG NGATUR HP KAMI HAH!!!!!!! SOSMED DI DILARANG LALU BAGAI MANA CARA KAMI HASILKAN UANG KAMI JUGA HASIL KAN UANG DARI SOSMED!!!!!!!!!!!!!!! KALAU SOSMED DIHAPUS MAU KASIH KAMI UANG HAH!!!!,kan hp kami bulan hp lo apa hak nya lo yg ngatur hp kami hah sosmed di dilarang lalu bagai mana cara kami hasilkan uang kami juga hasil kan uang dari sosmed kalau sosmed dihapus mau kasih kami uang hah,negative
LSrWXE05LNY,nggak adil  giliran keropsi nggak di berentikan aku aja  di bolehhi sama mama aku main roblox dan topup sebanyak mungkin,nggak adil giliran keropsi nggak di berentikan aku aja di bolehhi sama mama aku main roblox dan topup sebanyak mungkin,negative
LSrWXE05LNY,demo pls DEMO!!!! PERAMPASAN INI MAH!  MASA GW HARUS NUNGGU DARI 7 SAMPE 16 INI GIMANA SIH DEMO AJA LAH DEMO!!!!,demo pls demo perampasan ini mah masa gw harus nunggu dari 7 sampe 16 ini gimana sih demo aja lah demo,negative
LSrWXE05LNY,"Heh ini namanya perampasan anj,gua udah cape² buat vt lu malah merampas akun kita,biar apa kaya gitu tolo* biar Indonesia negara paling tinggi iyaaaa gak kaya gitu juga cara mainnya!!! COBA HARGAI ANAK2 YANG SUDAH BERJUANG BUAT VT TAPI APA HASILNYA LU PERAMPAS GUA BENCI PEMERINTAH!!!!",heh ini namanya perampasan anjgua udah cape buat vt lu malah merampas akun kitabiar apa kaya gitu tolo biar indonesia negara paling tinggi iyaaaa gak kaya gitu juga cara mainnya coba hargai anak2 yang sudah berjuang buat vt tapi apa hasilnya lu perampas gua benci pemerintah,negative
LSrWXE05LNY,"youtube, titok salah apa aku suka banget ya sama youtube, tiktok ibu aku juga suka instagram,Facebook 🤬🤬🤬🤬😡😡😡😡👊👊👊👊",youtube titok salah apa aku suka banget ya sama youtube tiktok ibu aku juga suka instagramfacebook,negative
LSrWXE05LNY,DPR udah Korupsi Ngatur lagi,dpr udah korupsi ngatur lagi,negative
LSrWXE05LNY,Pemerintah harusnya judi bukan YouTube sama Roblox sama semuanya,pemerintah harusnya judi bukan youtube sama roblox sama semuanya,negative
LSrWXE05LNY,Kami sudah cape cape tapi anda merusak semua !!!!,kami sudah cape cape tapi anda merusak semua,negative
LSrWXE05LNY,Ya tau YOUTUBE ITU BUAT NGEDATE TAPI SEKARANG YOUTUBE SUDAH BEDA SEKARANG BATALKAN INI!!!,ya tau youtube itu buat ngedate tapi sekarang youtube sudah beda sekarang batalkan ini,negative
LSrWXE05LNY,Kenapa ANDA MEMBAUT BELIAU CEMAS!!!<br>MEREKA PUNYA HAK MEREKA SENDIRI!!!,kenapa anda membaut beliau cemasmereka punya hak mereka sendiri,negative
LSrWXE05LNY,"Pemerintah larang judol dan korupsi  malah larang kesenangan anak anak dasar manusia tidak punya otak anak anak adalah sebuah kesenangan dan kegembiraan tapi dihancurkan oleh kalian kenapa harus begini kami saja sudah cape cape berjuang kenapa kita malah di salahi,bukannya orang dewasa lebih tidak waras dari pada anak anak,saya aja bikin konten  di saranin orang tua saya biar ga aneh aneh ,dan juga aku sudah capek capek buat tapi malah dapet berita seperti ini<br>CEPAT GAGAL RESMIKAN ANAK ANAK PUNYA MEDSOS<br>BIARKAN MEREKA SENANG",pemerintah larang judol dan korupsi malah larang kesenangan anak anak dasar manusia tidak punya otak anak anak adalah sebuah kesenangan dan kegembiraan tapi dihancurkan oleh kalian kenapa harus begini kami saja sudah cape cape berjuang kenapa kita malah di salahibukannya orang dewasa lebih tidak waras dari pada anak anaksaya aja bikin konten di saranin orang tua saya biar ga aneh aneh dan juga aku sudah capek capek buat tapi malah dapet berita seperti inicepat gagal resmikan anak anak punya medsosbiarkan mereka senang,negative
LSrWXE05LNY,Woi lu kenapa gatur hidup orang ;<br><br>Emang masa  depan ku kamu yang urus/gatur njir,woi lu kenapa gatur hidup orang emang masa depan ku kamu yang urusgatur njir,negative
LSrWXE05LNY,Lamban mengambil langkah 😂😂😂😂😂,lamban mengambil langkah,negative
xOLutbfafBo,saya bilang lebih baik Indonesia tidak ush urus anak 2 bangun udh dukun Hamas teroris dan Iran lebih baik jangan seperti ini juga jangan KLO mau gini ortu yg di jaga saya tidak setuju,saya bilang lebih baik indonesia tidak ush urus anak 2 bangun udh dukun hamas teroris dan iran lebih baik jangan seperti ini juga jangan klo mau gini ortu yg di jaga saya tidak setuju,negative
xOLutbfafBo,Semua permainan game online juga diblokir dong.,semua permainan game online juga diblokir dong,positive
xOLutbfafBo,Ga setuju 😡,ga setuju,negative
xOLutbfafBo,Terus gua liat cara cara pas ada tugas seni kan gua liat nya di youtube,terus gua liat cara cara pas ada tugas seni kan gua liat nya di youtube,negative
xOLutbfafBo,"Terus koruptor di biarin aja nih, 😂😂 kocak emang",terus koruptor di biarin aja nih kocak emang,neutral
xOLutbfafBo,Jahat banget ih kan anak anak tidk bisa main hp lagi dasar orang jahat,jahat banget ih kan anak anak tidk bisa main hp lagi dasar orang jahat,negative
xOLutbfafBo,Paling nanti ada yang tantrum gak ada hp😭😭 sok asik anyjir,paling nanti ada yang tantrum gak ada hp sok asik anyjir,neutral
xOLutbfafBo,pemerintah gj njsss,pemerintah gj njsss,negative
xOLutbfafBo,Hp gua rusak,hp gua rusak,neutral
xOLutbfafBo,Kalau gitu KLO udah boleh main hp nya tanggal berapa,kalau gitu klo udah boleh main hp nya tanggal berapa,neutral
xOLutbfafBo,Saya gaterima yuo tube diblokir saya belajar kreatif dari YouTube Saya belajar gambar dari YouTube masa mau diblokir <br>Walaupun saya di bawah 16 tahun YouTube yang buat saya kreatif,saya gaterima yuo tube diblokir saya belajar kreatif dari youtube saya belajar gambar dari youtube masa mau diblokir walaupun saya di bawah 16 tahun youtube yang buat saya kreatif,negative
xOLutbfafBo,Kalok yang Utuk orang tua kayak mana dibhapus jugak,kalok yang utuk orang tua kayak mana dibhapus jugak,neutral
xOLutbfafBo,Jangan!! Ada guru online aku di TikTok nanti aku gk bisa belajar,jangan ada guru online aku di tiktok nanti aku gk bisa belajar,negative
xOLutbfafBo,"5 tahun gw buat dapat 1000 subscriber,terus ini video muncul, Dahlah capek gw.",5 tahun gw buat dapat 1000 subscriberterus ini video muncul dahlah capek gw,negative
xOLutbfafBo,apasih sistem nya gak jelas sumpah,apasih sistem nya gak jelas sumpah,negative
xOLutbfafBo,"apa apaan dah hp hp sendiri yang beli orang tua kok yang ngatur pemerintah, kita juga butuh medsos buat belajar hp hp nya siapa yang ngatur pemerintah",apa apaan dah hp hp sendiri yang beli orang tua kok yang ngatur pemerintah kita juga butuh medsos buat belajar hp hp nya siapa yang ngatur pemerintah,negative
xOLutbfafBo,kalo anak kalian di umur dibawah 16 tahun gimana perasaan kalian hah kita ini pengen belajar untuk ujian dan kita harus belajar ilmu yang setuju like satu lagi untuk tau dunia bagaimana berkeliling gunung,kalo anak kalian di umur dibawah 16 tahun gimana perasaan kalian hah kita ini pengen belajar untuk ujian dan kita harus belajar ilmu yang setuju like satu lagi untuk tau dunia bagaimana berkeliling gunung,negative
xOLutbfafBo,Pls jangan pls🙏🙏🙏😭😭😭,pls jangan pls,negative
xOLutbfafBo,"ihh gk setuju lagian anak yg punya media sosial fi yt ngapain!?. prabowo nanam sawit sampe banyak org meninggal aja gak dilarang!!. mentang² lagian dpr juga korupsi lagian aku cuman main hp jumat, sabtu, ,minggu aj. kita juga tau nerita dari yt sma tt+juga vidionya ini di uplad di yt ane bgt sumpah liat napa negara!!!😡",ihh gk setuju lagian anak yg punya media sosial fi yt ngapain prabowo nanam sawit sampe banyak org meninggal aja gak dilarang mentang lagian dpr juga korupsi lagian aku cuman main hp jumat sabtu minggu aj kita juga tau nerita dari yt sma ttjuga vidionya ini di uplad di yt ane bgt sumpah liat napa negara,negative
xOLutbfafBo,Bukan kurangin koruptor malah dibatasi medsosnya ya masa kita cuman nonton TV doang kan nggak seru temen aku aja yang sedih,bukan kurangin koruptor malah dibatasi medsosnya ya masa kita cuman nonton tv doang kan nggak seru temen aku aja yang sedih,negative
xOLutbfafBo,Meskipun roblox gaada masih ada minecraft buat kita mainin,meskipun roblox gaada masih ada minecraft buat kita mainin,neutral
xOLutbfafBo,Anak anak cuma pengen belajar kenapa di ban sedangkan koruptor gak di ban,anak anak cuma pengen belajar kenapa di ban sedangkan koruptor gak di ban,negative
xOLutbfafBo,Merusak mental anak² kalo ini mah,merusak mental anak kalo ini mah,negative
xOLutbfafBo,Urusin judi online aja gimana?,urusin judi online aja gimana,neutral
xOLutbfafBo,😭😭😭😭😭😭😭😭😭😭😭😭😭😭😭😭😭😭😭😭😭😭😭😭😭😭😭😭😭😭<br>ya. allah aku salah apa  aku tau. HP itu merusak  mental emang  saya anak yang pernah juga di bully juga  . di jauhi karena ada alasanya karena sebab. katanya  egak. main. tik tok. engak main Roblox pokonya tik tok dan Roblox juga harus di blokir untuk anak rendah  umur dari16😢😢,ya allah aku salah apa aku tau hp itu merusak mental emang saya anak yang pernah juga di bully juga di jauhi karena ada alasanya karena sebab katanya egak main tik tok engak main roblox pokonya tik tok dan roblox juga harus di blokir untuk anak rendah umur dari16,negative
xOLutbfafBo,Jangan dong kami jugak ad belajar di medsos 😭😭,jangan dong kami jugak ad belajar di medsos,negative
xOLutbfafBo,Koruptor di biarin anak-anak kagak buset inilah tidak keadilan indo,koruptor di biarin anakanak kagak buset inilah tidak keadilan indo,negative
xOLutbfafBo,Masalahnya anak² tuh kalo bikin akun tiktok di tua-tuain usianya.,masalahnya anak tuh kalo bikin akun tiktok di tuatuain usianya,neutral
xOLutbfafBo,Kalo asli juga bakal banyak yg nonton 😂,kalo asli juga bakal banyak yg nonton,neutral
xOLutbfafBo,harus nunggu deh 😭,harus nunggu deh,neutral
xOLutbfafBo,Bodoamat bacot nyenyenyenye😜😜😜😜😜😜🖕🖕🖕,bodoamat bacot nyenyenyenye,neutral
xOLutbfafBo,gak usah ngatur deh,gak usah ngatur deh,negative
xOLutbfafBo,Yang gak setuju sini ngumpul,yang gak setuju sini ngumpul,negative
aZEtsruDoQc,padahal aku mau main Roblox 😭😭😭😭😭😭😭😭😭😭😭😭😭😭😭😭😭😭,padahal aku mau main roblox,negative
aZEtsruDoQc,Kesel banget,kesel banget,negative
aZEtsruDoQc,Kesel kesel kesel kesel kesel,kesel kesel kesel kesel kesel,negative
aZEtsruDoQc,Aku kesel,aku kesel,negative
aZEtsruDoQc,"Shit, MASA ANAK ANAK TAK BERSALAH KAYAK KAMI INI KENA BLOKIR, KONTENNYA YANG DI BLOKIR!!!!!!",shit masa anak anak tak bersalah kayak kami ini kena blokir kontennya yang di blokir,negative
aZEtsruDoQc,Yg ini ok Bu menteri...sangat bagus...dlu bgmana dg judol.ibu...ini sepertinya kok GK kelar kelar Bu...jaringan ini rupanya kok kuat sekali ya...sampai kabupaten pun...banyak admin admin siluman Bu...apa mungkin aparat juga ada yg ikutan juga...ini SDH mau 12 tahun LBH kyaknya Bu...blm habis juga... kpn bisa 00000000 ...zero zero zero😅😅😅,yg ini ok bu menterisangat bagusdlu bgmana dg judolibuini sepertinya kok gk kelar kelar bujaringan ini rupanya kok kuat sekali yasampai kabupaten punbanyak admin admin siluman buapa mungkin aparat juga ada yg ikutan jugaini sdh mau 12 tahun lbh kyaknya bublm habis juga kpn bisa 00000000 zero zero zero,positive
aZEtsruDoQc,Aneh merusak kebahagiaan bocil bocil Roblox yang senang dengan hiburan para vocil,aneh merusak kebahagiaan bocil bocil roblox yang senang dengan hiburan para vocil,negative
aZEtsruDoQc,Sumpah gw kayak pengen tendang itu ibu pas dia bilang &quot;Untuk merebut kembali masa depan anak2 kita&quot; 😂😂,sumpah gw kayak pengen tendang itu ibu pas dia bilang untuk merebut kembali masa depan anak2 kita,negative
aZEtsruDoQc,"Tujuan utamanya adalah : anak anak beralih bermain game online dan judi online,,,baca disitu,,,soalnya game online dan judi online malahan di perbanyak oleh komdigi😂😂😂😂",tujuan utamanya adalah anak anak beralih bermain game online dan judi onlinebaca disitusoalnya game online dan judi online malahan di perbanyak oleh komdigi,negative
aZEtsruDoQc,Bagaimana dengan impian saya,bagaimana dengan impian saya,negative
aZEtsruDoQc,"Bagaimana dengan judi ?? .... Kakkk bagaimana judi ??? Kan judi dosa. Roblox, tiktok, YouTube itu cita-cita anak jadi tiktokker , yau tuber kakkk harus nyaa judi juga di hapus kannn benerrr yaaaa kakkk tolongggggg jadi menurut. Gem itu aplikasi itu gak baik tapi ada gunanya lohhhh Yau tube itu untuk cari karyaaa kannnn informasi kannn kannnn kannn kann iya kannnn",bagaimana dengan judi kakkk bagaimana judi kan judi dosa roblox tiktok youtube itu citacita anak jadi tiktokker yau tuber kakkk harus nyaa judi juga di hapus kannn benerrr yaaaa kakkk tolongggggg jadi menurut gem itu aplikasi itu gak baik tapi ada gunanya lohhhh yau tube itu untuk cari karyaaa kannnn informasi kannn kannnn kannn kann iya kannnn,negative
aZEtsruDoQc,"LU BILANG DARIPADA MENUMBALKAN MASA KECIL ANAK, LAH LU MALAH MENUMBALKAN SENYUMAN DAN HIBURAN KITA!!!!!!!!",lu bilang daripada menumbalkan masa kecil anak lah lu malah menumbalkan senyuman dan hiburan kita,negative
aZEtsruDoQc,Yg pake akun bapak?,yg pake akun bapak,neutral
aZEtsruDoQc,Animasi kreatif semua hilang😢😢😢,animasi kreatif semua hilang,negative
aZEtsruDoQc,Kami sangat sangat tidak setuju karena Indonesia adalah salah satu negara yang memiliki banyak anak berhobi bermain Roblox dan medsos,kami sangat sangat tidak setuju karena indonesia adalah salah satu negara yang memiliki banyak anak berhobi bermain roblox dan medsos,negative
aZEtsruDoQc,gini YouTuber butuh penonton dan like nanti YouTuber mau kerja dimana di mbg,gini youtuber butuh penonton dan like nanti youtuber mau kerja dimana di mbg,negative
aZEtsruDoQc,GAK SETUJU KOK GAME JUDI KAGAK KENA BODOH LU INI BUKAN BUAT KEAMANAN TAPI BIKIN ANAK STREES NANTI KALO ANAK NYA MALAH MAIN GAME JUDI KAN GAK LUCU MENDING LU NONAKTIFKAN GAME JUDI JUDI LEBIH BERBAHAYA LU BILANG LEBIH BAIK BAIK BAPAK KAU,gak setuju kok game judi kagak kena bodoh lu ini bukan buat keamanan tapi bikin anak strees nanti kalo anak nya malah main game judi kan gak lucu mending lu nonaktifkan game judi judi lebih berbahaya lu bilang lebih baik baik bapak kau,negative
aZEtsruDoQc,YouTube buat lihat film bioskop mohon jangan di hapus YouTube nya,youtube buat lihat film bioskop mohon jangan di hapus youtube nya,negative
aZEtsruDoQc,kenapa roblox doang ff game yang mengajarkan anak anak tembak tembakan ml pupj gimana tuh kan ga adil harusnya ff ml sama pupj juga dibaned,kenapa roblox doang ff game yang mengajarkan anak anak tembak tembakan ml pupj gimana tuh kan ga adil harusnya ff ml sama pupj juga dibaned,negative
aZEtsruDoQc,Terus gimana robux kita rugi beli robux dong,terus gimana robux kita rugi beli robux dong,negative
aZEtsruDoQc,Roblox gk aman judol malah diamanin,roblox gk aman judol malah diamanin,negative
aZEtsruDoQc,Salah pikih persiden kah kita,salah pikih persiden kah kita,negative
aZEtsruDoQc,Tapi kalo udah umur 17 tahun akun Roblox kita kembali kah,tapi kalo udah umur 17 tahun akun roblox kita kembali kah,neutral
aZEtsruDoQc,Sia sia gw ngedit jam 7 sampe jam 9😌,sia sia gw ngedit jam 7 sampe jam 9,negative
aZEtsruDoQc,Heh  kita kalo nonton YouTube yg baik baik kalo gw nontonya sejarah ilmu edukasi kalo YouTube di ban kita cari ilmunya dari mana sekolah belum lengkap cerita sejarahnya ini sedang menuju indonesia emas atau sedang menuju indonesia (c)emas,heh kita kalo nonton youtube yg baik baik kalo gw nontonya sejarah ilmu edukasi kalo youtube di ban kita cari ilmunya dari mana sekolah belum lengkap cerita sejarahnya ini sedang menuju indonesia emas atau sedang menuju indonesia cemas,negative
aZEtsruDoQc,"Gw Engga sih, seharusnya kalo ada pemblokiran gitu pasti bakal ada yang akunnya udah tua tapi yang pake bocilkan?, terus juga kalo mau blokir gitu jangan langsung blokir seharusnya KOMINFO harus mendapatkan restu dari orang tuanya, bisa aja ada yang butuh banget tapi gabisa dipake lagi karena di blokir sama KOMINFO ANJ",gw engga sih seharusnya kalo ada pemblokiran gitu pasti bakal ada yang akunnya udah tua tapi yang pake bocilkan terus juga kalo mau blokir gitu jangan langsung blokir seharusnya kominfo harus mendapatkan restu dari orang tuanya bisa aja ada yang butuh banget tapi gabisa dipake lagi karena di blokir sama kominfo anj,neutral
aZEtsruDoQc,Padahal aku suka Roblox 😭😭😭😭😭😭😭😭😭😭😭😭😭😭😭😭😭😭😭😭😭😭😭😭😭😭😭,padahal aku suka roblox,negative
aZEtsruDoQc,Plias jangann🙏🙏😭😭😭😭,plias jangann,negative
aZEtsruDoQc,Gua kasih nilai 0,gua kasih nilai 0,negative
aZEtsruDoQc,"Namun yang tidak memakai buat keburukan ya gimana? Harusnya orang tua damping anak mereka, malah langsung diberi akses penuh tanpa mendampingi. Jadinya orang yang tidak memakai buat yang tidak baik jadi kena seperti saya.",namun yang tidak memakai buat keburukan ya gimana harusnya orang tua damping anak mereka malah langsung diberi akses penuh tanpa mendampingi jadinya orang yang tidak memakai buat yang tidak baik jadi kena seperti saya,negative
aZEtsruDoQc,Setuju ga si,setuju ga si,positive
aZEtsruDoQc,yang pake family link gimana? apa bakal keblokir juga?,yang pake family link gimana apa bakal keblokir juga,neutral
aZEtsruDoQc,OH NOOOOOOOOOOOOOO,oh noooooooooooooo,negative
aZEtsruDoQc,Balik lagi ke 90an,balik lagi ke 90an,neutral
aZEtsruDoQc,DEMO DEMO DEMO YUUuuuUUk,demo demo demo yuuuuuuuk,negative
aZEtsruDoQc,Oh tapi kenapa anak saya dapat nilai bagus mulu yang penting itu masih ada  banyak waktu belajar bukan diblokir secara tegas ini namanya pemaksaan,oh tapi kenapa anak saya dapat nilai bagus mulu yang penting itu masih ada banyak waktu belajar bukan diblokir secara tegas ini namanya pemaksaan,negative
aZEtsruDoQc,Plis mbak saya butuh semua itu Karana anak saya cari duit untuk beli beras karna kita orang biasa plissss🙏🏻🙏🏻🙏🏻🙏🏻,plis mbak saya butuh semua itu karana anak saya cari duit untuk beli beras karna kita orang biasa plissss,negative
aZEtsruDoQc,Saya tidak terima,saya tidak terima,negative
aZEtsruDoQc,Cyberbullying?kalo ada anak yang dibully yang dikurung anaknya bukan bullynya?,cyberbullyingkalo ada anak yang dibully yang dikurung anaknya bukan bullynya,negative
aZEtsruDoQc,"Umur gw di akun Roblox 15 tahun, tinggal nunggu 3 bulan lagi tapi dah kepepet, bisa sih ubah tanggal cuman perlu password dan gw lupa😅",umur gw di akun roblox 15 tahun tinggal nunggu 3 bulan lagi tapi dah kepepet bisa sih ubah tanggal cuman perlu password dan gw lupa,neutral
aZEtsruDoQc,Kan masih bisa di palsuin min tahun lahirnya bikin di email nya,kan masih bisa di palsuin min tahun lahirnya bikin di email nya,neutral
aZEtsruDoQc,Keputusan Paling Bodoh Yang Pernah Ku Dengar...,keputusan paling bodoh yang pernah ku dengar,negative
aZEtsruDoQc,MASA ROBUX KU YANG 300 HILANG BEGITU SAJA???,masa robux ku yang 300 hilang begitu saja,negative
aZEtsruDoQc,WOIII KOMDIGI MIKIR!!! INI MASA DEPAN BANGSA KITA!!! YOUTUBE BISA BUAT BERKARYA ANAK ANAK BUAT KARYA TUH SEKARANG GAMPANG!!!! MAU SEBARIN INFORMASI BERMANFAAT JUGA GAMPANG!!!!! ATURAN APA INI GAK JELAS!!!,woiii komdigi mikir ini masa depan bangsa kita youtube bisa buat berkarya anak anak buat karya tuh sekarang gampang mau sebarin informasi bermanfaat juga gampang aturan apa ini gak jelas,negative
aZEtsruDoQc,bro YouTube untuk anak anak bisa membahagainya kalo gak ada youtube pasti stress kalo youtube dibloxir auto villain gw demo ke yang blox nya,bro youtube untuk anak anak bisa membahagainya kalo gak ada youtube pasti stress kalo youtube dibloxir auto villain gw demo ke yang blox nya,negative
aZEtsruDoQc,Ada juga anak-anak yang suka luar angkasa tapi kenapa ada peraturan ini anak-anak gak bisa lihat lagi luar angkasa sama gimana jelajahin luar angkasa jadi dia nggak tahu ada planet baru dan bintang-bintang dan black hole itu melihatnya luar angkasa yang sangat duper sangat-sangat besar dan ini yang bikin peraturannya ini bodoh kenapa dia nggak tahu universe iya kalau ditanyain universe itu apa sawit ah bodoh,ada juga anakanak yang suka luar angkasa tapi kenapa ada peraturan ini anakanak gak bisa lihat lagi luar angkasa sama gimana jelajahin luar angkasa jadi dia nggak tahu ada planet baru dan bintangbintang dan black hole itu melihatnya luar angkasa yang sangat duper sangatsangat besar dan ini yang bikin peraturannya ini bodoh kenapa dia nggak tahu universe iya kalau ditanyain universe itu apa sawit ah bodoh,negative
aZEtsruDoQc,Kalo beneran pindah gua,kalo beneran pindah gua,negative
aZEtsruDoQc,"Urusin koruptor noh, koruptor aja bikin masalah, malah urusin youtube anak anak, bagaimana dengan anak anak yang bercita cita menjadi youtuber?",urusin koruptor noh koruptor aja bikin masalah malah urusin youtube anak anak bagaimana dengan anak anak yang bercita cita menjadi youtuber,negative
aZEtsruDoQc,Mari demo,mari demo,negative
aZEtsruDoQc,Ngak jelas gua di roblox udah keluar duit banyak gj bet dah,ngak jelas gua di roblox udah keluar duit banyak gj bet dah,negative
aZEtsruDoQc,Yg bikin aturannya gk mikirin judi. kurupsi. dan keadilan yg absurd,yg bikin aturannya gk mikirin judi kurupsi dan keadilan yg absurd,negative
aZEtsruDoQc,Harusnya mereka itu mikir! Kalo tanpa medsos di umur segitu ada yang merasa dirugikan krn ada yg membuat usaha dll,harusnya mereka itu mikir kalo tanpa medsos di umur segitu ada yang merasa dirugikan krn ada yg membuat usaha dll,negative
aZEtsruDoQc,Dah lah pasti di YouTube gak bakal rame sih kalau ada yang buat video soalnya Ya pada dilarang semua lah yang umurnya dibawah 16 tahun,dah lah pasti di youtube gak bakal rame sih kalau ada yang buat video soalnya ya pada dilarang semua lah yang umurnya dibawah 16 tahun,negative
aZEtsruDoQc,Tapi YouTube ya bisa buat belajar bu,tapi youtube ya bisa buat belajar bu,negative
aZEtsruDoQc,Demoooo😡😡😡🤬🤬🤬😤😤😤,demoooo,negative
aZEtsruDoQc,Kita nonton yutube untuk belajar,kita nonton yutube untuk belajar,negative
aZEtsruDoQc,Kalau youtube kan ad gotube😎👍,kalau youtube kan ad gotube,neutral
aZEtsruDoQc,Masa kita di suruh nonton YouTube kids di situ cringe dan anak anak banget!!!!!,masa kita di suruh nonton youtube kids di situ cringe dan anak anak banget,negative
aZEtsruDoQc,Kalo ini udah kejadian anak anak bakalan nggak makan dan mengakhiri hidupnya populasi anak Indonesia bakalan berkurang drastis aku benci banget sama Brita ini gua sama kesel sama wajah Mbah jodol Kayak ta1,kalo ini udah kejadian anak anak bakalan nggak makan dan mengakhiri hidupnya populasi anak indonesia bakalan berkurang drastis aku benci banget sama brita ini gua sama kesel sama wajah mbah jodol kayak ta1,negative
aZEtsruDoQc,"Eh pikirin judol dulu baru peraturan itu dan kami anak² tidak setuju medsos ,roblox di batasin apa lagi sekarang anak anak main sosmed jadi jangan seenak jidat lu kalau ngomong",eh pikirin judol dulu baru peraturan itu dan kami anak tidak setuju medsos roblox di batasin apa lagi sekarang anak anak main sosmed jadi jangan seenak jidat lu kalau ngomong,negative
aZEtsruDoQc,Jangan youtube dong😢😢😢😢😢😢😢,jangan youtube dong,negative
aZEtsruDoQc,KEBIJAKAN ATAU KEBODOHAN🗿,kebijakan atau kebodohan,negative
aZEtsruDoQc,Ni giniiiii nih komdigi banyak omong,ni giniiiii nih komdigi banyak omong,negative
LFfRhLKHdJA,Judol dulu urusin tuh,judol dulu urusin tuh,neutral
LFfRhLKHdJA,Kita main apa ya kita depresi,kita main apa ya kita depresi,negative
LFfRhLKHdJA,Kak boleh ada jam nya di semua hp boleh gak pls,kak boleh ada jam nya di semua hp boleh gak pls,neutral
LFfRhLKHdJA,Masak level pemikirannya seperti ini? Masih di level ini ya? Astagaa... Padahal kebijakan ini gak efektif sama sekali... Tp masak cuman sebatas ini level pemikiran mereka?,masak level pemikirannya seperti ini masih di level ini ya astagaa padahal kebijakan ini gak efektif sama sekali tp masak cuman sebatas ini level pemikiran mereka,negative
LFfRhLKHdJA,sebentar lagi pemerintah mewajibkan punya surat izinnya 😂😂😂 bikinnya bayar 😂 UUD Ujung Ujungnya Duit 😂😂,sebentar lagi pemerintah mewajibkan punya surat izinnya bikinnya bayar uud ujung ujungnya duit,neutral
LFfRhLKHdJA,Kalo YouTube dibanned terus anak kalo mau latihan  tari atau latihan anbk tka  dirumah gimana hah...,kalo youtube dibanned terus anak kalo mau latihan tari atau latihan anbk tka dirumah gimana hah,negative
LFfRhLKHdJA,"mungkin bisa efektif kalo aplikasi yg bersifat 18 tahun &gt; dihapus total.kyk  aplikasi pink,ijo,ungu.supaya mental dan perilaku anak2 tidak parah 😱",mungkin bisa efektif kalo aplikasi yg bersifat 18 tahun dihapus totalkyk aplikasi pinkijoungusupaya mental dan perilaku anak2 tidak parah,positive
LFfRhLKHdJA,"Meutya ini salah satu mentri yang kompetensi nya sangat rendah, terlalu banyak buat statement dengan kualitas pemikiran anak smp. Menyedihkan rakyat dipaksa prabowo bayarin gaji dan fasilitas mentri seperti ini. Uhhh dosa apa rakyat indonesia ya TUHAN",meutya ini salah satu mentri yang kompetensi nya sangat rendah terlalu banyak buat statement dengan kualitas pemikiran anak smp menyedihkan rakyat dipaksa prabowo bayarin gaji dan fasilitas mentri seperti ini uhhh dosa apa rakyat indonesia ya tuhan,negative
LFfRhLKHdJA,Pemerintah sok asik,pemerintah sok asik,negative
LFfRhLKHdJA,"Remeh temeh diurusin, judol yg merampok rakyat ,negativedibiarin",remeh temeh diurusin judol yg merampok rakyat dibiarin
LFfRhLKHdJA,Bagus.. Sangat membantu org tua dan menyelamatkan generasi indonesia,bagus sangat membantu org tua dan menyelamatkan generasi indonesia,positive
LFfRhLKHdJA,Kenapa GK dari awal ada YouTube. Anak anak GK boleh . Baru sadar sekarang.. saya harap ini berlanjut sampai yg lama.. yg di tonton  bukan yg ok ok.. . Aku malah setuju kalo peraturan seperti ini,kenapa gk dari awal ada youtube anak anak gk boleh baru sadar sekarang saya harap ini berlanjut sampai yg lama yg di tonton bukan yg ok ok aku malah setuju kalo peraturan seperti ini,positive
LFfRhLKHdJA,"Bagus walaupun terlambat , negara lain sdh terlebih dahulu mengambil langkah ini.",bagus walaupun terlambat negara lain sdh terlebih dahulu mengambil langkah ini,positive
LFfRhLKHdJA,"Hapus tiktok juga game online,sudah sakit parah kok baru diobati,masa corona dulu saya pribadi sudah mengeluhkan hal itu,sekarang lihatlah akibatnya.",hapus tiktok juga game onlinesudah sakit parah kok baru diobatimasa corona dulu saya pribadi sudah mengeluhkan hal itusekarang lihatlah akibatnya,positive
LFfRhLKHdJA,Berkurangnya lawan debatku fans barca,berkurangnya lawan debatku fans barca,neutral
LFfRhLKHdJA,"Tiktok  tutup, gara-gara tiktok rumah tangga banyak yg berantakan , banyak kehilangan akhlak,tiktok kalau gk ditutup berarti pemerintah ingin menghancurkan masyarakatnya sendiri karena udah kehilangan ahlaknya,udah banyak korban perceraian gara-gara tiktok harus tutup total",tiktok tutup garagara tiktok rumah tangga banyak yg berantakan banyak kehilangan akhlaktiktok kalau gk ditutup berarti pemerintah ingin menghancurkan masyarakatnya sendiri karena udah kehilangan ahlaknyaudah banyak korban perceraian garagara tiktok harus tutup total,positive
LFfRhLKHdJA,Cara nya gmana...cuy..wkwkwkwkwkwk..judol aja ngak diapa apain...😅😅😅biar kelihatan kerja yakk...emang nya konoha bodoh gtuh....ya itu akun emak nya...dipake anak nya...,cara nya gmanacuywkwkwkwkwkwkjudol aja ngak diapa apainbiar kelihatan kerja yakkemang nya konoha bodoh gtuhya itu akun emak nyadipake anak nya,neutral
LFfRhLKHdJA,"Judol , bokep , dari dulu belom bisa diatasi",judol bokep dari dulu belom bisa diatasi,neutral
LFfRhLKHdJA,Terlambat kocak 😂,terlambat kocak,negative
LFfRhLKHdJA,Udah Telatt!!,udah telatt,negative
LFfRhLKHdJA,Klo di tok tok aja postingan cewek22 bohay bohay gk di tgur atau gk di larang...gimana. 16th gk boleh akses...😂 Bersihkan duluh konten pidio fulgar mamerkan body cewek22 ...apalgi fyp fyp. Apa pun dilakukan demi fyp,klo di tok tok aja postingan cewek22 bohay bohay gk di tgur atau gk di laranggimana 16th gk boleh akses bersihkan duluh konten pidio fulgar mamerkan body cewek22 apalgi fyp fyp apa pun dilakukan demi fyp,neutral
LFfRhLKHdJA,"Ah tai mana mungkin bisa diatasi, anak2 tidak bodoh pasti bisa aja cari cara lain, kalau mampuh sekalian aja putus internet..",ah tai mana mungkin bisa diatasi anak2 tidak bodoh pasti bisa aja cari cara lain kalau mampuh sekalian aja putus internet,negative
LFfRhLKHdJA,Gimana tuhh dengan judol..masih merajalela situs nya..yahh pada omon2 nya saja..,gimana tuhh dengan judolmasih merajalela situs nyayahh pada omon2 nya saja,negative
LFfRhLKHdJA,"Ini pembodhan, contoh cucu saya, kretive sekali, dia kita batasi bermain Roblock hanya sabtu dan minggu dia patuh, sekarang dia bisa buat game sendiri, coba bayangkan bagaimana memacu anak untuk kreative jika di batasi, kita sih ketawa saja, saya pakai acun saya untuk roblock dgn parent control, jangan membuat anak bangsa bodoh mesti di latih sejak dini, jika di larang apa ada solusi memanusiakan anak, mana ada kartoon yang mendidik, selain upin ipin? Ini bentuk mematikan kreativitas anak, apa tujuanya. Contoh hukuman jika anak tidak patuh, mereka di hukum tidak boleh main game pada sabtu dan minggu, ini bentuk mendidik anak yang benar, buat jadual dan parent controll, sogong",ini pembodhan contoh cucu saya kretive sekali dia kita batasi bermain roblock hanya sabtu dan minggu dia patuh sekarang dia bisa buat game sendiri coba bayangkan bagaimana memacu anak untuk kreative jika di batasi kita sih ketawa saja saya pakai acun saya untuk roblock dgn parent control jangan membuat anak bangsa bodoh mesti di latih sejak dini jika di larang apa ada solusi memanusiakan anak mana ada kartoon yang mendidik selain upin ipin ini bentuk mematikan kreativitas anak apa tujuanya contoh hukuman jika anak tidak patuh mereka di hukum tidak boleh main game pada sabtu dan minggu ini bentuk mendidik anak yang benar buat jadual dan parent controll sogong,negative
LFfRhLKHdJA,game itu semua di blokir saja  supaya aman,game itu semua di blokir saja supaya aman,positive
LFfRhLKHdJA,"Walah dah terlambat,,, ganti ide yg baru dan cemerlang",walah dah terlambat ganti ide yg baru dan cemerlang,negative
LFfRhLKHdJA,"Udah dari dulu kali Bro di ulang ulang , Pemerintah bisa Melarang jika Mentri nya yang membelikan HP nya , beliin kagak melarang di pake , duit duit gue , beli Hp kagak beli Hp urusan gue , mau di pake tuh Hp , kagak di pake tuh Hp urusan gue , lu jadi Mentri yang gaji gue dari gue beli Hp dan Pajak lain nya dari Gue , emang di angkat jadi Mentri tugasnya untuk Melarang Masyarakat Bro .",udah dari dulu kali bro di ulang ulang pemerintah bisa melarang jika mentri nya yang membelikan hp nya beliin kagak melarang di pake duit duit gue beli hp kagak beli hp urusan gue mau di pake tuh hp kagak di pake tuh hp urusan gue lu jadi mentri yang gaji gue dari gue beli hp dan pajak lain nya dari gue emang di angkat jadi mentri tugasnya untuk melarang masyarakat bro,negative
LFfRhLKHdJA,"Ya anak2 pasti pakai hp orang tua buat main game,kalau tidak di pinjamin ngamuk",ya anak2 pasti pakai hp orang tua buat main gamekalau tidak di pinjamin ngamuk,negative
LFfRhLKHdJA,Mndeng matiin aj internet ny apa hbus play store mndeng SMS kyk dlu aj,mndeng matiin aj internet ny apa hbus play store mndeng sms kyk dlu aj,neutral
LFfRhLKHdJA,Harusnya judol yang harus di blokir semua,harusnya judol yang harus di blokir semua,negative
LFfRhLKHdJA,Telat,telat,negative
LFfRhLKHdJA,Dibarengi kontrol dan sistem untuk memantau dan memastikan bahwa aturan itu berjalan atau tidak? <br>Kalau tidak ya udah,dibarengi kontrol dan sistem untuk memantau dan memastikan bahwa aturan itu berjalan atau tidak kalau tidak ya udah,neutral
LFfRhLKHdJA,Aturan apa anak mulai klas 4 SD sdh diharuskan pakai hp untuk belajar trus yg dilarsng apanya😊😊😊😊,aturan apa anak mulai klas 4 sd sdh diharuskan pakai hp untuk belajar trus yg dilarsng apanya,negative
LFfRhLKHdJA,"Semoga bisa diimplementasikan, bukan sekedar cita cita murahan sekelas negara 😂😂😂😂😂",semoga bisa diimplementasikan bukan sekedar cita cita murahan sekelas negara,positive
LFfRhLKHdJA,"Setuju sekali,tapi ditutup tayangnya,",setuju sekalitapi ditutup tayangnya,positive
LFfRhLKHdJA,Tapi dia gak bisa binasakan judol...,tapi dia gak bisa binasakan judol,neutral
LFfRhLKHdJA,Bikin akun aja segampang itu kok...gimana mau kontrol ketat.,bikin akun aja segampang itu kokgimana mau kontrol ketat,neutral
LFfRhLKHdJA,😂😂😂😂 langkah mengurangi kritik 😂😂😂,langkah mengurangi kritik,negative
LFfRhLKHdJA,"Dikonoha ni kebanyakan aturan, aplikasi dilapangan entahlah... Memang Konoha...",dikonoha ni kebanyakan aturan aplikasi dilapangan entahlah memang konoha,negative
LFfRhLKHdJA,JANGAN DI TAYANGKAN,jangan di tayangkan,positive
LFfRhLKHdJA,Karena apa artinya kalau hanya sekedar aturan tapi penerapannya abu-abu tetap juga anak-anak bisa akses konten-konten yang tidak layak,karena apa artinya kalau hanya sekedar aturan tapi penerapannya abuabu tetap juga anakanak bisa akses kontenkonten yang tidak layak,neutral
LFfRhLKHdJA,Menurut saya pemerintah perlu membuat sarana dan aturan yang jelas jangan hanya sekedar,menurut saya pemerintah perlu membuat sarana dan aturan yang jelas jangan hanya sekedar,neutral
LFfRhLKHdJA,Ciri ciri negara tertinggal adalah banyak memproduksi aturan tapi tidak sanggub melaksanakannya lalu bikin lagi aturan baru begitu seterusnya,ciri ciri negara tertinggal adalah banyak memproduksi aturan tapi tidak sanggub melaksanakannya lalu bikin lagi aturan baru begitu seterusnya,neutral
LFfRhLKHdJA,Sangat penting untuk Indonesia emas,sangat penting untuk indonesia emas,positive
LFfRhLKHdJA,"Oke, solusinya apa ?, yg perlu dicegah itu bukan main medsosnya tp conten medsos nya yg hrs dipilih dan dibatasi.",oke solusinya apa yg perlu dicegah itu bukan main medsosnya tp conten medsos nya yg hrs dipilih dan dibatasi,neutral
LFfRhLKHdJA,Pembodohan generasi,pembodohan generasi,negative
LFfRhLKHdJA,Setuju👍,setuju,positive
LFfRhLKHdJA,Trus KLO anak2 melanggar hukumnya apa,trus klo anak2 melanggar hukumnya apa,neutral
LFfRhLKHdJA,Alhamdulillah akhirnya ada perhatian dari pemerintah...👍,alhamdulillah akhirnya ada perhatian dari pemerintah,positive
LFfRhLKHdJA,Ini berita terbaik alhamdulillah,ini berita terbaik alhamdulillah,positive
LFfRhLKHdJA,Mantaff❤,mantaff,positive
LFfRhLKHdJA,Mentri GO BLOG....data rakyat konoha dijual ke mamarika....,mentri go blogdata rakyat konoha dijual ke mamarika,negative
LFfRhLKHdJA,Guru aja ngasih PR ke murid SD pake HP 😂😂😂,guru aja ngasih pr ke murid sd pake hp,neutral
LFfRhLKHdJA,pertanyaan= bagaimana cara merealisasikan? bagaimana caranya pemerintah yang memimpin negara semi disiplin mengatur ratusan juta orang agar bisa bekerjasama untuk melarang penggunaan anak dibawah 16 tahun pakai medsos? bagaimana caranya?,pertanyaan bagaimana cara merealisasikan bagaimana caranya pemerintah yang memimpin negara semi disiplin mengatur ratusan juta orang agar bisa bekerjasama untuk melarang penggunaan anak dibawah 16 tahun pakai medsos bagaimana caranya,neutral
LFfRhLKHdJA,Cara pengawasannya gimana? Yg melanggar dilaporin kemana? Pertanyaan2 ini nawaitunya agar aturan ini efektif.,cara pengawasannya gimana yg melanggar dilaporin kemana pertanyaan2 ini nawaitunya agar aturan ini efektif,positive
KFR9jjVi1D4,"Wajar sih yang komentar anak di bawah 16 tahun, jadi gak paham yang di maksud, dan gak ada dengar apa yang di kasi tau..",wajar sih yang komentar anak di bawah 16 tahun jadi gak paham yang di maksud dan gak ada dengar apa yang di kasi tau,neutral
KFR9jjVi1D4,aku Gk Setuju,aku gk setuju,negative
KFR9jjVi1D4,Main HP daripada al-quran 😊,main hp daripada alquran,neutral
KFR9jjVi1D4,setuju,setuju,positive
KFR9jjVi1D4,nah bagus nih. pertayaannya bener bisa ga? gimana teknis nya?,nah bagus nih pertayaannya bener bisa ga gimana teknis nya,positive
KFR9jjVi1D4,Gak ikut beliin hp ajah ngelarang &#39; huhuh,gak ikut beliin hp ajah ngelarang huhuh,negative
KFR9jjVi1D4,"Alhamdulillah..anak2 terutama muslim mending hafalan Al quran, blajar bahasa Arab, bhs inggris",alhamdulillahanak2 terutama muslim mending hafalan al quran blajar bahasa arab bhs inggris,positive
KFR9jjVi1D4,Demi masa depan anak bangsa🎉,demi masa depan anak bangsa,positive
KFR9jjVi1D4,Sayak bayak yang menglihat setuju di bawah ini karena mereka udah di atas16 tahun. Tapi yang di bawah 16 tahun tidak setujuh karena bayak di media sosial yang membantu pembelajaran kita di sekolah<br>Terimakasih🙏,sayak bayak yang menglihat setuju di bawah ini karena mereka udah di atas16 tahun tapi yang di bawah 16 tahun tidak setujuh karena bayak di media sosial yang membantu pembelajaran kita di sekolahterimakasih,negative
KFR9jjVi1D4,"Berpendapat walaupun panjang (sbelum rame komennya):<br><br>Meskipun pembatasan media sosial bertujuan untuk melindungi anak, terdapat beberapa kekurangan atau dampak negatif yang mungkin muncul jika anak di bawah umur sama sekali tidak diberikan akses, di antaranya: <br>Kehilangan Akses Informasi Penting: Media sosial sering kali menjadi sumber informasi terkini mengenai kesehatan, isu sosial, hingga edukasi yang mungkin tidak mereka dapatkan dari saluran tradisional.<br>Hambatan dalam Membangun Identitas diri: Bagi remaja, media sosial merupakan ruang untuk mengeksplorasi diri, membangun identitas, dan mengekspresikan kreativitas mereka di era digital.<br>Kesenjangan Keterampilan Digital: Tanpa paparan awal yang terarah, anak mungkin tertinggal dalam memahami cara kerja teknologi komunikasi modern dan etika berinternet (digital literacy) dibandingkan teman sebayanya.<br>Isolasi Sosial: Karena sebagian besar interaksi sosial sebaya saat ini berpindah ke platform digital, anak yang tidak menggunakan medsos berisiko merasa terkucilkan atau kehilangan momen penting dalam lingkaran pertemanan mereka.<br>Potensi Penggunaan &quot;Ilegal&quot;: Larangan yang terlalu ketat tanpa edukasi dapat memicu anak untuk mencari cara lain (seperti memalsukan umur) guna mengakses medsos tanpa pengawasan, yang justru lebih berbahaya.",berpendapat walaupun panjang sbelum rame komennyameskipun pembatasan media sosial bertujuan untuk melindungi anak terdapat beberapa kekurangan atau dampak negatif yang mungkin muncul jika anak di bawah umur sama sekali tidak diberikan akses di antaranya kehilangan akses informasi penting media sosial sering kali menjadi sumber informasi terkini mengenai kesehatan isu sosial hingga edukasi yang mungkin tidak mereka dapatkan dari saluran tradisionalhambatan dalam membangun identitas diri bagi remaja media sosial merupakan ruang untuk mengeksplorasi diri membangun identitas dan mengekspresikan kreativitas mereka di era digitalkesenjangan keterampilan digital tanpa paparan awal yang terarah anak mungkin tertinggal dalam memahami cara kerja teknologi komunikasi modern dan etika berinternet digital literacy dibandingkan teman sebayanyaisolasi sosial karena sebagian besar interaksi sosial sebaya saat ini berpindah ke platform digital anak yang tidak menggunakan medsos berisiko merasa terkucilkan atau kehilangan momen penting dalam lingkaran pertemanan merekapotensi penggunaan ilegal larangan yang terlalu ketat tanpa edukasi dapat memicu anak untuk mencari cara lain seperti memalsukan umur guna mengakses medsos tanpa pengawasan yang justru lebih berbahaya,negative
KFR9jjVi1D4,Saya sedih sekali tapi apalah daya aku cuma manusia biasa😢😢,saya sedih sekali tapi apalah daya aku cuma manusia biasa,negative
KFR9jjVi1D4,"Ini yg patut d perhatikan, mntp",ini yg patut d perhatikan mntp,positive
KFR9jjVi1D4,"Wah, tanggal aturan berlaku nya malah pas banget aku ulang tahun ke 17",wah tanggal aturan berlaku nya malah pas banget aku ulang tahun ke 17,neutral
KFR9jjVi1D4,Untung Gw Pake Akun Temen Gw😂,untung gw pake akun temen gw,neutral
KFR9jjVi1D4,Saya sangat seeeeeetuju,saya sangat seeeeeetuju,positive
KFR9jjVi1D4,Ini baru betul melindungi anak-anak dari paparan hal negatif &amp; para bocil-bocil kematian tidak meresahkan di beranda.,ini baru betul melindungi anakanak dari paparan hal negatif para bocilbocil kematian tidak meresahkan di beranda,positive
KFR9jjVi1D4,Untung aku main sakura😂,untung aku main sakura,neutral
KFR9jjVi1D4,Dengan cara begitu tidak Efektif kasihan anak2 tidak bisa menggunakan media sosial segala macam peraturan pemerintah tidak setuju <br>Uruslah perekonomian untuk Rakyat kita masih banyak pengangguran dan kelaparan 😢😢,dengan cara begitu tidak efektif kasihan anak2 tidak bisa menggunakan media sosial segala macam peraturan pemerintah tidak setuju uruslah perekonomian untuk rakyat kita masih banyak pengangguran dan kelaparan,negative
KFR9jjVi1D4,Bagus biar kayak di luar negeri akun medsos anak dibatasi👍👍,bagus biar kayak di luar negeri akun medsos anak dibatasi,positive