video_id,comment,clean_comment,label
RsKRrIp--Mg,Gak jadi woi,gak jadi woi,negative
LFfRhLKHdJA,Dibarengi kontrol dan sistem untuk memantau dan memastikan bahwa aturan itu berjalan atau tidak? <br>Kalau tidak ya udah,dibarengi kontrol dan sistem untuk memantau dan memastikan bahwa aturan itu berjalan atau tidak kalau tidak ya udah,positive
0Sa4S97M-uM,"Assalamualaikum,ya,, bagus itu, trus tindak lanjutnya pemberantasan judi online gmn ni,,setiap chenel YouTube live pasti di penuhi iklan judi online,ayo Bu Mentri Brantas lagi.",assalamualaikumya bagus itu trus tindak lanjutnya pemberantasan judi online gmn nisetiap chenel youtube live pasti di penuhi iklan judi onlineayo bu mentri brantas lagi,positive
8i7X3KrGeF0,Hoax atau beneran?,hoax atau beneran,neutral
TdyE62mSXx0,Untuk yutub gak to**l buat nge ban kita,untuk yutub gak tol buat nge ban kita,negative
viGBwFO3nDA,Akhir nya bocil bocil kematian akun nya di nonaktif kan😇😇😇 untung umur saya 17 thn,akhir nya bocil bocil kematian akun nya di nonaktif kan untung umur saya 17 thn,positive
p8p-sAq_hhI,"<a href=""https://www.youtube.com/watch?v=p8p-sAq_hhI&amp;t=105"">1:45</a> <b>&quot;langkah terbaik&quot;</b> 😹😹",langkah terbaik,positive
iLERE4VmtZc,Bang tadi di Roblox topic Indonesia ada pemerintah marah 😂,bang tadi di roblox topic indonesia ada pemerintah marah,neutral
p8p-sAq_hhI,"🤔 coba presiden nonton artis, siapa tunduk? 🤞😅",coba presiden nonton artis siapa tunduk,neutral
QDj0g7Xw2rg,Urusin dulu judi😭😭😭👊👊👊👊,urusin dulu judi,neutral
OBb8iLYgMu4,Pura-pura gak dengar apa apa gak denger  kita juga kan butuh media sosial masa gitu sih yang tdk setuju  media sosial di hapus ngumpul😡😡😡😡😡😡👊👊👊👊👊👊👊🙄🙄🙄🙄🙄😒😒😒😏😏<br>👇<br>👇<br>👇<br>👇<br>👇,purapura gak dengar apa apa gak denger kita juga kan butuh media sosial masa gitu sih yang tdk setuju media sosial di hapus ngumpul
OBb8iLYgMu4,Udah tanggal 31 belum ke bane,udah tanggal 31 belum ke bane,negative
RsKRrIp--Mg,NGGAK SETUJU,nggak setuju,negative
vk2Ynj24qNA,Umur 10-16 tahun perlu hak dan jika mereka ketinggalan akan di katain lahir zaman batu kamu dan saya merasa ketinggalan zaman biasa nya akan di ejek dan tidak?,umur 1016 tahun perlu hak dan jika mereka ketinggalan akan di katain lahir zaman batu kamu dan saya merasa ketinggalan zaman biasa nya akan di ejek dan tidak,negative
QDj0g7Xw2rg,Lah jud0l !,lah jud0l,neutral
0Sa4S97M-uM,Lain tibaheula ath bro,lain tibaheula ath bro,positive
tuaZNgn2rcc,Alhamdulillah saya setuju 1000% Bu,alhamdulillah saya setuju 1000 bu,positive
OBb8iLYgMu4,Siapa nonton tanggal 30 maret kumpul ya,siapa nonton tanggal 30 maret kumpul ya,neutral
LSrWXE05LNY,Judol dulu diurusi 😡😡😡😡😡😡😡😡😡😡😡😡😡😡😡😡😡😡😡😡😡,judol dulu diurusi,neutral
JrCe8CVR1KY,Yeee ff masih bisaaaa,yeee ff masih bisaaaa,positive
19eKDDkJt6w,GAK SETUJU MASA GAME JUDI DAN KORUP TIDAK DI NONAKTIFKAN ITU NAMA NYA BUKAN BUAT PERLINDUNGAN ANAK TAPI PENGSTREESAN ANAK NANTI KALO ANAK ANAK GAK MAIN NANTI KALO MALAH MAIN GAME JUDI NAH KAN GAK LUCU MENDING LU HAPUS GAME JUDI JUDI LEBIH BERBAHAYA,gak setuju masa game judi dan korup tidak di nonaktifkan itu nama nya bukan buat perlindungan anak tapi pengstreesan anak nanti kalo anak anak gak main nanti kalo malah main game judi nah kan gak lucu mending lu hapus game judi judi lebih berbahaya,negative
OTk4HFU-xn8,ITU TERGANTUNG ORTUNYA. PERCUMA DILARANG KALO SI ORTU BIKININ AKUN. INTINYA JGN MELARANG ANAK BERMAIN GAME. BIARKAN MEREKA &amp; JGN GANGGU URUSAN GAME,itu tergantung ortunya percuma dilarang kalo si ortu bikinin akun intinya jgn melarang anak bermain game biarkan mereka jgn ganggu urusan game,negative
nVMFsgHRcnY,umur gw 13 tahun gw harus nunggu 3 tahun biar bisa youtube lgi..........amit amit tinggal di negara konoha,umur gw 13 tahun gw harus nunggu 3 tahun biar bisa youtube lgiamit amit tinggal di negara konoha,negative
fX2bE5ecHy4,Tapi kalau YouTube menghilang saya tidak bisa tau soal zaman purba karena saya ingin tau zaman purba 🥀 <br>Roblox diblokir saja kak,tapi kalau youtube menghilang saya tidak bisa tau soal zaman purba karena saya ingin tau zaman purba roblox diblokir saja kak,negative
lM-QZ4uCXuk,YOUTUBE JANGAN PLIS YANG LAIN BIARKAN ASAL YOUTUBE JANGAN,youtube jangan plis yang lain biarkan asal youtube jangan,negative
vk2Ynj24qNA,Pala kau anak anak pada nangis apa terbaik ayo netizen,pala kau anak anak pada nangis apa terbaik ayo netizen,negative
hzDavp3DQo4,Gara-gara yang pakai mukena pink sih kan jadi akun gue keblokir Google,garagara yang pakai mukena pink sih kan jadi akun gue keblokir google,negative
viGBwFO3nDA,Lah minimal cuma 13 thn lah masa anjing,lah minimal cuma 13 thn lah masa anjing,negative
hzDavp3DQo4,Gk setujuuuu,gk setujuuuu,negative
QDj0g7Xw2rg,Jangan tinggalin aku besok 😭,jangan tinggalin aku besok,negative
p8p-sAq_hhI,❤❤ komdigi love,komdigi love,positive
8i7X3KrGeF0,Yg cuman maen SosMed buat hiburan trs di batesin ortu:<br>GOKIL👍,yg cuman maen sosmed buat hiburan trs di batesin ortugokil,neutral
LSrWXE05LNY,Lamban mengambil langkah 😂😂😂😂😂,lamban mengambil langkah,neutral
DfYhY-bKsZI,anak saya umur 15,anak saya umur 15,neutral
iLERE4VmtZc,GAKMAU SETUJU!!!!!!!!!!!!!!,gakmau setuju,negative
0Sa4S97M-uM,Judol aman..... Kwkwkwk..,judol aman kwkwkwk,neutral
RsKRrIp--Mg,Jadi misalnya aku umur 15 tahun aku ulang tahun 2 april jadi umur ku 16 tahu apakah akun ku akan dibuka -_-,jadi misalnya aku umur 15 tahun aku ulang tahun 2 april jadi umur ku 16 tahu apakah akun ku akan dibuka,neutral
OBb8iLYgMu4,Woi lu hoax ya rumah pembohong coy,woi lu hoax ya rumah pembohong coy,neutral
2BdXibzPPyc,Coba asal jangan batas akun saya karena konten hp jadul ini gw males buat akun baru,coba asal jangan batas akun saya karena konten hp jadul ini gw males buat akun baru,negative
DfYhY-bKsZI,Jual ibunya😂😂😂😂😂😂,jual ibunya,neutral
tuaZNgn2rcc,"Alhamdulillah sangat setuju..., medsos banyak mudhorot dr pada manfaat bagi anak.",alhamdulillah sangat setuju medsos banyak mudhorot dr pada manfaat bagi anak,positive
vk2Ynj24qNA,"Ini demi kebaikan kita bagi ynag mengeluh, mikir lah,.. Kalian juga butuh edukasi aku tau sih aku juga di bawah 16 tahun, aku tapi setuju, karna awal begitu sulit diahkir begitu nyaman, jadi jangan mengeluh juga, mikir dulu ya😊<br><br>No batidao song  <br><br>Ela, ela desce, ela sobe<br>No baile é pressão<br>Mina linda, perigosa<br>Rouba meu coração<br>Vai quicando, vai jogando<br>Não perde a razão<br>No batidão, no batidão<br>Só pura tentação<br>Ela desce, ela sobe<br>No baile é pressão<br>Mina linda, perigosa<br>Rouba meu coração<br>Ela desce, ela sobe<br>No baile é pressão<br>Mina linda, perigosa<br>Rouba meu coração<br>Ela desce, ela sobe<br>No baile é pressão<br>Mina linda, perigosa<br>Rouba meu coração<br>Vai quicando, vai jogando<br>Não perde a razão<br>No batidão, no batidão<br>Só pura tentação<br>Desce, ela sobe<br>No baile é pressão<br>Mina linda, perigosa<br>Rouba meu coração<br>Ela desce, ela sobe<br>No baile é pressão<br>Mina linda, perigosa<br>Rouba meu coração<br>Ela desce, ela sobe<br>No baile é pressão<br>Mina linda, perigosa<br>Rouba meu coração<br>Vai quicando, vai jogando<br>Não perde a razão<br>No batidão, no batidão<br>Só pura tentação",ini demi kebaikan kita bagi ynag mengeluh mikir lah kalian juga butuh edukasi aku tau sih aku juga di bawah 16 tahun aku tapi setuju karna awal begitu sulit diahkir begitu nyaman jadi jangan mengeluh juga mikir dulu yano batidao song ela ela desce ela sobeno baile pressomina linda perigosarouba meu coraovai quicando vai jogandono perde a razono batido no batidos pura tentaoela desce ela sobeno baile pressomina linda perigosarouba meu coraoela desce ela sobeno baile pressomina linda perigosarouba meu coraoela desce ela sobeno baile pressomina linda perigosarouba meu coraovai quicando vai jogandono perde a razono batido no batidos pura tentaodesce ela sobeno baile pressomina linda perigosarouba meu coraoela desce ela sobeno baile pressomina linda perigosarouba meu coraoela desce ela sobeno baile pressomina linda perigosarouba meu coraovai quicando vai jogandono perde a razono batido no batidos pura tentao,positive
V_mvjaonG-w,"Setuju, knp ga dari dulu",setuju knp ga dari dulu,positive
JrCe8CVR1KY,Terus saya sudah tidak bisa menikmati youtube lagi,terus saya sudah tidak bisa menikmati youtube lagi
dVTaBKZLsds,"YouTube katanya juga diblokir, tapi menurut itu berlebihan (dibagian YouTube) soalnya ada beberapa anak sekolah mengunakan YouTube sebagai bahan pembelajaran contoh seni dan kerajinan!",youtube katanya juga diblokir tapi menurut itu berlebihan dibagian youtube soalnya ada beberapa anak sekolah mengunakan youtube sebagai bahan pembelajaran contoh seni dan kerajinan,negative
LSrWXE05LNY,Aku mau pria solo itu jadi presiden lagii 😢😢😢,aku mau pria solo itu jadi presiden lagii,neutral
RsKRrIp--Mg,gw yg 15 thn;aelah nanggung bet dh🗿🥀🥀,gw yg 15 thnaelah nanggung bet dh,negative
xOLutbfafBo,Jahat banget ih kan anak anak tidk bisa main hp lagi dasar orang jahat,jahat banget ih kan anak anak tidk bisa main hp lagi dasar orang jahat,negative
2YHfX7PzVNM,Halah pasti pemerintah takut nanti anak² tau fakta Prabowo tukang tipu Ama presiden bodoh yang mau di jadiin mainan Donald Trump 😂😂😂,halah pasti pemerintah takut nanti anak tau fakta prabowo tukang tipu ama presiden bodoh yang mau di jadiin mainan donald trump,negative
JrCe8CVR1KY,knp sih harus gitu kita cuma mau menghibur diri kita,knp sih harus gitu kita cuma mau menghibur diri kita,negative
0Sa4S97M-uM,Terima kasih bu menteri🎉,terima kasih bu menteri,positive
aZEtsruDoQc,Balik lagi ke 90an,balik lagi ke 90an,neutral
lM-QZ4uCXuk,Malah aku ujian pakai yt,malah aku ujian pakai yt,negative
tuaZNgn2rcc,hore.. akhirnya kebahagian ini  datang juga. kami mendukung bu mentri,hore akhirnya kebahagian ini datang juga kami mendukung bu mentri,positive
JrCe8CVR1KY,Menurutku batasin aja pada konten negatif yg pengaruh pada anak 😮,menurutku batasin aja pada konten negatif yg pengaruh pada anak,positive
DfYhY-bKsZI,"<a href=""https://www.youtube.com/watch?v=DfYhY-bKsZI&amp;t=127"">2:07</a>  IBUNYA DIBAYAR!!!",a href ibunya dibayar,negative
2YHfX7PzVNM,Woi gimana judol kok gak dihapus,woi gimana judol kok gak dihapus,neutral
RsKRrIp--Mg,"Bg ini sykan msi 14 tahun, akun akun saya juga usia 14. Ini kok masih bisa....",bg ini sykan msi 14 tahun akun akun saya juga usia 14 ini kok masih bisa,neutral
NzMXdwZm8B0,"<a href=""https://www.youtube.com/watch?v=NzMXdwZm8B0&amp;t=71"">1:11</a> :Masa roblox di blokir tapi mobile legend, free fire, pubg nggak di blokir, padahal hal negatifnya lebih besar 3 game itu daripada roblox, emang nih negara konoha😮‍💨Masa roblox di blokir tapi mobile legend, free fire, pubg nggak di blokir, padahal hal negatifnya lebih besar 3 game itu daripada roblox, emang nih namanya juga negara konoha😮‍💨😮‍💨😮‍💨😮‍💨😮‍💨😮‍💨😮‍💨",a href masa roblox di blokir tapi mobile legend free fire pubg nggak di blokir padahal hal negatifnya lebih besar 3 game itu daripada roblox emang nih negara konohamasa roblox di blokir tapi mobile legend free fire pubg nggak di blokir padahal hal negatifnya lebih besar 3 game itu daripada roblox emang nih namanya juga negara konoha,negative
RsKRrIp--Mg,Aplikasi hanya subscriber nanti subscriber-nya tinggal sedikit,aplikasi hanya subscriber nanti subscribernya tinggal sedikit,neutral
cqVq6jZn0CM,Pemerintah yg Memberi atau mengesahkan judi online danponografi di Facebook yg membuat anak Rusak,pemerintah yg memberi atau mengesahkan judi online danponografi di facebook yg membuat anak rusak,neutral
JrCe8CVR1KY,"WOYY YOUTUBE SAMA ROBLOX?????aku main apa lagi?,tik tok dan ig gboleh sama ortu ini yt sama ROBLOX gimanaaa????",woyy youtube sama robloxaku main apa lagitik tok dan ig gboleh sama ortu ini yt sama roblox gimanaaa,negative
xOLutbfafBo,harus nunggu deh 😭,harus nunggu deh,neutral
hzDavp3DQo4,Pornografi,pornografi,neutral
xOLutbfafBo,Dingerin tuh kata pak gm,dingerin tuh kata pak gm,neutral
DfYhY-bKsZI,Dasar  pemrintah  gatau diri 😡😡😡😡🤬😡😡🤬😡,dasar pemrintah gatau diri,negative
DfYhY-bKsZI,Lu emang mau demo lagi😡,lu emang mau demo lagi,negative
hzDavp3DQo4,Emang kenapa sih harus di band? Semua manusia punya hak masing masing untul menonton yang belikan ponsel juga orang tua nya bukan anda dan mengapa harus ada peraturan ini kalo gk terima yaudh akun anak saya susah di log in loh! Kalo sampe 28 hari belum log in semua akun akan di hapus bank anak saya nanti kehapus gimana bisa anak saya berjualan lagi balikin gak!,emang kenapa sih harus di band semua manusia punya hak masing masing untul menonton yang belikan ponsel juga orang tua nya bukan anda dan mengapa harus ada peraturan ini kalo gk terima yaudh akun anak saya susah di log in loh kalo sampe 28 hari belum log in semua akun akan di hapus bank anak saya nanti kehapus gimana bisa anak saya berjualan lagi balikin gak,negative
TdyE62mSXx0,diblokir ❌ dibatasi ✅,diblokir dibatasi,neutral
fX2bE5ecHy4,Saya besok nggak bisa lagi menggunakan sosmed lagi pemerintah kembalikanlah,saya besok nggak bisa lagi menggunakan sosmed lagi pemerintah kembalikanlah,negative
dVTaBKZLsds,Kembali Ke Jaman Batu.<br>Jaman Tanpa Internet.,kembali ke jaman batujaman tanpa internet,neutral
aZEtsruDoQc,"Urusin koruptor noh, koruptor aja bikin masalah, malah urusin youtube anak anak, bagaimana dengan anak anak yang bercita cita menjadi youtuber?",urusin koruptor noh koruptor aja bikin masalah malah urusin youtube anak anak bagaimana dengan anak anak yang bercita cita menjadi youtuber,negative
KFR9jjVi1D4,Bagus biar kayak di luar negeri akun medsos anak dibatasi👍👍,bagus biar kayak di luar negeri akun medsos anak dibatasi,positive
hzDavp3DQo4,"Urusin aja dulu tuh judol tuh gak kelar2, akhhhh sekalinya bikin kebijakan ambak ambakan , kocak lu tua bangka",urusin aja dulu tuh judol tuh gak kelar2 akhhhh sekalinya bikin kebijakan ambak ambakan kocak lu tua bangka,negative
fX2bE5ecHy4,Lawak,lawak,neutral
RsKRrIp--Mg,"SETUJU 😊<br>Gantinya, dibuat aplikasi2 yg memang mendidik n edukasi buat ank. Thx",setuju gantinya dibuat aplikasi2 yg memang mendidik n edukasi buat ank thx,positive
_M85Z0Beq_g,Terus kita umur 13 sama 15 nonton youtube kids gitu gue malu emang aku mau jadi anak kecil gitu gue mau remaja dan dewasa masa nonton gitu  👺👺👺😡😡😡😡😡,terus kita umur 13 sama 15 nonton youtube kids gitu gue malu emang aku mau jadi anak kecil gitu gue mau remaja dan dewasa masa nonton gitu,negative
NzMXdwZm8B0,Nggak jelas banget 😡😡😡😡😡😡😡😡😡 pemerintah Thai,nggak jelas banget pemerintah thai,negative
0Sa4S97M-uM,Judol bu masih kelayaban,judol bu masih kelayaban,neutral
iLERE4VmtZc,EMG Sih Bermanfaat tapi kenapa cuma untuk  itu GK judol/judi online yah EMG itu penting tapi jangan YouTube ya YouTube itu banyak bocil kesusahan Ngeyoutube susah payahnya byangkan cuma modal konten kosong dan konten gambar cuma cuma percuma urusin judol tolong urusin judol dari kemarin judol belum waras wars tolong pemerintah pleasee,emg sih bermanfaat tapi kenapa cuma untuk itu gk judoljudi online yah emg itu penting tapi jangan youtube ya youtube itu banyak bocil kesusahan ngeyoutube susah payahnya byangkan cuma modal konten kosong dan konten gambar cuma cuma percuma urusin judol tolong urusin judol dari kemarin judol belum waras wars tolong pemerintah pleasee,positive
aZEtsruDoQc,Padahal aku suka Roblox 😭😭😭😭😭😭😭😭😭😭😭😭😭😭😭😭😭😭😭😭😭😭😭😭😭😭😭,padahal aku suka roblox,negative
iLERE4VmtZc,Segerakan<br>Jangan omon omon lg,segerakanjangan omon omon lg,positive
p8p-sAq_hhI,Ini pasti gara Mukena pink😢😢. Teman gw Indonesia. Besok udah 28 Maret selamat tinggal orang Indonesia😢😢,ini pasti gara mukena pink teman gw indonesia besok udah 28 maret selamat tinggal orang indonesia,neutral
aZEtsruDoQc,Sumpah gw kayak pengen tendang itu ibu pas dia bilang &quot;Untuk merebut kembali masa depan anak2 kita&quot; 😂😂,sumpah gw kayak pengen tendang itu ibu pas dia bilang untuk merebut kembali masa depan anak2 kita,negative
tuaZNgn2rcc,Tau darimana klo anak iti umur 16 tahun ksn umur bisa di  ganti ataudi akal2in,tau darimana klo anak iti umur 16 tahun ksn umur bisa di ganti ataudi akal2in,negative
_M85Z0Beq_g,"Aku gk setuju kalau roblox, youtube dihapus.<br>😢",aku gk setuju kalau roblox youtube dihapus,negative
19eKDDkJt6w,Nanti gua main apa demo  demi roblox,nanti gua main apa demo demi roblox,negative
C8XBDjbPNNU,bgi yg TDK setuju.itu hak kalian tp keputusan pemerintah itu psti ada tujuan baik nya.krn yg SDH membuat masa depan anak2 penerus bang skrg rusak ada lh DRI akun2 atau meksos2 itu,bgi yg tdk setujuitu hak kalian tp keputusan pemerintah itu psti ada tujuan baik nyakrn yg sdh membuat masa depan anak2 penerus bang skrg rusak ada lh dri akun2 atau meksos2 itu,positive
C8XBDjbPNNU,Setuju supaya anak kembali dulu lagi,setuju supaya anak kembali dulu lagi,positive
viGBwFO3nDA,vpn: ini saatnya,vpn ini saatnya,neutral
R1hQwelEGvU,Lah berarti bisa aja tiktok youtub sepi org yg buat rame2 bocil2 kyk kita2 gini,lah berarti bisa aja tiktok youtub sepi org yg buat rame2 bocil2 kyk kita2 gini,negative
hzDavp3DQo4,Bocil puber ngapa pada gk terima cuk ampe spam komen sana sini,bocil puber ngapa pada gk terima cuk ampe spam komen sana sini,positive
xOLutbfafBo,Jangan!! Ada guru online aku di TikTok nanti aku gk bisa belajar,jangan ada guru online aku di tiktok nanti aku gk bisa belajar,negative
tuaZNgn2rcc,"Saya sebagai ibu dari dua anak sangat sangat setuju sekali,",saya sebagai ibu dari dua anak sangat sangat setuju sekali,positive
lM-QZ4uCXuk,Kami tidak setuju 😢,kami tidak setuju,negative
QDj0g7Xw2rg,"Hoaxs, hoaxs, hoaxs",hoaxs hoaxs hoaxs,neutral
R1hQwelEGvU,Gak teriman  roblox mau di bolokir😡😡aku udah top robax harga 100   333robax,gak teriman roblox mau di bolokiraku udah top robax harga 100 333robax,negative
19eKDDkJt6w,Betul itu sok jago blokir Roblox YOU TUBE DASAR PEMERINTAH GA TAU DIRI,betul itu sok jago blokir roblox you tube dasar pemerintah ga tau diri,negative
19eKDDkJt6w,Emang babi harusnya ma gini misalnya orang tua harus ngajarin cara makan ikan yg mana yg ada duri atau tidak terus harusnya pemerintah di upgrade lagi dong kayak lafe dietas emang pemerintah goblok tapi korupsi gk di berhenti in,emang babi harusnya ma gini misalnya orang tua harus ngajarin cara makan ikan yg mana yg ada duri atau tidak terus harusnya pemerintah di upgrade lagi dong kayak lafe dietas emang pemerintah goblok tapi korupsi gk di berhenti in,negative
tuaZNgn2rcc,Kalo akun tiktok aku masih Ama aku baru saja 12k pengikut,kalo akun tiktok aku masih ama aku baru saja 12k pengikut,neutral
0Sa4S97M-uM,Roblox di brokoli tapi judol judi engak ujian apa lagi ya Allah aku cape,roblox di brokoli tapi judol judi engak ujian apa lagi ya allah aku cape,negative
iLERE4VmtZc,Apa arti pemerintah dari mana orang YouTube itu pernah mengajarkan sejarah bukan selain pem-bully-an kah bapak kau padahal aku mau ngasih nonton YouTube,apa arti pemerintah dari mana orang youtube itu pernah mengajarkan sejarah bukan selain pembullyan kah bapak kau padahal aku mau ngasih nonton youtube,negative
LSrWXE05LNY,Ini orang belajar atau tidak ya,ini orang belajar atau tidak ya,negative
OBb8iLYgMu4,Aku gak setuju,aku gak setuju,negative
hzDavp3DQo4,Ah men,ah men,neutral
viGBwFO3nDA,"Menurut saya, ini justru bentuk komdigi yang mencari &#39;jalan pintas&#39; untuk masalah yang sebenernya kompleks. Tapi gak kaget sih, mengingat pejabat Indonesia memang suka strategi &#39;low cost, high visibility&#39; daripada memecahkan masalah sistemik. <br><br>Porno, adiksi, distraksi, semua itu sebenernya bisa diminimalisir dengan literasi digital yang bagus. Bagaimana cara agar tidak tergiring opini publik, cara berargumen, cara membedah fakta atau berita palsu, cara berpikir kritis. Semua itu aslinya bisa diintegrasikan ke sistem pendikdikan, tentu dengan pendekatan yang baik pula. Daripada hanya memblokir saat batas umur tertentu, ilmu ilmu ini akan terus &#39;terpasang&#39; sampai bahkan anak itu dewasa. <br><br>Sebaliknya, solusi yang hanya blokar  blokir seperti ini memiliki celah yang cukup signifikan yaitu: <br><br>Anak bisa nekat pakai kartu identitas orang lain, VPN, proxy, atau semacam nya yang malah membuat anak berkeliaran di internet makin jauh dibawah radar pengawasan. Ditambah resiko keamanan data karena unduh aplikasi tidak jelas. <br><br>Selain itu, kehadiran internet juga sangat menguntungkan bagi remaja remaja yang memang bisa menjaga diri dan mengambil sisi positif internet, mereka yang justru dapat pembelajaran yang tidak didapatkan di sekolah dari internet, mereka yang justru dapat menerima berbagai perspektif karena internet, mereka yang justru menjadikan internet lapak untuk mengekspresikan bakat mereka. mengabaikan kasus kasus &#39;spesial&#39; seperti mereka hanya akan menghambat calon calon orang hebat di masa depan. <br><br>Daripada memblokir secara utuh, kenapa pemerintah tidak memaksa platform untuk menurunkan sifat adiktif platform? Seperti mematikan fitur autoplay, mematikan endless scroll, dan memaksa menyisipkan konten edukatif setiap beberapa menit. Dan juga fokus untuk mengintegrasikan literasi digital fundamental kedalam kurikulum? Agar siswa mempunyai filter internal dari pada blokir/sensor yang merupakan filter eksternal <br><br>Singkat nya, langkah komdigi yang &#39;blokar blokir&#39; ini menurut saya terlihat seperti solusi yang terlalu menggeneralisasi masalah yang sebenernya kompleks.",menurut saya ini justru bentuk komdigi yang mencari jalan pintas untuk masalah yang sebenernya kompleks tapi gak kaget sih mengingat pejabat indonesia memang suka strategi low cost high visibility daripada memecahkan masalah sistemik porno adiksi distraksi semua itu sebenernya bisa diminimalisir dengan literasi digital yang bagus bagaimana cara agar tidak tergiring opini publik cara berargumen cara membedah fakta atau berita palsu cara berpikir kritis semua itu aslinya bisa diintegrasikan ke sistem pendikdikan tentu dengan pendekatan yang baik pula daripada hanya memblokir saat batas umur tertentu ilmu ilmu ini akan terus terpasang sampai bahkan anak itu dewasa sebaliknya solusi yang hanya blokar blokir seperti ini memiliki celah yang cukup signifikan yaitu anak bisa nekat pakai kartu identitas orang lain vpn proxy atau semacam nya yang malah membuat anak berkeliaran di internet makin jauh dibawah radar pengawasan ditambah resiko keamanan data karena unduh aplikasi tidak jelas selain itu kehadiran internet juga sangat menguntungkan bagi remaja remaja yang memang bisa menjaga diri dan mengambil sisi positif internet mereka yang justru dapat pembelajaran yang tidak didapatkan di sekolah dari internet mereka yang justru dapat menerima berbagai perspektif karena internet mereka yang justru menjadikan internet lapak untuk mengekspresikan bakat mereka mengabaikan kasus kasus spesial seperti mereka hanya akan menghambat calon calon orang hebat di masa depan daripada memblokir secara utuh kenapa pemerintah tidak memaksa platform untuk menurunkan sifat adiktif platform seperti mematikan fitur autoplay mematikan endless scroll dan memaksa menyisipkan konten edukatif setiap beberapa menit dan juga fokus untuk mengintegrasikan literasi digital fundamental kedalam kurikulum agar siswa mempunyai filter internal dari pada blokirsensor yang merupakan filter eksternal singkat nya langkah komdigi yang blokar blokir ini menurut saya terlihat seperti solusi yang terlalu menggeneralisasi masalah yang sebenernya kompleks,negative
V_mvjaonG-w,Yg repot anak buat akun nya pake data orang tuanya gimana..?,yg repot anak buat akun nya pake data orang tuanya gimana,negative
fX2bE5ecHy4,"Wait, just a question. Kalau umurnya 16 udah mau 17 tapi tinggal nunggu bulan gimana?",wait just a question kalau umurnya 16 udah mau 17 tapi tinggal nunggu bulan gimana,neutral
vk2Ynj24qNA,Orang tua panti jompo anak anak g dikasih kesenangan,orang tua panti jompo anak anak g dikasih kesenangan
TdyE62mSXx0,Aku masih bisa,aku masih bisa,negative
NzMXdwZm8B0,"Menurutku, minimal urus dulu negara kaya urusin tikus koruptor, bukan malah bikin peraturan kaya gini, lagian ada juga yang belajar d medsos, kaya youtube, tiktok, ya walaupun banyak yang menyalahgunakan",menurutku minimal urus dulu negara kaya urusin tikus koruptor bukan malah bikin peraturan kaya gini lagian ada juga yang belajar d medsos kaya youtube tiktok ya walaupun banyak yang menyalahgunakan,negative
19eKDDkJt6w,Kenapa sih cuma Roblox gak game lain benci kah karena sukses game Roblox hah,kenapa sih cuma roblox gak game lain benci kah karena sukses game roblox hah,negative
iLERE4VmtZc,Niat buat bapak-bapak DPR ke panik bapak iyaa,niat buat bapakbapak dpr ke panik bapak iyaa,neutral
tuaZNgn2rcc,Langkah terbaik serahlah,langkah terbaik serahlah,neutral
V_mvjaonG-w,caranye tau umur usernye gimana? kalo ditua2in umurnya gimana?,caranye tau umur usernye gimana kalo ditua2in umurnya gimana,neutral
Hy5rx58GES4,Kami para anak anak tdk setuju aku masih 11 thn aku ga setuju 😭😭😭😭,kami para anak anak tdk setuju aku masih 11 thn aku ga setuju,negative
KFR9jjVi1D4,"Berpendapat walaupun panjang (sbelum rame komennya):<br><br>Meskipun pembatasan media sosial bertujuan untuk melindungi anak, terdapat beberapa kekurangan atau dampak negatif yang mungkin muncul jika anak di bawah umur sama sekali tidak diberikan akses, di antaranya: <br>Kehilangan Akses Informasi Penting: Media sosial sering kali menjadi sumber informasi terkini mengenai kesehatan, isu sosial, hingga edukasi yang mungkin tidak mereka dapatkan dari saluran tradisional.<br>Hambatan dalam Membangun Identitas diri: Bagi remaja, media sosial merupakan ruang untuk mengeksplorasi diri, membangun identitas, dan mengekspresikan kreativitas mereka di era digital.<br>Kesenjangan Keterampilan Digital: Tanpa paparan awal yang terarah, anak mungkin tertinggal dalam memahami cara kerja teknologi komunikasi modern dan etika berinternet (digital literacy) dibandingkan teman sebayanya.<br>Isolasi Sosial: Karena sebagian besar interaksi sosial sebaya saat ini berpindah ke platform digital, anak yang tidak menggunakan medsos berisiko merasa terkucilkan atau kehilangan momen penting dalam lingkaran pertemanan mereka.<br>Potensi Penggunaan &quot;Ilegal&quot;: Larangan yang terlalu ketat tanpa edukasi dapat memicu anak untuk mencari cara lain (seperti memalsukan umur) guna mengakses medsos tanpa pengawasan, yang justru lebih berbahaya.",berpendapat walaupun panjang sbelum rame komennyameskipun pembatasan media sosial bertujuan untuk melindungi anak terdapat beberapa kekurangan atau dampak negatif yang mungkin muncul jika anak di bawah umur sama sekali tidak diberikan akses di antaranya kehilangan akses informasi penting media sosial sering kali menjadi sumber informasi terkini mengenai kesehatan isu sosial hingga edukasi yang mungkin tidak mereka dapatkan dari saluran tradisionalhambatan dalam membangun identitas diri bagi remaja media sosial merupakan ruang untuk mengeksplorasi diri membangun identitas dan mengekspresikan kreativitas mereka di era digitalkesenjangan keterampilan digital tanpa paparan awal yang terarah anak mungkin tertinggal dalam memahami cara kerja teknologi komunikasi modern dan etika berinternet digital literacy dibandingkan teman sebayanyaisolasi sosial karena sebagian besar interaksi sosial sebaya saat ini berpindah ke platform digital anak yang tidak menggunakan medsos berisiko merasa terkucilkan atau kehilangan momen penting dalam lingkaran pertemanan merekapotensi penggunaan ilegal larangan yang terlalu ketat tanpa edukasi dapat memicu anak untuk mencari cara lain seperti memalsukan umur guna mengakses medsos tanpa pengawasan yang justru lebih berbahaya,negative
0Sa4S97M-uM,Memang judol dan pinjol itu sangat meresahkan di media sosial jadi kali ini saya setuju ☝️☝️☝️☝️,memang judol dan pinjol itu sangat meresahkan di media sosial jadi kali ini saya setuju,positive
C8XBDjbPNNU,tidak aku tidak setuju karnaa konten kreator anak anak akan sepi penonton lagian medsos berguna untuk anak anak kecil karna ada channel yg untuk  menghibur anak kecil seperti cocomelon dan bing,tidak aku tidak setuju karnaa konten kreator anak anak akan sepi penonton lagian medsos berguna untuk anak anak kecil karna ada channel yg untuk menghibur anak kecil seperti cocomelon dan bing,negative
LSrWXE05LNY,Hoax gak sih?,hoax gak sih,neutral
2BdXibzPPyc,Channelku😭,channelku,negative
OBb8iLYgMu4,Roblox28😢😢😢,roblox28,neutral
8i7X3KrGeF0,jadi boleh main roblox gua udah topup mahal 2 malah di blokir gua udah topup 900rb lebih,jadi boleh main roblox gua udah topup mahal 2 malah di blokir gua udah topup 900rb lebih,negative
LSrWXE05LNY,Kenapa ANDA MEMBAUT BELIAU CEMAS!!!<br>MEREKA PUNYA HAK MEREKA SENDIRI!!!,kenapa anda membaut beliau cemasmereka punya hak mereka sendiri,negative
LFfRhLKHdJA,😂😂😂😂 langkah mengurangi kritik 😂😂😂,langkah mengurangi kritik,neutral
19eKDDkJt6w,"Hoax guys tadi aku liat roblox, Instagram, tiktok, YouTube masih ada lohhh hoax hoaxx",hoax guys tadi aku liat roblox instagram tiktok youtube masih ada lohhh hoax hoaxx,neutral
8i7X3KrGeF0,Enggak tuh❤❤,enggak tuh,neutral
V_mvjaonG-w,bagus harus dimulai ini ..,bagus harus dimulai ini,positive
LFfRhLKHdJA,Kbanyakan omon&quot; sama sperti jnjungannya. Judol gmn masih bagi hasil?,kbanyakan omon sama sperti jnjungannya judol gmn masih bagi hasil,negative
V_mvjaonG-w,👍.. keren,keren,positive
0Sa4S97M-uM,Setuju pembatasan tsb utk melindungi pertumbuhan mentalitas anak2,setuju pembatasan tsb utk melindungi pertumbuhan mentalitas anak2,positive
p8p-sAq_hhI,KOK KORUPSI GAK DI URUS GA ADIL BGT,kok korupsi gak di urus ga adil bgt,negative
hzDavp3DQo4,"Ancaman negara ini adalah pemerintah yg korup dan tolol, dan itu adalah ancaman nyata",ancaman negara ini adalah pemerintah yg korup dan tolol dan itu adalah ancaman nyata
QDj0g7Xw2rg,Saya 21 tahun,saya 21 tahun,negative
OBb8iLYgMu4,Kalau Roblox dihapus yuk kembali ke pkxd,kalau roblox dihapus yuk kembali ke pkxd,neutral
OBb8iLYgMu4,woy kok belum masih aman coyyy!!!!!!!!,woy kok belum masih aman coyyy,neutral
vk2Ynj24qNA,Gak gitu juga kasihan buat yg nabung beli hp mereka pake duit itu pun mereka mati Matian buat beli ini pun malah Batasin coba kalo anak 13 tahun nonton YouTube kids gak lucu kan <br>Pemerintah enak tinggal baut <br>Peraturan ajah giliran judol slot penipuan gak di urusin <br>Ini yg baut negara Kita GK maju maju pemerintah nya gini😂😂,gak gitu juga kasihan buat yg nabung beli hp mereka pake duit itu pun mereka mati matian buat beli ini pun malah batasin coba kalo anak 13 tahun nonton youtube kids gak lucu kan pemerintah enak tinggal baut peraturan ajah giliran judol slot penipuan gak di urusin ini yg baut negara kita gk maju maju pemerintah nya gini,negative
aZEtsruDoQc,Kan masih bisa di palsuin min tahun lahirnya bikin di email nya,kan masih bisa di palsuin min tahun lahirnya bikin di email nya,neutral
2BdXibzPPyc,menjaga anak dari platfrom digital❎ menghancurkan harapan dan semangat anak untuk berkreasi✅ memang absolute cinema🥶🥶,menjaga anak dari platfrom digital menghancurkan harapan dan semangat anak untuk berkreasi memang absolute cinema,negative
LFfRhLKHdJA,Melarangnya bagaimana ...<br>Coba gw pingin dengar,melarangnya bagaimana coba gw pingin dengar,neutral
DfYhY-bKsZI,Pala kau lah terbaik,pala kau lah terbaik,negative
LSrWXE05LNY,Mana nya koncet udh 28 Maret ini,mana nya koncet udh 28 maret ini,neutral
C8XBDjbPNNU,Saya tidak setuju terkadang ada tugas dari sekolah untuk membuat fidio edukasi dan di aplod di medsos jadi saya kurang setuju dan terkadang anak anak meminjam henpon milik orang tuanya untuk melihat tik tok yutub dan bermain Roblox dan juga kasihan terhadap kreator anak di bawah umur Bakan kehilangan pekerjaannya atau sepi sekian terimakasih pak buk,saya tidak setuju terkadang ada tugas dari sekolah untuk membuat fidio edukasi dan di aplod di medsos jadi saya kurang setuju dan terkadang anak anak meminjam henpon milik orang tuanya untuk melihat tik tok yutub dan bermain roblox dan juga kasihan terhadap kreator anak di bawah umur bakan kehilangan pekerjaannya atau sepi sekian terimakasih pak buk,negative
aZEtsruDoQc,Kesel banget,kesel banget,negative
Hy5rx58GES4,"Yey, umurku 17 thum😊",yey umurku 17 thum,positive
0Sa4S97M-uM,"Hahahaha dah mayan lah tapi JUDOL tuh meraja lela.... di biarin aja, hal yg besar masalah judol napa gak segera di tangani. Apa gak mampu tutup semua JUDOL? Atau ada dapet upeti dari JUDOL",hahahaha dah mayan lah tapi judol tuh meraja lela di biarin aja hal yg besar masalah judol napa gak segera di tangani apa gak mampu tutup semua judol atau ada dapet upeti dari judol,positive
R1hQwelEGvU,"Bagus nih, biar pecandu porno berkurang",bagus nih biar pecandu porno berkurang,positive
hzDavp3DQo4,Hai aku masih ada,hai aku masih ada,neutral
JrCe8CVR1KY,kalo umur 20 tahun boleh😅,kalo umur 20 tahun boleh,neutral
LSrWXE05LNY,Koruptor,koruptor,neutral
NzMXdwZm8B0,Tapi kan anak-anak udah ambil video yang benar lagian jugaItukan aktivitas kita sehari-hari 😢😢 ❤️💔😂,tapi kan anakanak udah ambil video yang benar lagian jugaitukan aktivitas kita seharihari,negative
2YHfX7PzVNM,OMON OMON,omon omon,neutral
p8p-sAq_hhI,Asukamupemrinta🤬🤬🤬💔991,asukamupemrinta991,negative
0Sa4S97M-uM,Saya sebagai penonton YouTube diblok 😢,saya sebagai penonton youtube diblok,negative
LSrWXE05LNY,udah ngerampas akun sok ngatur lagi,udah ngerampas akun sok ngatur lagi,negative
lM-QZ4uCXuk,prett 😂,prett,neutral
lM-QZ4uCXuk,SETUJU. KAPAN MULAI?,setuju kapan mulai,positive
lM-QZ4uCXuk,Ga papa ga main itu tapi kita bisa main mobiel legeens😊😂,ga papa ga main itu tapi kita bisa main mobiel legeens,neutral
19eKDDkJt6w,Ayo semua demo robot gak boleh dihapus!!!!!🤬🤬🤬,ayo semua demo robot gak boleh dihapus,negative
R1hQwelEGvU,epep bisa gak,epep bisa gak,neutral
0Sa4S97M-uM,Judi online blokir dulu...,judi online blokir dulu,neutral
Hy5rx58GES4,"Nah ini baru aturan yg bener,sangat se7",nah ini baru aturan yg benersangat se7,positive
LSrWXE05LNY,"youtube, titok salah apa aku suka banget ya sama youtube, tiktok ibu aku juga suka instagram,Facebook 🤬🤬🤬🤬😡😡😡😡👊👊👊👊",youtube titok salah apa aku suka banget ya sama youtube tiktok ibu aku juga suka instagramfacebook,negative
_M85Z0Beq_g,Gua ini ngetek tanggal 28 Maret 2026,gua ini ngetek tanggal 28 maret 2026,neutral
JrCe8CVR1KY,belajar muluu😭😭😭😭 aku cuman mau dihibur dengen hp napa dah😭😭😭😭😭,belajar muluu aku cuman mau dihibur dengen hp napa dah,negative
V_mvjaonG-w,"Amerika Eropa aja bebas main medsos malah jadi negara maju , lah indo kalo anak di batasi ntar gaptek kapan maju nya ini negara",amerika eropa aja bebas main medsos malah jadi negara maju lah indo kalo anak di batasi ntar gaptek kapan maju nya ini negara,negative
JrCe8CVR1KY,Ah rusak ini negara udah ga bener korup di biarkan warga di siksa gabener harusnya hanya membatasi vidio tidak benar bukan semua,ah rusak ini negara udah ga bener korup di biarkan warga di siksa gabener harusnya hanya membatasi vidio tidak benar bukan semua,negative
fX2bE5ecHy4,Mana ga ada?,mana ga ada,neutral
0Sa4S97M-uM,KORUPSI BELOM JUDI BELOM,korupsi belom judi belom,neutral
lM-QZ4uCXuk,sok ngatur😂,sok ngatur,negative
dVTaBKZLsds,Setuju ...,setuju,positive
hzDavp3DQo4,komdigi ajarkan: ilmu. sedangkan roblox: evade=saling menolong at a pizza place=cara menjadi tukang pizza   99 malam dihutan=cara  hidup di hutan obby trool= melatih kesabaran brookhaven=cara hidup,komdigi ajarkan ilmu sedangkan roblox evadesaling menolong at a pizza placecara menjadi tukang pizza 99 malam dihutancara hidup di hutan obby trool melatih kesabaran brookhavencara hidup,neutral
R1hQwelEGvU,Lu jangan Ngatur akun saya banyak konten HP kalo saya ulang buat baru akun jangan buat Gaduh saya dalah Gw gak Setuju,lu jangan ngatur akun saya banyak konten hp kalo saya ulang buat baru akun jangan buat gaduh saya dalah gw gak setuju,negative
TdyE62mSXx0,Gimana ini subs udh banyak mau blokir ya,gimana ini subs udh banyak mau blokir ya,negative
0Sa4S97M-uM,ingat ini dari tuhan bukan dari pemerintah untuk apa kita ikuti tikus berdasi<br>yang taunya korupsi korupsi korupsi ingat dedy mulyadi adalah pemerintah terbaik<br>minecraft saja di ak kalau game edukasi memang benar 100% bukan hanya bok* p boke* dan bok*p,ingat ini dari tuhan bukan dari pemerintah untuk apa kita ikuti tikus berdasiyang taunya korupsi korupsi korupsi ingat dedy mulyadi adalah pemerintah terbaikminecraft saja di ak kalau game edukasi memang benar 100 bukan hanya bok p boke dan bokp,negative
19eKDDkJt6w,Jangan dihapus roblox,jangan dihapus roblox,negative
R1hQwelEGvU,"negara luar yg lebih maju aja ga kayak gini😂, sosmed&quot; yang di batasi itu jga kan bsa buat belajar, nanti yang ga pernah sama sekali ikut&quot;an hal negatif juga harus pasrah, banyak banget hal yg di larang di negara ini, maju juga engga, banyak loh pejabat di negara ini yg korupsi, tapi ga dicegah tu?",negara luar yg lebih maju aja ga kayak gini sosmed yang di batasi itu jga kan bsa buat belajar nanti yang ga pernah sama sekali ikutan hal negatif juga harus pasrah banyak banget hal yg di larang di negara ini maju juga engga banyak loh pejabat di negara ini yg korupsi tapi ga dicegah tu,negative
V_mvjaonG-w,Aneh² ae coba koroptor yg di larang sembunyikan hasil koropsinya.,aneh ae coba koroptor yg di larang sembunyikan hasil koropsinya,negative
RsKRrIp--Mg,Bentar donlod youtube kids dulu,bentar donlod youtube kids dulu
vk2Ynj24qNA,"Aplikasinya kalau udah di batasi,kasih aplikasi yang disaranin sesuai umur kayak di china,rusia  mereka memboikot tapi kasih aplikasi pengganti yang aman dan baik",aplikasinya kalau udah di batasikasih aplikasi yang disaranin sesuai umur kayak di chinarusia mereka memboikot tapi kasih aplikasi pengganti yang aman dan baik,negative
C8XBDjbPNNU,Oh Begini Aja Komdigi Untuk Youtube Original Untung yg Berkeluarga dan Punya Dikasih Kode Sandi Aja Bisa Pola Bisa Nomor Nomor Akun.,oh begini aja komdigi untuk youtube original untung yg berkeluarga dan punya dikasih kode sandi aja bisa pola bisa nomor nomor akun,positive
2YHfX7PzVNM,Omon omon?,omon omon,neutral
Hy5rx58GES4,HOAX,hoax,neutral
vk2Ynj24qNA,Yaudah tinggal bikin akun baru aja yang umurnya lebih dari 16 tahun kita anak anai seperti aku praremaja aja udah tahu ya <br>Tapi semua masalah GK bisa diselesaiin dengan di nonaktifkan,yaudah tinggal bikin akun baru aja yang umurnya lebih dari 16 tahun kita anak anai seperti aku praremaja aja udah tahu ya tapi semua masalah gk bisa diselesaiin dengan di nonaktifkan,negative
OBb8iLYgMu4,Bahasa nya depan apa,bahasa nya depan apa,neutral
fX2bE5ecHy4,"Bu komdigi, udah subscribe channel komdigi tv",bu komdigi udah subscribe channel komdigi tv,neutral
LFfRhLKHdJA,sebentar lagi pemerintah mewajibkan punya surat izinnya 😂😂😂 bikinnya bayar 😂 UUD Ujung Ujungnya Duit 😂😂,sebentar lagi pemerintah mewajibkan punya surat izinnya bikinnya bayar uud ujung ujungnya duit,negative
dVTaBKZLsds,Bacot udah rusak otak anak anak gara gara hp baru kau bikin kayak gini,bacot udah rusak otak anak anak gara gara hp baru kau bikin kayak gini,positive
_M85Z0Beq_g,TikTok YouTube hingga roblox tidak masuk akun anak2 karena di bawah 16 tahun…😅,tiktok youtube hingga roblox tidak masuk akun anak2 karena di bawah 16 tahun,neutral
lM-QZ4uCXuk,FF di blokir ga😢,ff di blokir ga,neutral
lM-QZ4uCXuk,Kalo mau blokir minimal jangan Roblox ga guna lebih guna sawit lahan nya banyak sono tanem sawit bikin banjir tau yeu kocak😒,kalo mau blokir minimal jangan roblox ga guna lebih guna sawit lahan nya banyak sono tanem sawit bikin banjir tau yeu kocak,negative
LSrWXE05LNY,"Pemerintah larang judol dan korupsi  malah larang kesenangan anak anak dasar manusia tidak punya otak anak anak adalah sebuah kesenangan dan kegembiraan tapi dihancurkan oleh kalian kenapa harus begini kami saja sudah cape cape berjuang kenapa kita malah di salahi,bukannya orang dewasa lebih tidak waras dari pada anak anak,saya aja bikin konten  di saranin orang tua saya biar ga aneh aneh ,dan juga aku sudah capek capek buat tapi malah dapet berita seperti ini<br>CEPAT GAGAL RESMIKAN ANAK ANAK PUNYA MEDSOS<br>BIARKAN MEREKA SENANG",pemerintah larang judol dan korupsi malah larang kesenangan anak anak dasar manusia tidak punya otak anak anak adalah sebuah kesenangan dan kegembiraan tapi dihancurkan oleh kalian kenapa harus begini kami saja sudah cape cape berjuang kenapa kita malah di salahibukannya orang dewasa lebih tidak waras dari pada anak anaksaya aja bikin konten di saranin orang tua saya biar ga aneh aneh dan juga aku sudah capek capek buat tapi malah dapet berita seperti inicepat gagal resmikan anak anak punya medsosbiarkan mereka senang,negative
V_mvjaonG-w,"Sangat setuju , Karena merusak  mata dan kerusakan moral anak  bangsa kita . Trmksh kalau berita ini benar adanya .",sangat setuju karena merusak mata dan kerusakan moral anak bangsa kita trmksh kalau berita ini benar adanya,positive
JrCe8CVR1KY,tidakkkkk umur saya 7 tahun😢😢😭😭😭😭😭😭😭😭,tidakkkkk umur saya 7 tahun,negative
viGBwFO3nDA,Hoax ini,hoax ini,neutral
RsKRrIp--Mg,Kalo aku mau seharusnya jgn di bawah 16 Krn di sekolah gw kalo kls 6 udh tka dan kls 6 umurnya 12 seharusnya dibawah 9-10 atau 11-12 di nonaktifkan lebih bagus,kalo aku mau seharusnya jgn di bawah 16 krn di sekolah gw kalo kls 6 udh tka dan kls 6 umurnya 12 seharusnya dibawah 910 atau 1112 di nonaktifkan lebih bagus,negative
vk2Ynj24qNA,Yah... Udah susah susah dapet 200 subcribe akhirnya harus quit,yah udah susah susah dapet 200 subcribe akhirnya harus quit,negative
tuaZNgn2rcc,Pertanyaan:<br>1. Selama ini ortu melakukan apa ya untuk mengawasi dan membimbing anak-anaknya?<br>2. Ibu ini juga sebelum menjabat melakukan apa ya untuk mengawasi dan membimbing anak-anaknya?<br>3. Judol kenapa belum selesai kasusnya?,pertanyaan1 selama ini ortu melakukan apa ya untuk mengawasi dan membimbing anakanaknya2 ibu ini juga sebelum menjabat melakukan apa ya untuk mengawasi dan membimbing anakanaknya3 judol kenapa belum selesai kasusnya,negative
TdyE62mSXx0,"Terus kita hiburan nya gimana,😡😡😡😡😡😡😡😡😡😡😡😡😡😡😡😡😡😡😡😡😡😡😡😡🤬🤬🤬🤬",terus kita hiburan nya gimana,negative
LFfRhLKHdJA,"*<br>MENTERI TANPA HIJAB?????DEMI TOLOLRANSI???? BISA JADI DIA NON ISLAM??,,*",menteri tanpa hijabdemi tololransi bisa jadi dia non islam,neutral
nVMFsgHRcnY,Semua game boleh asal jangan whatsapp soalnya ada grup sekolah 😢,semua game boleh asal jangan whatsapp soalnya ada grup sekolah,positive
V_mvjaonG-w,"Kalau pakai KTP dan verifikasi wajah gw rasa celanya kecil, tapi mirip mirip  pinjol ya 😂😂😂😂😂",kalau pakai ktp dan verifikasi wajah gw rasa celanya kecil tapi mirip mirip pinjol ya,positive
KFR9jjVi1D4,Dengan cara begitu tidak Efektif kasihan anak2 tidak bisa menggunakan media sosial segala macam peraturan pemerintah tidak setuju <br>Uruslah perekonomian untuk Rakyat kita masih banyak pengangguran dan kelaparan 😢😢,dengan cara begitu tidak efektif kasihan anak2 tidak bisa menggunakan media sosial segala macam peraturan pemerintah tidak setuju uruslah perekonomian untuk rakyat kita masih banyak pengangguran dan kelaparan,negative
OTk4HFU-xn8,"<i>Kenapa gw bilang ini percuma? Sebab yang namanya medsos tidak pernah cek KTP dll mulai dari pendaftaran akun baru (pembuatan awal), cuma minta Gmail, seperti Facebook, dan lainnya, jadi orang dengan mudahnya tinggal daftar aja pake Gmail, usia bisa dikarang di Gmail, tgl lahir, dll, dan anehnya menurut gw, walaupun pembatasan ini resmi diberlakukan, bagaimana cara pemerintah bisa tau bahwa yang pakai medsos bukan bocil di bawah umur, sebab gw buka aja di sini ya rahasianya, aplikasi Weelife juga bocil banyak yang pake tapi banyak yang nyamar jadi umur 18 tahun, terus ajak gandengan tangan dan pelukan sama gw di game, pas gw tanya umur brp, ternyata 14 thn. Malah ada yang 12. Lahh gw pacaran sama bocil ternyata. Itu sebabnya gw bilang percuma pemerintah mau membatasi bagaimana pun, sebab di game itu bisa nyamar jadi org dewasa dan bisa pelukan, ciuman bahkan di game.</i><br><br><i>bahkan saat gw ngetik tulisan ini, apps nya masih ada di HP gw.</i>",kenapa gw bilang ini percuma sebab yang namanya medsos tidak pernah cek ktp dll mulai dari pendaftaran akun baru pembuatan awal cuma minta gmail seperti facebook dan lainnya jadi orang dengan mudahnya tinggal daftar aja pake gmail usia bisa dikarang di gmail tgl lahir dll dan anehnya menurut gw walaupun pembatasan ini resmi diberlakukan bagaimana cara pemerintah bisa tau bahwa yang pakai medsos bukan bocil di bawah umur sebab gw buka aja di sini ya rahasianya aplikasi weelife juga bocil banyak yang pake tapi banyak yang nyamar jadi umur 18 tahun terus ajak gandengan tangan dan pelukan sama gw di game pas gw tanya umur brp ternyata 14 thn malah ada yang 12 lahh gw pacaran sama bocil ternyata itu sebabnya gw bilang percuma pemerintah mau membatasi bagaimana pun sebab di game itu bisa nyamar jadi org dewasa dan bisa pelukan ciuman bahkan di gamebahkan saat gw ngetik tulisan ini apps nya masih ada di hp gw,negative
vk2Ynj24qNA,bang aku umur 16 tahun aku bocil yahhhhh😢 di hapus beratih😭😭😭😭😭😭😭😭😭😭😭😭,bang aku umur 16 tahun aku bocil yahhhhh di hapus beratih,neutral
_M85Z0Beq_g,Anomali :<br> bikin akun lagi <br>ganti umur <br>pakai akun ayah / ibu,anomali bikin akun lagi ganti umur pakai akun ayah ibu,neutral
NzMXdwZm8B0,Ih peraturan gak jelas 😡,ih peraturan gak jelas,negative
vk2Ynj24qNA,"Good job! walaupun hasilnya seperti apa setidaknya negara hadir dalam hal ini. Oya selain medsos juga knalpot brong yg dipasang di motor yg mana banyak anak abg bahkan di bawah umur kebut kebutan dan mengganggu ketenangan dan hak masyarakat untuk dapat hidup nyaman di lingkungannya. Knalpot brong harus diberantas melalui kerjasama Menkeu, Mendag dan Kepolisian, toko toko spare part dan bengkel bengkel harus dikenakan sanksi dan denda yg jika dihitung lumayan utk pemasukan negara. Razia di rumah rumah kontrakan dan kost itu banyak motor knalpot brong di sana. Pasang mata mata memantau toko spare part dan bengkel yg memasang knalpot brong, lumayan hasilnya untuk pemasukan negara sekalian memberantas hal hal mudarat di masayarakat.",good job walaupun hasilnya seperti apa setidaknya negara hadir dalam hal ini oya selain medsos juga knalpot brong yg dipasang di motor yg mana banyak anak abg bahkan di bawah umur kebut kebutan dan mengganggu ketenangan dan hak masyarakat untuk dapat hidup nyaman di lingkungannya knalpot brong harus diberantas melalui kerjasama menkeu mendag dan kepolisian toko toko spare part dan bengkel bengkel harus dikenakan sanksi dan denda yg jika dihitung lumayan utk pemasukan negara razia di rumah rumah kontrakan dan kost itu banyak motor knalpot brong di sana pasang mata mata memantau toko spare part dan bengkel yg memasang knalpot brong lumayan hasilnya untuk pemasukan negara sekalian memberantas hal hal mudarat di masayarakat,positive
aZEtsruDoQc,Yg pake akun bapak?,yg pake akun bapak,neutral
fX2bE5ecHy4,Jd gila ank skrg gara² hp otak jd ancur g mikirin masa depan.<br>Pemerintah pk presiden hrs tegas ank skrg cmn ngerti main geme dihp.<br>Sejarah zaman dl g ngerti klu ditanya.,jd gila ank skrg gara hp otak jd ancur g mikirin masa depanpemerintah pk presiden hrs tegas ank skrg cmn ngerti main geme dihpsejarah zaman dl g ngerti klu ditanya,positive
nVMFsgHRcnY,"As a young content creator, this law (PP Tunas/Reg No. 9) feels like a &#39;blanket ban&#39; that ignores the positive side of the internet. For many of us, these platforms aren&#39;t just for &#39;scrolling&#39;—they are where we could build international friendships, learn digital skills, and find our community, i have a Suggestion, Instead of deactivating accounts on March 28, why not focus on &#39;Safety-by-Design&#39;? We want platforms that remove addictive algorithms and predatory content, but let us keep our voices and our friends. You can’t protect our future by cutting us off from the digital world we’ll eventually have to lead&quot;",as a young content creator this law pp tunasreg no 9 feels like a blanket ban that ignores the positive side of the internet for many of us these platforms arent just for scrollingthey are where we could build international friendships learn digital skills and find our community i have a suggestion instead of deactivating accounts on march 28 why not focus on safetybydesign we want platforms that remove addictive algorithms and predatory content but let us keep our voices and our friends you cant protect our future by cutting us off from the digital world well eventually have to lead,negative
tuaZNgn2rcc,Assalamualaikum komdigi kalo liat ini atongga siapa kek<br>Aku ingin memberi pendapatku<br>Sejujurnya menurut saya ini tidak betul betul berguna karena banyak anak anak memiliki bakat dari media sosial seperti animasi coding dll kebetulan saya lagi belajar animasi di Roblox studio jadi mohon revisi ulang peraturannya,assalamualaikum komdigi kalo liat ini atongga siapa kekaku ingin memberi pendapatkusejujurnya menurut saya ini tidak betul betul berguna karena banyak anak anak memiliki bakat dari media sosial seperti animasi coding dll kebetulan saya lagi belajar animasi di roblox studio jadi mohon revisi ulang peraturannya,negative
LFfRhLKHdJA,"mungkin bisa efektif kalo aplikasi yg bersifat 18 tahun &gt; dihapus total.kyk  aplikasi pink,ijo,ungu.supaya mental dan perilaku anak2 tidak parah 😱",mungkin bisa efektif kalo aplikasi yg bersifat 18 tahun dihapus totalkyk aplikasi pinkijoungusupaya mental dan perilaku anak2 tidak parah,positive
R1hQwelEGvU,"Ku doa, in   Semoga kamu dan tim pendek umur amiin 😇😇😇",ku doa in semoga kamu dan tim pendek umur amiin,negative
nVMFsgHRcnY,asalamualaikum warahmatullahi wabarakatuh aku dari komunitas bocil memang butuh belajar tapi mengerjakan pr itu juga ada dari hape kalo kayak gitu buat apa ada hape kalo korupsi judi dan penyuapan hukum 🤬,asalamualaikum warahmatullahi wabarakatuh aku dari komunitas bocil memang butuh belajar tapi mengerjakan pr itu juga ada dari hape kalo kayak gitu buat apa ada hape kalo korupsi judi dan penyuapan hukum,negative
fX2bE5ecHy4,Aku bisa bahasa inggris ngejalanin kereta dari Roblox dan aku suka liatin adzan di Indonesia,aku bisa bahasa inggris ngejalanin kereta dari roblox dan aku suka liatin adzan di indonesia,negative
19eKDDkJt6w,ff ml di blokir enggak,ff ml di blokir enggak,neutral
0Sa4S97M-uM,"Peraturan mulai,tp sekolah mau online",peraturan mulaitp sekolah mau online,negative
xOLutbfafBo,"apa apaan dah hp hp sendiri yang beli orang tua kok yang ngatur pemerintah, kita juga butuh medsos buat belajar hp hp nya siapa yang ngatur pemerintah",apa apaan dah hp hp sendiri yang beli orang tua kok yang ngatur pemerintah kita juga butuh medsos buat belajar hp hp nya siapa yang ngatur pemerintah,negative
RsKRrIp--Mg,"Nahh ini karna abg nya bahas nya kurang jelas ini yang tepat, di google ada yang bilang itu berita (HOAKS) dan yang lebih aneh komdigi yang post tapi ada tulisan kecil(tiktok, YouTube, bigo live, roblox, Instagram, dll)akan di nonaktifkan tapii bukan blok YouTube dan dll tapi blok akun anak di bawah 16 th nahhh itu yang lebih jelass",nahh ini karna abg nya bahas nya kurang jelas ini yang tepat di google ada yang bilang itu berita hoaks dan yang lebih aneh komdigi yang post tapi ada tulisan keciltiktok youtube bigo live roblox instagram dllakan di nonaktifkan tapii bukan blok youtube dan dll tapi blok akun anak di bawah 16 th nahhh itu yang lebih jelass,neutral
0Sa4S97M-uM,Knapa gak dari dulu bluk,knapa gak dari dulu bluk,positive
_M85Z0Beq_g,Roblox gak dibolehin roblox delta solusinya link nya gk gw kasih nanti pemerintah tau kan dia bego,roblox gak dibolehin roblox delta solusinya link nya gk gw kasih nanti pemerintah tau kan dia bego,neutral
p8p-sAq_hhI,Gak bisa main sosial,gak bisa main sosial,neutral
iLERE4VmtZc,Judol gak lu blokir pea😂,judol gak lu blokir pea,negative
tuaZNgn2rcc,Pilih pilih aplikasi,pilih pilih aplikasi,neutral
TdyE62mSXx0,Gw umur 40 tapi di FB jadi 16 tahun ..gimana itu coba padahal di setingan profil awal sesuai tahun kelahiran tiba2 berubah,gw umur 40 tapi di fb jadi 16 tahun gimana itu coba padahal di setingan profil awal sesuai tahun kelahiran tiba2 berubah,neutral
tuaZNgn2rcc,authentication bgmn?,authentication bgmn,neutral
V_mvjaonG-w,Biasanya kebanyakan pelajar,biasanya kebanyakan pelajar,neutral
LFfRhLKHdJA,Judol dan pinjol masih berjaya,judol dan pinjol masih berjaya,negative
iLERE4VmtZc,Bu ujian nya pakai intragam dan daftar sekolah juga,bu ujian nya pakai intragam dan daftar sekolah juga,negative
LFfRhLKHdJA,"Hapus tiktok juga game online,sudah sakit parah kok baru diobati,masa corona dulu saya pribadi sudah mengeluhkan hal itu,sekarang lihatlah akibatnya.",hapus tiktok juga game onlinesudah sakit parah kok baru diobatimasa corona dulu saya pribadi sudah mengeluhkan hal itusekarang lihatlah akibatnya,positive
NzMXdwZm8B0,Cok hoax cok,cok hoax cok,neutral
R1hQwelEGvU,Woy judol lu gak banned kasian Tuh yang bikin roblox,woy judol lu gak banned kasian tuh yang bikin roblox,negative
RsKRrIp--Mg,Youtube gak salah apa apa wok kalau emang ada chennel yang salah ya blokir aja,youtube gak salah apa apa wok kalau emang ada chennel yang salah ya blokir aja,negative
tuaZNgn2rcc,Yang penting situs judol masih boleh kan? Pemerintah koplak,yang penting situs judol masih boleh kan pemerintah koplak,negative
nVMFsgHRcnY,Hoaks tuh jangan percaya,hoaks tuh jangan percaya,neutral
lM-QZ4uCXuk,lu gak tau Roblox ya? dulu buat belajar tapi makin lama pindah ke game tapi hal kreasi masih ada!,lu gak tau roblox ya dulu buat belajar tapi makin lama pindah ke game tapi hal kreasi masih ada,negative
iLERE4VmtZc,gk percaya hari ini udh tanggal 28 maret hoaxxxx,gk percaya hari ini udh tanggal 28 maret hoaxxxx,neutral
NzMXdwZm8B0,Setuju biar bocil ngehina agama GK ada lagi akun nya di ilangin awokwok 😂😂😂😂😂 nangis loh bocil² tomlol yang suka rasis sok² ngerti politik bocil² juga,setuju biar bocil ngehina agama gk ada lagi akun nya di ilangin awokwok nangis loh bocil tomlol yang suka rasis sok ngerti politik bocil juga,positive
R1hQwelEGvU,Baru kali ini aku setuju dg kebijakan Pemerintah❤,baru kali ini aku setuju dg kebijakan pemerintah,positive
lM-QZ4uCXuk,Hai gw masih disini,hai gw masih disini,neutral
2BdXibzPPyc,Komdigi itu mamang jahat macam mana aku bisa main bareng sama temanku btw aku umur 9 😭😭😭😭😭😭😭😭😭😭😭😭😭😭😭😭😭😭😭😭😭😭😭😭😭😭😭😭😭😭siapa yang setuju medsos tidak di blokir,komdigi itu mamang jahat macam mana aku bisa main bareng sama temanku btw aku umur 9 siapa yang setuju medsos tidak di blokir,negative
aZEtsruDoQc,GAK SETUJU KOK GAME JUDI KAGAK KENA BODOH LU INI BUKAN BUAT KEAMANAN TAPI BIKIN ANAK STREES NANTI KALO ANAK NYA MALAH MAIN GAME JUDI KAN GAK LUCU MENDING LU NONAKTIFKAN GAME JUDI JUDI LEBIH BERBAHAYA LU BILANG LEBIH BAIK BAIK BAPAK KAU,gak setuju kok game judi kagak kena bodoh lu ini bukan buat keamanan tapi bikin anak strees nanti kalo anak nya malah main game judi kan gak lucu mending lu nonaktifkan game judi judi lebih berbahaya lu bilang lebih baik baik bapak kau,negative
OBb8iLYgMu4,Robolox🥹🥹🥹🥺🥺🥺😭😭😭,robolox,negative
vk2Ynj24qNA,Minimal pikir lah masa kami kerja keras mencapai tujuan itu gk mudah woy pikir lh jgn cuma ngomong doang,minimal pikir lah masa kami kerja keras mencapai tujuan itu gk mudah woy pikir lh jgn cuma ngomong doang,negative
RsKRrIp--Mg,Gak gua gak setuju 🥀🥀,gak gua gak setuju,negative
p8p-sAq_hhI,Pikirin judol dulu oy,pikirin judol dulu oy,negative
vk2Ynj24qNA,Judol belum diurusin jirr,judol belum diurusin jirr,negative
0Sa4S97M-uM,yg jelas2 judol merusak n bnyk korban smua lpisan msyrkat jd korbannya kok gk ditindaklanjuti woyyy,yg jelas2 judol merusak n bnyk korban smua lpisan msyrkat jd korbannya kok gk ditindaklanjuti woyyy,negative
LFfRhLKHdJA,Rakyat melarang cari presiden OMOM _OMON,rakyat melarang cari presiden omom omon,negative
C8XBDjbPNNU,Bagusss,bagusss,positive
C8XBDjbPNNU,Pemerintah gak ada otak gak semua nya kayak gitu 😡,pemerintah gak ada otak gak semua nya kayak gitu,negative
R1hQwelEGvU,Woiii yang bener aja masa gak boleh YouTube sama Roblox kan romblox sekarang gak bisa chat sama YouTube gak aneh aneh kecuali orang dewasa woiii kami masih anak kecil masih 13 tahun mana ada nonton begituan pliss jangan di lakukan praturan anehhh itu karena semua anak termasuk bayi juga kena blokir kalian bikin praturan yang bener dong masak gak nyambung gitu anak bayi ya gak bisa nonton YouTube jangan lakukan ituuuuu!!!!!,woiii yang bener aja masa gak boleh youtube sama roblox kan romblox sekarang gak bisa chat sama youtube gak aneh aneh kecuali orang dewasa woiii kami masih anak kecil masih 13 tahun mana ada nonton begituan pliss jangan di lakukan praturan anehhh itu karena semua anak termasuk bayi juga kena blokir kalian bikin praturan yang bener dong masak gak nyambung gitu anak bayi ya gak bisa nonton youtube jangan lakukan ituuuuu,negative
cqVq6jZn0CM,ya benar anak2 biar fokus pelajaranya GK bleh lain hp terus menerus bisa pikiranya Ter gangu,ya benar anak2 biar fokus pelajaranya gk bleh lain hp terus menerus bisa pikiranya ter gangu,positive
p8p-sAq_hhI,Secanggih apapun teknologi nya buat blokir akun dibawah 16 tahun tetep aja ke bobolan 🗿,secanggih apapun teknologi nya buat blokir akun dibawah 16 tahun tetep aja ke bobolan,negative
NzMXdwZm8B0,Aduh gimana umur ku udah 16 lagi gimana sedikit lagi mau 28 maret 2026😢😢,aduh gimana umur ku udah 16 lagi gimana sedikit lagi mau 28 maret 2026,negative
_M85Z0Beq_g,WEH ROBLOX ITU ADA EDUKASI NYA NAIK GUNUNG. URUSIN DULU TAURAN,weh roblox itu ada edukasi nya naik gunung urusin dulu tauran,negative
dVTaBKZLsds,"Yang jelas HP merusak anak anak bisa emang negara membatasi program yutup Gogel ingat rehabilitasi kena dampak HP ini sulit sembuh dari pada orang kena narkoba dan barang barang haram dipakai apakah negara ingin jerumusi generasi muda kedepan dengan pendidikan dering ,lebih aman menual dari pada elektronik ingat pencurian lebih banyak lewat elek tronik pembunuhan pun begitu mang kanya penting guru mendidik adap aklag prilaku diperatekkin langsung emang prokram elektronik bisa????!!!! Cuman tiori aja okesalam sadar",yang jelas hp merusak anak anak bisa emang negara membatasi program yutup gogel ingat rehabilitasi kena dampak hp ini sulit sembuh dari pada orang kena narkoba dan barang barang haram dipakai apakah negara ingin jerumusi generasi muda kedepan dengan pendidikan dering lebih aman menual dari pada elektronik ingat pencurian lebih banyak lewat elek tronik pembunuhan pun begitu mang kanya penting guru mendidik adap aklag prilaku diperatekkin langsung emang prokram elektronik bisa cuman tiori aja okesalam sadar,positive
viGBwFO3nDA,Yea,yea,neutral
19eKDDkJt6w,😠😠😠😠😠😠😡😠😠😠😡😡😠👎👎👎👎👎👎👎👎👎👎😠😠😠😡 sound system horeg,sound system horeg,negative
2BdXibzPPyc,Seharusnya tu yang batasi tu 11 atau 10 karena banyak anak² yang toxic sama bullying dan lain-lainnya.kenapa harus dibawah 16 sih😔🥀😭🙏,seharusnya tu yang batasi tu 11 atau 10 karena banyak anak yang toxic sama bullying dan lainlainnyakenapa harus dibawah 16 sih,negative
QDj0g7Xw2rg,Ehmm my subs? &quot;2&#39;16 rb subs&quot;,ehmm my subs 216 rb subs,negative
19eKDDkJt6w,Woi pemerintah,woi pemerintah,negative
aZEtsruDoQc,Tapi kenapa judi masi ada tapi 8 avikasa pasti di batasi tapi ada daera sumur cari air besing  gak bantu sama pemerita selama 80 tahu tapi ada youtuber yaitu bang widang bantu permuda cari air besir gimana sik pemerita gak bantu daera yang kesusaha cari air benii,tapi kenapa judi masi ada tapi 8 avikasa pasti di batasi tapi ada daera sumur cari air besing gak bantu sama pemerita selama 80 tahu tapi ada youtuber yaitu bang widang bantu permuda cari air besir gimana sik pemerita gak bantu daera yang kesusaha cari air benii,negative
iLERE4VmtZc,Saya mah oke oke saja tapi mungkin beberapa youtuber roleplay akan jadi tidak laku dan beberapa game akan bangkrut,saya mah oke oke saja tapi mungkin beberapa youtuber roleplay akan jadi tidak laku dan beberapa game akan bangkrut,positive
8i7X3KrGeF0,Lah gua umur 10 masih bisa main nih,lah gua umur 10 masih bisa main nih,neutral
R1hQwelEGvU,Ibarat anak kita mau makan ikan pasti kita ajarin jangan makan durinya bukan berarti gk boleh makan ikan. Nah jadi sama seharusnya dibatasi bukan di nonaktifkan,ibarat anak kita mau makan ikan pasti kita ajarin jangan makan durinya bukan berarti gk boleh makan ikan nah jadi sama seharusnya dibatasi bukan di nonaktifkan,negative
V_mvjaonG-w,TERLAMBATTT....,terlambattt,negative
LSrWXE05LNY,gak adil ini mah yang mau ikut demo ke pemerintah bawa senjata <br>👇<br>👇,gak adil ini mah yang mau ikut demo ke pemerintah bawa senjata,negative
R1hQwelEGvU,"Negara siapa sih ini, gk ngerti lagi I semua di larang pantes gk maju maju, negara yg lebih maju aja gk sampe kayak gini nya, pindah negara lah aku ke Jepang kali ya, di situ bebas damai, capek saya dengan kondisi indonesia ini😒😤",negara siapa sih ini gk ngerti lagi i semua di larang pantes gk maju maju negara yg lebih maju aja gk sampe kayak gini nya pindah negara lah aku ke jepang kali ya di situ bebas damai capek saya dengan kondisi indonesia ini,negative
tuaZNgn2rcc,tumben bhagia,tumben bhagia,positive
0Sa4S97M-uM,Hoaks bro 😂,hoaks bro,neutral
aZEtsruDoQc,Bentar lagi Roblox dihapus ❤🎉❤😂🎉❤😂🎉❤😂😂😂😂😂😂😂😂🎉🎉🎉🎉🎉🎉🎉🎉🎉🎉,bentar lagi roblox dihapus,positive
2BdXibzPPyc,semoga sekalian game gamenya dong agar anak bisa tau tujuan game apa karena masih banyak amak di game kayak fokus banget sampai kalo ga sesuai keinginan mereka bisa marah atau rasis. makasih ini cmn menurut saran saya saja.,semoga sekalian game gamenya dong agar anak bisa tau tujuan game apa karena masih banyak amak di game kayak fokus banget sampai kalo ga sesuai keinginan mereka bisa marah atau rasis makasih ini cmn menurut saran saya saja,positive
OBb8iLYgMu4,lah ini udah April  Roblox masih ada,lah ini udah april roblox masih ada,neutral
V_mvjaonG-w,"RAKYAT MENOLAK INI KOMDIGI,,ANAK INI ANAK KAMI,,TERSERAH KAMI KASIH HP ATAU LEPTOP,,,,KAMI MENOLAK,,LEBIH BAIK ANDA MENGURUSI MENU MBG",rakyat menolak ini komdigianak ini anak kamiterserah kami kasih hp atau leptopkami menolaklebih baik anda mengurusi menu mbg,negative
JrCe8CVR1KY,Woi Roblox kenapa harus diseret kenapa mobile legends aja mobile legends kan mainnya meledak-ledak,woi roblox kenapa harus diseret kenapa mobile legends aja mobile legends kan mainnya meledakledak,negative
V_mvjaonG-w,Dah telattt,dah telattt,negative
RsKRrIp--Mg,Yakin,yakin,neutral
OBb8iLYgMu4,demo demo demo biar anak anak bahagia untuk bermain gang setuju demo,demo demo demo biar anak anak bahagia untuk bermain gang setuju demo,negative
cqVq6jZn0CM,Iya sekarang kacau ga ada anak kecil sehabis tarawij di masjid dan mushola,iya sekarang kacau ga ada anak kecil sehabis tarawij di masjid dan mushola,positive
hzDavp3DQo4,Anak aman✅ anak stres👺,anak aman anak stres,negative
hzDavp3DQo4,"itu hanya hoax, pas aku bikin konten diyoutube tanggal 28 maret aku nggak ada diblokir akun aku",itu hanya hoax pas aku bikin konten diyoutube tanggal 28 maret aku nggak ada diblokir akun aku,neutral
NzMXdwZm8B0,Gak betul,gak betul,negative
TdyE62mSXx0,Laskar udah tanggal 28 goblok kok nggak sih apa jangan-jangan yang bikin aku sendiri ya kan aku gua kan pakai akun bapak gua,laskar udah tanggal 28 goblok kok nggak sih apa janganjangan yang bikin aku sendiri ya kan aku gua kan pakai akun bapak gua,negative
aZEtsruDoQc,"Namun yang tidak memakai buat keburukan ya gimana? Harusnya orang tua damping anak mereka, malah langsung diberi akses penuh tanpa mendampingi. Jadinya orang yang tidak memakai buat yang tidak baik jadi kena seperti saya.",namun yang tidak memakai buat keburukan ya gimana harusnya orang tua damping anak mereka malah langsung diberi akses penuh tanpa mendampingi jadinya orang yang tidak memakai buat yang tidak baik jadi kena seperti saya,negative
hzDavp3DQo4,GIMMICK GIMMICK PEMERINTAH SAJA INI HANYA MRNGGERTAK SAJA TANPA BERTINDAK  <br>Inpo lapor ketua <br>&quot;Jangan percaya dengan Janji Janji pemerintah karena PEMERINTAH ITU PEMBOHONG,gimmick gimmick pemerintah saja ini hanya mrnggertak saja tanpa bertindak inpo lapor ketua jangan percaya dengan janji janji pemerintah karena pemerintah itu pembohong,negative
0Sa4S97M-uM,"Anak itu lebih pintar dari pada ortunya , tinggal daftar pake akun ortu atau om nya kelar 😂",anak itu lebih pintar dari pada ortunya tinggal daftar pake akun ortu atau om nya kelar,negative
hzDavp3DQo4,Tapi udah lewat tanggal 28 maret akun ku aman aman aja🗿🗿,tapi udah lewat tanggal 28 maret akun ku aman aman aja,neutral
viGBwFO3nDA,Dibatasi doang kayaknya (kalo gw salah kasih tau),dibatasi doang kayaknya kalo gw salah kasih tau,neutral
R1hQwelEGvU,Wah Ini Beneran Gak Tanggal 28 Maret 2026 Usia Tahun 16 Tahun Roblox Dan YoTube Tiktok Dong 😭,wah ini beneran gak tanggal 28 maret 2026 usia tahun 16 tahun roblox dan yotube tiktok dong,negative
R1hQwelEGvU,"Kenapa di banned,para bocil yang sedang berusaha berkarya di banned<br><br>Kasihan, mereka sudah berusaha kreatif tapi pemerintah malah melarang. <br>Tapi kalo anak² yang dance² gak jelas baru gw setuju tapi, bagi para animator anak² kreatif jangan ya,anak² sekarang di usia dini(10+ tahun) sudah sangat kreatif membuat berbagai animasi. <br><br>Jadi tolong pertimbangkan",kenapa di bannedpara bocil yang sedang berusaha berkarya di bannedkasihan mereka sudah berusaha kreatif tapi pemerintah malah melarang tapi kalo anak yang dance gak jelas baru gw setuju tapi bagi para animator anak kreatif jangan yaanak sekarang di usia dini10 tahun sudah sangat kreatif membuat berbagai animasi jadi tolong pertimbangkan,negative
V_mvjaonG-w,Setuju!!,setuju,positive
19eKDDkJt6w,Gak jelas bener pengusaha kecil doang diperbesar harus sepele diperbesar juga nggak usah dilarang lah sama main ini kok daripada aku gak boleh main ditambah lagi ku kau,gak jelas bener pengusaha kecil doang diperbesar harus sepele diperbesar juga nggak usah dilarang lah sama main ini kok daripada aku gak boleh main ditambah lagi ku kau,negative
NzMXdwZm8B0,Hoax banget padahal,hoax banget padahal,neutral
DfYhY-bKsZI,Dasar gatau diri😡😡😡😡🤬🤬😡😡😡🤬😡🤬🤬😡😡🤬,dasar gatau diri,negative
Hy5rx58GES4,jangan dulu umur ku 20,jangan dulu umur ku 20,neutral
JrCe8CVR1KY,Gak boleh dong kan aku umur 13😢,gak boleh dong kan aku umur 13,negative
V_mvjaonG-w,ML enggak kan?,ml enggak kan,negative
19eKDDkJt6w,Katanya roblox jadi tambah bagus rupanya tambah burik😂😂,katanya roblox jadi tambah bagus rupanya tambah burik,neutral
_M85Z0Beq_g,Pemerintaha jangan coba kamu cari video 28 maret 2926 banyak yang sedih lho plisss jangannn😭😭,pemerintaha jangan coba kamu cari video 28 maret 2926 banyak yang sedih lho plisss jangannn,negative
xOLutbfafBo,Meskipun roblox gaada masih ada minecraft buat kita mainin,meskipun roblox gaada masih ada minecraft buat kita mainin,neutral
_M85Z0Beq_g,kan ada gotube ada twitch ada capcut,kan ada gotube ada twitch ada capcut,neutral
JrCe8CVR1KY,Noooo  😢😢😢,noooo,negative
2BdXibzPPyc,Gtw lagi ak mah,gtw lagi ak mah,neutral
iLERE4VmtZc,Anak2 ga sebodoh itu memasukan usia aslinya saat buat akun😅,anak2 ga sebodoh itu memasukan usia aslinya saat buat akun,negative
19eKDDkJt6w,Padahal bisa tes IQ,padahal bisa tes iq,neutral
LSrWXE05LNY,Sok ngatur,sok ngatur,negative
0Sa4S97M-uM,mengenai perlindungan anak sebetulnya biarlah orang tua masing2 yang menjaga.!<br>kenapa memberlakukan pembatasan PP MEDSOS &amp; LAIN2<br>anak2 itu berhak mau lihat dunia mereka baik medsos maupun lainnya.<br>karena sebagian ada konten yang mengedukasi.<br><br>dari pada pembatasan PP mending Berantas itu JUDI ONLINE Yang masih berkeliaran dimana2 yang merugikan masyarakat banyak kabar dimana2 yang berujung kekerasan hingga korban jiwa,mengenai perlindungan anak sebetulnya biarlah orang tua masing2 yang menjagakenapa memberlakukan pembatasan pp medsos lain2anak2 itu berhak mau lihat dunia mereka baik medsos maupun lainnyakarena sebagian ada konten yang mengedukasidari pada pembatasan pp mending berantas itu judi online yang masih berkeliaran dimana2 yang merugikan masyarakat banyak kabar dimana2 yang berujung kekerasan hingga korban jiwa,negative
fX2bE5ecHy4,"Kalau ini melindungi benar” melindungi, buktikan dulu efektif !",kalau ini melindungi benar melindungi buktikan dulu efektif,neutral
R1hQwelEGvU,😭😭😭😭 ko gitu mau di bolokir,ko gitu mau di bolokir,negative
TdyE62mSXx0,ba**t  kita juga butuh hibulan,bat kita juga butuh hibulan,negative
tuaZNgn2rcc,"Bohoong,, buktinya masih banyak anak2 di bawah 16 thn yg main tik tok",bohoong buktinya masih banyak anak2 di bawah 16 thn yg main tik tok,neutral
_M85Z0Beq_g,Mampus pemerintah sampah 😂,mampus pemerintah sampah,negative
p8p-sAq_hhI,Tapi kan hp bisa belajar dan bisa buat informasi di Indonesia sekarang lagian aku gak make buat² macam macam kok jahat bgt sih 🤨 kok korup GK di batasi kenapaaa judi GK di batasi kenapa hah??. Lagian juga bocil harus punya hak untuk bermain hp nah klo covid kan harus pake hp Why is the government evil?. Klo Roblox bisa belajar bahasa inggris loh. Yang setuju like 👍,tapi kan hp bisa belajar dan bisa buat informasi di indonesia sekarang lagian aku gak make buat macam macam kok jahat bgt sih kok korup gk di batasi kenapaaa judi gk di batasi kenapa hah lagian juga bocil harus punya hak untuk bermain hp nah klo covid kan harus pake hp why is the government evil klo roblox bisa belajar bahasa inggris loh yang setuju like,negative
fX2bE5ecHy4,yang bilang setuju fix gk waras masa orang mau nonton gk boleh perundungan lah cyber bulliying lah gk semua kayak gitu masa yang salah siapa yang kena juga siapa,yang bilang setuju fix gk waras masa orang mau nonton gk boleh perundungan lah cyber bulliying lah gk semua kayak gitu masa yang salah siapa yang kena juga siapa,negative
p8p-sAq_hhI,"Terimakasih pemerintah sudah memikirkan sejauh ini, <br>walaupun hasilnya kecil kemungkinan.<br> ttp setidaknya pemerintah sudah mengambil bagian",terimakasih pemerintah sudah memikirkan sejauh ini walaupun hasilnya kecil kemungkinan ttp setidaknya pemerintah sudah mengambil bagian,positive
RsKRrIp--Mg,"Bye bye kiddo 😂😂😂, finally",bye bye kiddo finally,positive
R1hQwelEGvU,Mbak nya rela dibenci anak² untuk memperbaiki mereka terimakasih banyak 🥹🥹🥹,mbak nya rela dibenci anak untuk memperbaiki mereka terimakasih banyak,positive
JrCe8CVR1KY,😢😢😢😢😢 toooooloooool,toooooloooool,negative
QDj0g7Xw2rg,Wuuuuu,wuuuuu,negative
vk2Ynj24qNA,Pikir kids pikirlah bodoh anak dibatasi coba koruptor itu dibiarkan lepas coba anak kebebasan anak diambil pikirlah bodoh,pikir kids pikirlah bodoh anak dibatasi coba koruptor itu dibiarkan lepas coba anak kebebasan anak diambil pikirlah bodoh,negative
hzDavp3DQo4,Bader anti marah 😎: jangan marah gw tabrak 📢,bader anti marah jangan marah gw tabrak,neutral
tuaZNgn2rcc,"PERATURAN GAK JELAS!! JUDI ONLINE AJ GK DI LARANG, SEDANGKAN GAME ROBLOX YG GK AD SALAH MALAH DI LARANG, PERATURAN GK JELAS!!",peraturan gak jelas judi online aj gk di larang sedangkan game roblox yg gk ad salah malah di larang peraturan gk jelas,negative
2BdXibzPPyc,Alah 😂,alah,neutral
p8p-sAq_hhI,Demo lagi g sih 🗿 <br><br><br>Yang setuju <br>                                           👇,demo lagi g sih yang setuju,negative
LSrWXE05LNY,Mirib kau majam krum tor,mirib kau majam krum tor,neutral
vk2Ynj24qNA,Woi kamu bohong saya masih bisa buka YouTube tanpa ada diblokir sama sekali dasar pembohong,woi kamu bohong saya masih bisa buka youtube tanpa ada diblokir sama sekali dasar pembohong,neutral
0Sa4S97M-uM,Judo tuhl yang paling meresahkan,judo tuhl yang paling meresahkan,negative
QDj0g7Xw2rg,"HEH IBUK TUA, KAMI NIH UDAH REMAJAAAAAA KAMI UDAH BUTUH SOSMED-SOSMED!! YAKALI ANAK 15 TAHUN NONTON YOUTUBE KIDS! LANGKAH TERBAIK BAPAK LO, UDAH TAU PEMBULIAN DARI KEMARIN KOK BARU LO NONAKTIF SIH!!!!",heh ibuk tua kami nih udah remajaaaaaa kami udah butuh sosmedsosmed yakali anak 15 tahun nonton youtube kids langkah terbaik bapak lo udah tau pembulian dari kemarin kok baru lo nonaktif sih,negative
hzDavp3DQo4,Ajin,ajin,neutral
p8p-sAq_hhI,"Buk, harus nya yang dibatasi itu cuma tiktok sama Facebook aja buk",buk harus nya yang dibatasi itu cuma tiktok sama facebook aja buk,negative
KFR9jjVi1D4,JUDOL DI BIARIN MEDSOS MALAH DI SALAHIN 😂,judol di biarin medsos malah di salahin,negative
vk2Ynj24qNA,Aaaaaaaah udah di Roblox g bisa chat tambah pusing anj 😡😡😡 aaaah aturan apa lagi coba sekarang makin parah,aaaaaaaah udah di roblox g bisa chat tambah pusing anj aaaah aturan apa lagi coba sekarang makin parah,negative
19eKDDkJt6w,Menurut kami semua ide kalian itu BODOH kalian GK sadar ap! Indonesia ini udh GK baik-baik saja,menurut kami semua ide kalian itu bodoh kalian gk sadar ap indonesia ini udh gk baikbaik saja,negative
iLERE4VmtZc,Tai knp gak dari umur 9 tahun,tai knp gak dari umur 9 tahun,negative
Hy5rx58GES4,"Syukur alhamdullah, bisa ada aturan ini.",syukur alhamdullah bisa ada aturan ini,positive
V_mvjaonG-w,"Semoga saja hal ini sejalan dengan pihak sekolah. <br><br>Karena banyak sekolah - sekolah yang berlomba - lomba upload aktivitas sekolah nya ke sosmed... <br><br>Bahkan tidak jarang pula, siswa - siswi nya diharuskan meng-upload aktivitas mereka ke sosmed.<br><br>Sekali lagi tujuannya sudah pasti sekolah tersebut agar semakin dikenal, tapi di sisi lain punya dampak yang berbeda... <br><br>Menjadi sebuah paradoks",semoga saja hal ini sejalan dengan pihak sekolah karena banyak sekolah sekolah yang berlomba lomba upload aktivitas sekolah nya ke sosmed bahkan tidak jarang pula siswa siswi nya diharuskan mengupload aktivitas mereka ke sosmedsekali lagi tujuannya sudah pasti sekolah tersebut agar semakin dikenal tapi di sisi lain punya dampak yang berbeda menjadi sebuah paradoks,positive
viGBwFO3nDA,MUAHAHAHA <br>tapi karena berita ini malah muncul komenan yang gw benci kayak:<br>&quot;sosmed langsung gercep giliran judol di diemin&quot;pffftt<br>Keknya gak tau berita dah dan gak tau istilah mati satu tumbuh seribu<br><br>Dan juga video nyenggol komdigi bikin gwww muakkk Ampe gw anggap generasi gagal pikiran gagal,muahahaha tapi karena berita ini malah muncul komenan yang gw benci kayaksosmed langsung gercep giliran judol di dieminpfffttkeknya gak tau berita dah dan gak tau istilah mati satu tumbuh seribudan juga video nyenggol komdigi bikin gwww muakkk ampe gw anggap generasi gagal pikiran gagal,neutral
QDj0g7Xw2rg,Judol woi,judol woi,negative
cqVq6jZn0CM,Gw rasanya mau pindah dari Indonesia kalo gini,gw rasanya mau pindah dari indonesia kalo gini,negative
hzDavp3DQo4,Lu urusin judol kon mana reting game gak jelas bagaimana bisa nukitashi kasih 3+,lu urusin judol kon mana reting game gak jelas bagaimana bisa nukitashi kasih 3,negative
19eKDDkJt6w,ff jangan 😢😢😢,ff jangan,neutral
0Sa4S97M-uM,"Tapi anak2 lebih pinter maen hp,aturan ini gak akn ngaruh",tapi anak2 lebih pinter maen hpaturan ini gak akn ngaruh,negative
R1hQwelEGvU,"Langkah terbaik? MATAMU,yang ada malah bikin anak2 DEPRESI",langkah terbaik matamuyang ada malah bikin anak2 depresi,negative
NzMXdwZm8B0,kapan diterapkan dan bagaimana langkah Hukumnya?,kapan diterapkan dan bagaimana langkah hukumnya,neutral
R1hQwelEGvU,Roblox di hapus lah judol kapan di hapus,roblox di hapus lah judol kapan di hapus,negative
tuaZNgn2rcc,Zaman sekarang anak baru lahir udah di buatin FACEBOOK  😂,zaman sekarang anak baru lahir udah di buatin facebook,neutral
viGBwFO3nDA,lantas bagaimana aku yang jualan online buat bantu orang tua,lantas bagaimana aku yang jualan online buat bantu orang tua,negative
0Sa4S97M-uM,Hei bahlil kata nya mau di blokir ayo cepetan,hei bahlil kata nya mau di blokir ayo cepetan,positive
OTk4HFU-xn8,Gile umur gue 7 bentar lagi tanggal 28 mati deh gue💀💀💀💀💀💀,gile umur gue 7 bentar lagi tanggal 28 mati deh gue,negative
QDj0g7Xw2rg,hoax ini ya kalau benar itu tinggal pakai hp ortu kan bisa,hoax ini ya kalau benar itu tinggal pakai hp ortu kan bisa,negative
lM-QZ4uCXuk,Bangga banget ya 😢,bangga banget ya,neutral
xOLutbfafBo,Ga setuju 😡,ga setuju,negative
_M85Z0Beq_g,Keinget mukena merah😢,keinget mukena merah,neutral
JrCe8CVR1KY,Tebak umur ku berapa,tebak umur ku berapa,neutral
8i7X3KrGeF0,Lawak😂 HOAX,lawak hoax,neutral
JrCe8CVR1KY,Judol nya gmn nihh??? 😂😂,judol nya gmn nihh,neutral
QDj0g7Xw2rg,Apasih kalo kami kok di blokir memang apa salahnya jika kami bikin vidio  gak lucu ajingggg,apasih kalo kami kok di blokir memang apa salahnya jika kami bikin vidio gak lucu ajingggg,negative
vk2Ynj24qNA,Kenapa sih marah marah teruss aku gak gerti woi tapi mama aku emang gak boleh nonton YouTube karena kan nanti ada adegan dewasa dan ini  roblox juga udah dilarang kan dan kamu tau arti ya pesti kamu tau arti roblox kan game bebas dan game online dan kenapa chat di roblox gak bisa karena cio roblox biar gak chat yang anek dan lagaran dan ini udah di resmi secepatnya tanggal 28 Maret 2026 kenpa sih kalian gak mau kan masih ada YouTube kids yang aman dan tidak ada adegan adegan dewasa dan yang anek anek      jadi itu aja untuk pengertian nya maaf kalo aku ada kesalahan ngomong  ya dan maaf lahir batin guisss assalamualaikum semua😊😊,kenapa sih marah marah teruss aku gak gerti woi tapi mama aku emang gak boleh nonton youtube karena kan nanti ada adegan dewasa dan ini roblox juga udah dilarang kan dan kamu tau arti ya pesti kamu tau arti roblox kan game bebas dan game online dan kenapa chat di roblox gak bisa karena cio roblox biar gak chat yang anek dan lagaran dan ini udah di resmi secepatnya tanggal 28 maret 2026 kenpa sih kalian gak mau kan masih ada youtube kids yang aman dan tidak ada adegan adegan dewasa dan yang anek anek jadi itu aja untuk pengertian nya maaf kalo aku ada kesalahan ngomong ya dan maaf lahir batin guisss assalamualaikum semua,positive
OBb8iLYgMu4,Woi itu cuman hoax Kamu ngapain dah bikin berita kayak gitu bikin aku marah nggak sih,woi itu cuman hoax kamu ngapain dah bikin berita kayak gitu bikin aku marah nggak sih,negative
fX2bE5ecHy4,Ganti akun saja,ganti akun saja,negative
viGBwFO3nDA,Emang Roblox sosmed?<br>Kan Roblox itu game bukan sosmed,emang roblox sosmedkan roblox itu game bukan sosmed,negative
V_mvjaonG-w,Bagus itu terus di laksanakan <br>Karna efek medsos yg sangat bahaya,bagus itu terus di laksanakan karna efek medsos yg sangat bahaya,positive
fX2bE5ecHy4,Urusin dulu tuh judi,urusin dulu tuh judi,negative
LFfRhLKHdJA,"Bagus walaupun terlambat , negara lain sdh terlebih dahulu mengambil langkah ini.",bagus walaupun terlambat negara lain sdh terlebih dahulu mengambil langkah ini,positive
0Sa4S97M-uM,Pak kominfo..sy usul ..sy minta masa berlaku quota Internet jangan berdasarkan hari..tp berdasarkan quota..krn sy pensiunan dan jg sepuh pengin menghemat uang..sy sll tersisa 3 gb..lgsg hangus..bgmn Pak.. tks banyak,pak kominfosy usul sy minta masa berlaku quota internet jangan berdasarkan haritp berdasarkan quotakrn sy pensiunan dan jg sepuh pengin menghemat uangsy sll tersisa 3 gblgsg hangusbgmn pak tks banyak,neutral
p8p-sAq_hhI,Pemerintah makan duit rakyat uuuuuuu yang setuju sini,pemerintah makan duit rakyat uuuuuuu yang setuju sini,negative
xOLutbfafBo,Paling nanti ada yang tantrum gak ada hp😭😭 sok asik anyjir,paling nanti ada yang tantrum gak ada hp sok asik anyjir,negative
tuaZNgn2rcc,Cara nya bagaimana sementara yang mengatur umur di saat pendaftaran user sendiri di jelaskan Bu menteri,cara nya bagaimana sementara yang mengatur umur di saat pendaftaran user sendiri di jelaskan bu menteri,neutral
19eKDDkJt6w,pliss jangan di blokir roblox 😭😭😭😭,pliss jangan di blokir roblox,negative
0Sa4S97M-uM,J-jadi chanell aku gmn?..<br>Aku sia&quot;bikin chanell....,jjadi chanell aku gmnaku siabikin chanell,negative
JrCe8CVR1KY,Gak adil banget anjir,gak adil banget anjir,negative
vk2Ynj24qNA,Ff dan ml Bu di lupa gimana di nonaktifkan,ff dan ml bu di lupa gimana di nonaktifkan,neutral
OTk4HFU-xn8,Apapun kebijakannya pasti ada yg nyinyir.,apapun kebijakannya pasti ada yg nyinyir,positive
DfYhY-bKsZI,Hoax hoaxx huuuuuuu😡😡😡😡,hoax hoaxx huuuuuuu,negative
dVTaBKZLsds,Batasi jadi teller dadakan  berbahaya,batasi jadi teller dadakan berbahaya,neutral
aZEtsruDoQc,Tapi masih ingat SAWIT,tapi masih ingat sawit,negative
RsKRrIp--Mg,Umur saya masih 9 tahun 😢😢😢😢😭😭,umur saya masih 9 tahun,negative
Hy5rx58GES4,Boleh aja asal jangan bedain usia aja kayak anak sama anak org dewasa sama org dewasa jangan diblokir,boleh aja asal jangan bedain usia aja kayak anak sama anak org dewasa sama org dewasa jangan diblokir,positive
0Sa4S97M-uM,Perusak tiba2 jadi pelindung 😅,perusak tiba2 jadi pelindung,negative
V_mvjaonG-w,"sangat setuju,sempat saya buat akun facebook,awalnya sayapun berat membuat akun apapun,tetapi karena dorongan teman kubuat juga,dan kututup sudah hampir 4 tahun,karena menurutku tidak memberi pengaruh positif,putrikupun kularang buat akun apapun,karena merusak,instagram katanya,untuk pertemanan sesama rekan sekolah katanya,lalu kubilang tetap mama awasi,karena sangat memberi pengaruh jelek,tiktoklah,benar-benar merusak.jadi kubilang,cuman WA saja,biar buat komunikasi.orang-orang diatas umur 16 tahun saja,bisa rusak karena akun-akun,apalagi dibawah umur 16 tahun,e....benar-benar rusak.",sangat setujusempat saya buat akun facebookawalnya sayapun berat membuat akun apapuntetapi karena dorongan teman kubuat jugadan kututup sudah hampir 4 tahunkarena menurutku tidak memberi pengaruh positifputrikupun kularang buat akun apapunkarena merusakinstagram katanyauntuk pertemanan sesama rekan sekolah katanyalalu kubilang tetap mama awasikarena sangat memberi pengaruh jelektiktoklahbenarbenar merusakjadi kubilangcuman wa sajabiar buat komunikasiorangorang diatas umur 16 tahun sajabisa rusak karena akunakunapalagi dibawah umur 16 tahunebenarbenar rusak,positive
TdyE62mSXx0,BERISIK UDAH TAU SAYA BAPAK BAPAK KALO KONTEN BAGAIMANA❓,berisik udah tau saya bapak bapak kalo konten bagaimana,negative
DfYhY-bKsZI,Pemerintah jahat hoooooooooo👎👎👎👎👎👎👎👎👎👎🥀🥀🥀🥀🥀🥀🥀🥀😡😡😡😡😡😡😡,pemerintah jahat hoooooooooo,negative
LSrWXE05LNY,Gua udah banyak robux gila lu mikir kids Roblox gue banyak gua udah 15 tahun awak nih ngantuk atur-atur ini pemerintah perampasan akun paksa,gua udah banyak robux gila lu mikir kids roblox gue banyak gua udah 15 tahun awak nih ngantuk aturatur ini pemerintah perampasan akun paksa,negative
cqVq6jZn0CM,"Permisi. .<br>Maaf.. namun KENAPA HARUS YOUTUBE JUGA...bagaimana perjuangan anak di bawah 16 tahun yg sudah mencapai 100k subs..hey..PENCAPAIAN SEPERTI ITU TIDAK MUDAH..maaf mungkin aku memang hanya anak kecil,,entah aku berhak bersuara atau tidak..tapi..yah<br>Hha..kmi hanya rakyat yg mengikuti aturan pemerintah<br>Maaf jika saya lancang..tpi memang itu kenyataan..kalian para orang tua (maafff sekali lagi jika lancang) hanya melihat sisi buruk kami bermain platform media sosial..memang sebagian dri kmi banyak yg menyalah gunakan media sosial..tpi huft..<br>Sudahlah..<br>Kmi anak² juga btuh hiburan.<br>Sekian sekali lagi maaf jika ada kata² yg tidak mengenakkan",permisi maaf namun kenapa harus youtube jugabagaimana perjuangan anak di bawah 16 tahun yg sudah mencapai 100k subsheypencapaian seperti itu tidak mudahmaaf mungkin aku memang hanya anak kecilentah aku berhak bersuara atau tidaktapiyahhhakmi hanya rakyat yg mengikuti aturan pemerintahmaaf jika saya lancangtpi memang itu kenyataankalian para orang tua maafff sekali lagi jika lancang hanya melihat sisi buruk kami bermain platform media sosialmemang sebagian dri kmi banyak yg menyalah gunakan media sosialtpi huftsudahlahkmi anak juga btuh hiburansekian sekali lagi maaf jika ada kata yg tidak mengenakkan,negative
OTk4HFU-xn8,"Memang perlu. Jaman dulu saat info msih dominan TV &amp; media cetak, ortu masih gampang kontrol konten untuk anak. Jaman sekarang kadang ortu2 gaptek, kalah sama anak2 dlm penggunaan gadget. Padahal kadang psikologis anak belum siap menerima konten yg terlalu bebas.",memang perlu jaman dulu saat info msih dominan tv media cetak ortu masih gampang kontrol konten untuk anak jaman sekarang kadang ortu2 gaptek kalah sama anak2 dlm penggunaan gadget padahal kadang psikologis anak belum siap menerima konten yg terlalu bebas,positive
RsKRrIp--Mg,woi anjing ini anak kecil juga lama lama gini demo nih 😡😡😡😡😡😡😡,woi anjing ini anak kecil juga lama lama gini demo nih,negative
_M85Z0Beq_g,GK setuju Roblox sama YouTube jangan,gk setuju roblox sama youtube jangan,negative
V_mvjaonG-w,Alkhamdulillah,alkhamdulillah,positive
iLERE4VmtZc,kelas:6 chinta Kakak<br>Ammar anak heta kelas: tk YouTube,kelas6 chinta kakakammar anak heta kelas tk youtube,neutral
R1hQwelEGvU,"Negara ini apa mau nya , kebijakan segini bagus nya malah gak di dukung dan malah dihujat",negara ini apa mau nya kebijakan segini bagus nya malah gak di dukung dan malah dihujat,negative
19eKDDkJt6w,Gob*og cok cepet join sok ngatur🧌🛝🪬🩻🫏🫛🪻🪼🪽🪿🫎🫚🪭🪮🪈🪈🪇🛜🪯🪸🪷🫘🫗🫙🛝🛞🛟🪬🪩🪫🫧🪪🪙🪅,gobog cok cepet join sok ngatur,negative
LSrWXE05LNY,Fndh4fheh🤬🤬🤬😡😡😡👊👊👊🤛🤛🤛🤛🤛💪💪💪💪,fndh4fheh,negative
NzMXdwZm8B0,"Aku tau ini baik untuk kita semua,tapi ada resiko juga yang malah membuat anak jadi susah berkembang.contoh contohnya seperti:<br><br>•Kreator kecil menghilang,Banyak anak kecil merintis mencari duit kecil kecilan,Dengan pemblokiran ini menimbulkan anak kecil mulai kehilang potensi besarnya.<br><br>•Edukasi jadi lebih terbatas,Banyak video video edukasi yang membantu anak bangsa kita contoh video edukasi,tutorial,dan sebagainya.Dengan pemblokiran ini menimbulkan anak kecil jadi susah dapat informasi atau bahkan harus cari informasi dari jauh banget.<br><br>•Platform lain lain akan mulai menghilang sedikit demi sedikit,Banyak sekali platform platform yang di isi anak kecil,Dengan kebijakan ini membuat platform tersebut mulai menghilang atau lebih parahnya platfor tersebut akan meninggalkan indonesia dan beralih ke negara lain yang membuat potensi indonesia berkurang drastis.<br><br>Pendapat aku soal kebijakan ini adalah:<br><br>Jangan diblokir tapi edukasi mendalam kepada anak anak,Contoh buat guru naik gaji dan mengajarkan anak untuk mengetahui apa bahaya media sosial.<br><br>Sekian denga saya mohon maaf aku bukan ahli atau semacamnya ini hanya perasaan dan pendapat saya saja mohon di dengar dan semoga bisa di komunikasikan.",aku tau ini baik untuk kita semuatapi ada resiko juga yang malah membuat anak jadi susah berkembangcontoh contohnya sepertikreator kecil menghilangbanyak anak kecil merintis mencari duit kecil kecilandengan pemblokiran ini menimbulkan anak kecil mulai kehilang potensi besarnyaedukasi jadi lebih terbatasbanyak video video edukasi yang membantu anak bangsa kita contoh video edukasitutorialdan sebagainyadengan pemblokiran ini menimbulkan anak kecil jadi susah dapat informasi atau bahkan harus cari informasi dari jauh bangetplatform lain lain akan mulai menghilang sedikit demi sedikitbanyak sekali platform platform yang di isi anak kecildengan kebijakan ini membuat platform tersebut mulai menghilang atau lebih parahnya platfor tersebut akan meninggalkan indonesia dan beralih ke negara lain yang membuat potensi indonesia berkurang drastispendapat aku soal kebijakan ini adalahjangan diblokir tapi edukasi mendalam kepada anak anakcontoh buat guru naik gaji dan mengajarkan anak untuk mengetahui apa bahaya media sosialsekian denga saya mohon maaf aku bukan ahli atau semacamnya ini hanya perasaan dan pendapat saya saja mohon di dengar dan semoga bisa di komunikasikan,negative
viGBwFO3nDA,Gimana ni kalo gak ada sosmed mau nonton tutorial gimana,gimana ni kalo gak ada sosmed mau nonton tutorial gimana,negative
LFfRhLKHdJA,Judol kapan di blokir,judol kapan di blokir,negative
_M85Z0Beq_g,"Dah lah padahal masih 1,61 subscriber blom dapat play button dah di blokir aja😢😢",dah lah padahal masih 161 subscriber blom dapat play button dah di blokir aja,negative
NzMXdwZm8B0,Masa gini doang di banned urusi judol aja,masa gini doang di banned urusi judol aja,negative
OBb8iLYgMu4,Dasar pemerintah oon,dasar pemerintah oon,negative
19eKDDkJt6w,Coba deh Jepang bisa sukses karna program game lohh,coba deh jepang bisa sukses karna program game lohh,negative
R1hQwelEGvU,"Terus kami mau nonton gimana?<br>Postingan MBG bermasalah gimana?<br>Kami mau bermain bersama teman gimana?<br>Kami mau saling ngobrol gimana?<br>Cara kami bersenang senang bagaimana?<br>Cara kami senang tanpa sosmed gimana?<br><br>Langkah terbaik? Ceh, terus langkah terbaik yang lu maksud ngehancurin kebahagiaan anak anak? Mental anak anak?",terus kami mau nonton gimanapostingan mbg bermasalah gimanakami mau bermain bersama teman gimanakami mau saling ngobrol gimanacara kami bersenang senang bagaimanacara kami senang tanpa sosmed gimanalangkah terbaik ceh terus langkah terbaik yang lu maksud ngehancurin kebahagiaan anak anak mental anak anak,negative
JrCe8CVR1KY,Gabisa liat YouTube 😢😢😢,gabisa liat youtube,negative
LFfRhLKHdJA,Pemerintah sok asik,pemerintah sok asik,negative
2BdXibzPPyc,Anj🤬,anj,negative
LFfRhLKHdJA,Masak level pemikirannya seperti ini? Masih di level ini ya? Astagaa... Padahal kebijakan ini gak efektif sama sekali... Tp masak cuman sebatas ini level pemikiran mereka?,masak level pemikirannya seperti ini masih di level ini ya astagaa padahal kebijakan ini gak efektif sama sekali tp masak cuman sebatas ini level pemikiran mereka,negative
RsKRrIp--Mg,"Sangat setuju dengan kebijaksanaan ini, kita sebagai orang bisa membina anak juga",sangat setuju dengan kebijaksanaan ini kita sebagai orang bisa membina anak juga,positive
QDj0g7Xw2rg,Guys benerin dulu shalat bukan perang sarung ataumaiin hp nonton yotube cari kepinteran mah di buku bukan di hp🗿🗿,guys benerin dulu shalat bukan perang sarung ataumaiin hp nonton yotube cari kepinteran mah di buku bukan di hp,positive
TdyE62mSXx0,bagus pemerintah supaya anak punya masa depan👍  palingan yang gk terima bocil bocil fomo 😹,bagus pemerintah supaya anak punya masa depan palingan yang gk terima bocil bocil fomo,positive
lM-QZ4uCXuk,"Trs gmn mau dgr sholawat? , biasa nya guru dk sekolah nyuruh cri di YouTube KLO udah gini gmn?, kmi juga butuh YouTube..",trs gmn mau dgr sholawat biasa nya guru dk sekolah nyuruh cri di youtube klo udah gini gmn kmi juga butuh youtube,negative
p8p-sAq_hhI,Jangan woi,jangan woi,negative
V_mvjaonG-w,Setuju sekali sy sebagai orang tua dari 2 anak😊,setuju sekali sy sebagai orang tua dari 2 anak,positive
_M85Z0Beq_g,Komdigi miskin,komdigi miskin,negative
TdyE62mSXx0,Patung aja aku sudah hapus Roblox dan Tik Tok,patung aja aku sudah hapus roblox dan tik tok,neutral
RsKRrIp--Mg,Singkat padat gak setuju,singkat padat gak setuju,negative
iLERE4VmtZc,Sistem error : warning warning warning warning warning warning warning warning of Roblox sistem error error,sistem error warning warning warning warning warning warning warning warning of roblox sistem error error,neutral
19eKDDkJt6w,Woy ayok demo berotak roblox youtube jang diban ayok demo😡😡😡😡😡😡😡😡😡😡😡😡😡,woy ayok demo berotak roblox youtube jang diban ayok demo,negative
viGBwFO3nDA,Singkat padat gw di bolehin ortu padahal 9 tahun🗿😹😹 kalau gak di bolehin bisa minta tolong Abang Abang gw juga mau kok,singkat padat gw di bolehin ortu padahal 9 tahun kalau gak di bolehin bisa minta tolong abang abang gw juga mau kok,negative
KIH6ZXRp9g0,Setuju dgn aturan ini,setuju dgn aturan ini,positive
tuaZNgn2rcc,Iklan judol juga urgent diberantas tapi kok tdk ada progress tindak lanjut dari Menteri ini😢,iklan judol juga urgent diberantas tapi kok tdk ada progress tindak lanjut dari menteri ini,negative
0Sa4S97M-uM,Tolong jgn berbelit-belit cukup memutuskan aplikasi mobilezen selesai.hanya permainan mobliezen yg bikin anak itu kecanduan tiada yg lain.,tolong jgn berbelitbelit cukup memutuskan aplikasi mobilezen selesaihanya permainan mobliezen yg bikin anak itu kecanduan tiada yg lain,negative
iLERE4VmtZc,"Saya sangat setuju dengan aturan ini bagi anak dibawah 16 tahun dilarang main sosmed<br><br>Jika ada anak yang ketahuan main sosmed, Komdigi wajib langsung blokir tanpa menunggu laporan",saya sangat setuju dengan aturan ini bagi anak dibawah 16 tahun dilarang main sosmedjika ada anak yang ketahuan main sosmed komdigi wajib langsung blokir tanpa menunggu laporan,positive
vk2Ynj24qNA,Terus aku upload konten nya gimana😭,terus aku upload konten nya gimana,negative
2YHfX7PzVNM,Baaacooot pemerintah agak dongggo kah?,baaacooot pemerintah agak dongggo kah,negative
hzDavp3DQo4,bacot😂,bacot,negative
19eKDDkJt6w,GW YG MAU JADI YOUTUBERS BELUM TERWUJUD KAN😭💔<br>Tidak mendukung Cita-cita Kita ini mah💔,gw yg mau jadi youtubers belum terwujud kantidak mendukung citacita kita ini mah,negative
2BdXibzPPyc,13-16 tahun kan? Bukan 12 tahun?,1316 tahun kan bukan 12 tahun,neutral
TdyE62mSXx0,Untuk free fire tidak Tek masuk,untuk free fire tidak tek masuk,neutral
JrCe8CVR1KY,Tidak Roblox kuuu,tidak roblox kuuu,negative
RsKRrIp--Mg,Udah gk ada game youtube gak ad teman lagi ff dihapus kan anjin∆,udah gk ada game youtube gak ad teman lagi ff dihapus kan anjin,negative
lM-QZ4uCXuk,saya akan kembali ke YouTube kids untuk menjadi orang biasa,saya akan kembali ke youtube kids untuk menjadi orang biasa,neutral
NzMXdwZm8B0,Tapi kalian harus sekolah ya,tapi kalian harus sekolah ya,neutral
C8XBDjbPNNU,Robloxnya aja di belokir permanen,robloxnya aja di belokir permanen,neutral
V_mvjaonG-w,baguslah ituu.... setuju banget salah satu lankah bagus untuk menyelamatkan anak bangsa smg terwujud segera aamiin,baguslah ituu setuju banget salah satu lankah bagus untuk menyelamatkan anak bangsa smg terwujud segera aamiin,positive
2YHfX7PzVNM,"Wehhh anak anak aja dilarang kenapa nih lagi STRES ya lama lama ni anak ² di indo bisa GILA ya kalau mau buat aturan jan gtu kali, logika nya dari mana nih",wehhh anak anak aja dilarang kenapa nih lagi stres ya lama lama ni anak di indo bisa gila ya kalau mau buat aturan jan gtu kali logika nya dari mana nih,negative
iLERE4VmtZc,"Btw, kenapa pemerintah mengatur anak yang dibawah usia 16 tahun dibatasi tetapi meminta izin kepada orang tuanya di Roblox saja? Padahal sama kyk pengaturan chat Roblox oleh si pak David Bazuki. Kalau akunnya dibawah usia 16 tahun dinonaktifkan malah jad bosan kyk penduduk di negara Rusia itu, Roblox dibanned oleh pak pemerintah di Rusia, saya tidak setuju kebijakan tersebut, ada yang anak dibawah usia 16 tahun membuat postingan dimedsos untuk memproteskan pemerintah. Saya adalah penggemar lift, tetapi saya filing liftnya di Roblox",btw kenapa pemerintah mengatur anak yang dibawah usia 16 tahun dibatasi tetapi meminta izin kepada orang tuanya di roblox saja padahal sama kyk pengaturan chat roblox oleh si pak david bazuki kalau akunnya dibawah usia 16 tahun dinonaktifkan malah jad bosan kyk penduduk di negara rusia itu roblox dibanned oleh pak pemerintah di rusia saya tidak setuju kebijakan tersebut ada yang anak dibawah usia 16 tahun membuat postingan dimedsos untuk memproteskan pemerintah saya adalah penggemar lift tetapi saya filing liftnya di roblox,negative
0Sa4S97M-uM,"Mentri komdigi dulu mentri judol, entah yg sekarang, mungkin sama juga.",mentri komdigi dulu mentri judol entah yg sekarang mungkin sama juga,negative
iLERE4VmtZc,dahlah nyawit nih orang,dahlah nyawit nih orang,negative
R1hQwelEGvU,"Good job! walaupun hasilnya seperti apa setidaknya negara hadir dalam hal ini. Oya selain medsos juga knalpot brong yg dipasang di motor yg mana banyak anak abg bahkan di bawah umur kebut kebutan dan mengganggu ketenangan dan hak masyarakat untuk dapat hidup nyaman di lingkungannya. Knalpot brong harus diberantas melalui kerjasama Menkeu, Mendag dan Kepolisian, toko toko spare part dan bengkel bengkel harus dikenakan sanksi dan denda yg jika dihitung lumayan utk pemasukan negara. Razia di rumah rumah kontrakan dan kost itu banyak motor knalpot brong di sana. Pasang mata mata memantau toko spare part dan bengkel yg memasang knalpot brong, lumayan hasilnya untuk pemasukan negara sekalian memberantas hal hal mudarat di masyarakat.",good job walaupun hasilnya seperti apa setidaknya negara hadir dalam hal ini oya selain medsos juga knalpot brong yg dipasang di motor yg mana banyak anak abg bahkan di bawah umur kebut kebutan dan mengganggu ketenangan dan hak masyarakat untuk dapat hidup nyaman di lingkungannya knalpot brong harus diberantas melalui kerjasama menkeu mendag dan kepolisian toko toko spare part dan bengkel bengkel harus dikenakan sanksi dan denda yg jika dihitung lumayan utk pemasukan negara razia di rumah rumah kontrakan dan kost itu banyak motor knalpot brong di sana pasang mata mata memantau toko spare part dan bengkel yg memasang knalpot brong lumayan hasilnya untuk pemasukan negara sekalian memberantas hal hal mudarat di masyarakat,positive
0Sa4S97M-uM,tar lg wfh sekolah daring aturan koplak gmna mau cerdas dr awal sudah d bodohi lebih parah dr penjajah belanda KOM ODGJ...,tar lg wfh sekolah daring aturan koplak gmna mau cerdas dr awal sudah d bodohi lebih parah dr penjajah belanda kom odgj,negative
viGBwFO3nDA,Gw kelahiran 2010 tapi bulan oktober:<br>Nanggung Amat Dah,gw kelahiran 2010 tapi bulan oktobernanggung amat dah,neutral
p8p-sAq_hhI,Lalu kalohp itu monster kenapa orang tuangadi hp,lalu kalohp itu monster kenapa orang tuangadi hp,negative
OTk4HFU-xn8,Jangan kasih Hp sebelum anak masuk SMA ( Saya sangat setuju )jd tidak pakai di rumah atau sekolah<br>Namun orang tua juga harus beri contoh,jangan kasih hp sebelum anak masuk sma saya sangat setuju jd tidak pakai di rumah atau sekolahnamun orang tua juga harus beri contoh,positive
tuaZNgn2rcc,Akun punya org tuanya Yg pake anak nya.trus yg diblokir yg mana..,akun punya org tuanya yg pake anak nyatrus yg diblokir yg mana,neutral
NzMXdwZm8B0,Akun yutube anak ku hilang. Padahal isinya video2 Salawat. Ankki jadi nangis kerena video salawat dan video klip yg dibuatnya hilang beserta akunnya😢😢😢😢,akun yutube anak ku hilang padahal isinya video2 salawat ankki jadi nangis kerena video salawat dan video klip yg dibuatnya hilang beserta akunnya,negative
C8XBDjbPNNU,Biar anak sekarang ini biar punya moral mana yang jelek dan mana yang baik anak jaman sekarang kebanyakan tak punya sopan,biar anak sekarang ini biar punya moral mana yang jelek dan mana yang baik anak jaman sekarang kebanyakan tak punya sopan,positive
2YHfX7PzVNM,Terus cara aku nonton gimnaaaa,terus cara aku nonton gimnaaaa,negative
LSrWXE05LNY,Pemerintah harusnya judi bukan YouTube sama Roblox sama semuanya,pemerintah harusnya judi bukan youtube sama roblox sama semuanya,negative
R1hQwelEGvU,yg gitu aja gercep tapi judol malah di biarin 🙄,yg gitu aja gercep tapi judol malah di biarin,negative
OBb8iLYgMu4,Aku,aku,neutral
2BdXibzPPyc,Plis jangan roblox,plis jangan roblox,neutral
_M85Z0Beq_g,bisa gak si jangan di belokir aku bocil kalo misal nya ada bocil gak boleh main di luar gimana  kasih di bosen nati gak ada main dan pasti sertes gangan dong pelis,bisa gak si jangan di belokir aku bocil kalo misal nya ada bocil gak boleh main di luar gimana kasih di bosen nati gak ada main dan pasti sertes gangan dong pelis,negative
2YHfX7PzVNM,Iya telat kita nih<br>Wong china yang punya tiktok saya harus 17 plus baru boleh medsos,iya telat kita nihwong china yang punya tiktok saya harus 17 plus baru boleh medsos,negative
QDj0g7Xw2rg,Di mana daruratnya harusnya daruratnya di TV bukan di medsos,di mana daruratnya harusnya daruratnya di tv bukan di medsos,negative
vk2Ynj24qNA,Kita kan punya hak sebagai warga negara,kita kan punya hak sebagai warga negara,negative
C8XBDjbPNNU,Bersiap lah tahun ini akan demo anaj2 bangsa,bersiap lah tahun ini akan demo anaj2 bangsa,negative
NzMXdwZm8B0,"Judol dibiarin sosmed dihentiin,fomo pen jadi negara maju hdeh,kami setuju&quot; aja sosmed dibatasin lah ini judol dibiarin",judol dibiarin sosmed dihentiinfomo pen jadi negara maju hdehkami setuju aja sosmed dibatasin lah ini judol dibiarin,negative
OBb8iLYgMu4,FF Harus ya,ff harus ya,neutral
hzDavp3DQo4,Gays tenang yang pake akun google gak bakal di blokir,gays tenang yang pake akun google gak bakal di blokir,neutral
QDj0g7Xw2rg,Akhirnya komdigi berguna walau ada<br>Bocil bocil yg marah😂😂😂<br>Santai cil kita akan bertemu lagi,akhirnya komdigi berguna walau adabocil bocil yg marahsantai cil kita akan bertemu lagi,positive
RsKRrIp--Mg,Mending kill aja yt kids soalnya ada konten ga baik,mending kill aja yt kids soalnya ada konten ga baik,neutral
JrCe8CVR1KY,Merugikan bandar judol aja ditangkap 😮‍💨😮‍💨,merugikan bandar judol aja ditangkap,negative
RsKRrIp--Mg,Nggk setuju😢😢😢😢,nggk setuju,negative
fX2bE5ecHy4,PIKIR AJA BROOOO KAYAK MAKAN IKAN kerja ny orang tua itu musih ny ngajarin anaknya misahin yang tulang dan yang ikan bukan gabolehin makan ikan KLO gadibolehin maah emang udah aneh main boleh tapi kita juga musih ada hiburan orangtuanya juga yang musinya tanggung jawab<br><br><br><br><br>Funfact guys gw tuh bisa belajar inggris dari Roblox jangan sangka Roblox gak kasih ilmu,pikir aja broooo kayak makan ikan kerja ny orang tua itu musih ny ngajarin anaknya misahin yang tulang dan yang ikan bukan gabolehin makan ikan klo gadibolehin maah emang udah aneh main boleh tapi kita juga musih ada hiburan orangtuanya juga yang musinya tanggung jawabfunfact guys gw tuh bisa belajar inggris dari roblox jangan sangka roblox gak kasih ilmu,negative
2BdXibzPPyc,Dasarrrr,dasarrrr,negative
xOLutbfafBo,Kalok yang Utuk orang tua kayak mana dibhapus jugak,kalok yang utuk orang tua kayak mana dibhapus jugak,neutral
OTk4HFU-xn8,Ogah😠😈💩👹,ogah,negative
iLERE4VmtZc,Menutup akses medsos bukat anak2 baik akar mslhny anak2 ini tdk dididik mlhn pembiaran jk terdidik tdkseberapa parah anak2 selagi fihak sekolah tdk mendidik tindakan tdk akan berhasil,menutup akses medsos bukat anak2 baik akar mslhny anak2 ini tdk dididik mlhn pembiaran jk terdidik tdkseberapa parah anak2 selagi fihak sekolah tdk mendidik tindakan tdk akan berhasil,negative
2BdXibzPPyc,KIAMAT PERANG DUNIA 3 TERADI INDONESIA PERANG NUKLIR KIAMAMAT AKAN TERJADI SEBELUM WAKTUNYA INDONESIA KENA SEMUA DAN KENA SELURU DUNIA THE LAST WORLD 🤬🤬🤬🤬🤬🤬💣💣💣💣☠️☠️☠️☠️☠️☠️☠️☠️☠️☠️☠️☠️☠️☠️☠️☠️☠️☠️☠️☠️☠️☠️☠️☠️☠️☠️☠️☠️☠️☠️☠️☠️☠️☠️☠️☠️☠️☠️☠️☠️☠️☠️☠️☠️☠️☠️☠️☠️☠️☠️☠️☠️☠️☠️☠️☠️☠️☠️☠️☠️☠️☠️☠️☠️☠️☠️☠️☠️☠️,kiamat perang dunia 3 teradi indonesia perang nuklir kiamamat akan terjadi sebelum waktunya indonesia kena semua dan kena seluru dunia the last world,neutral
viGBwFO3nDA,Tapi anak2 juga butuh hiburan ajar dia menikmati dulu masa keculnya tapi teteap harus belajar😊😊,tapi anak2 juga butuh hiburan ajar dia menikmati dulu masa keculnya tapi teteap harus belajar,negative
TdyE62mSXx0,Hanya hoax ya daik2,hanya hoax ya daik2,neutral
LSrWXE05LNY,Plis jangan 😢😢😭🥺🥺,plis jangan,negative
R1hQwelEGvU,Aku bisa buka bloker YouTube,aku bisa buka bloker youtube,neutral
2BdXibzPPyc,Hadir Ke178 Tim Kompas Com.,hadir ke178 tim kompas com,neutral
0Sa4S97M-uM,Siap bu,siap bu,positive
TdyE62mSXx0,Main coc aja,main coc aja,neutral
2YHfX7PzVNM,"YA TANYALAH GBLK, TLL LU PALA E GEDE LU KNTRL",ya tanyalah gblk tll lu pala e gede lu kntrl,negative
OBb8iLYgMu4,Hoxs sekarak aja udah tangal 30,hoxs sekarak aja udah tangal 30,neutral
LFfRhLKHdJA,Tapi dia gak bisa binasakan judol...,tapi dia gak bisa binasakan judol,negative
C8XBDjbPNNU,Anak diberi bny mudratnya,anak diberi bny mudratnya,neutral
V_mvjaonG-w,Kami sebagai ortu <br>Sangat mendukung,kami sebagai ortu sangat mendukung,positive
tuaZNgn2rcc,Atiran blo on ..tetap aja bisa minjam hp teman ny bisa minjam hp ibu nya ...,atiran blo on tetap aja bisa minjam hp teman ny bisa minjam hp ibu nya,negative
DfYhY-bKsZI,Setujuh karena anak anak sudah terobsesi dengan tontonan 🔞,setujuh karena anak anak sudah terobsesi dengan tontonan,positive
JrCe8CVR1KY,bahkan youtuber dibawah umur juga sedih😔,bahkan youtuber dibawah umur juga sedih,negative
cqVq6jZn0CM,Terimakasih,terimakasih,positive
viGBwFO3nDA,"Eh tapi ad juga bbrp yg udh ngerti mana yg baik dan buruk, tetapi bbrp malah menantang diri untuk tampil yg beda membuat media sosial ribut sampai me teling pemerintah",eh tapi ad juga bbrp yg udh ngerti mana yg baik dan buruk tetapi bbrp malah menantang diri untuk tampil yg beda membuat media sosial ribut sampai me teling pemerintah,negative
NzMXdwZm8B0,Nggak jelas yang salah mukena pink yang kena 1 negara,nggak jelas yang salah mukena pink yang kena 1 negara,negative
RsKRrIp--Mg,Gw masih disini tuh,gw masih disini tuh,neutral
V_mvjaonG-w,"terus kapan pemerintah bikin aturan resmi pejabat koruptor di hukum mati atau aset disita dan di miskinkan serta SIM di berlakukan seumur hidup. yang sy lihat, kebijakan²  atau aturan atau program yg di buat hanya menguntungkan sepihak, salah satunya aturan hukum.",terus kapan pemerintah bikin aturan resmi pejabat koruptor di hukum mati atau aset disita dan di miskinkan serta sim di berlakukan seumur hidup yang sy lihat kebijakan atau aturan atau program yg di buat hanya menguntungkan sepihak salah satunya aturan hukum,negative
vk2Ynj24qNA,Ehm gini lo emang youtube banyak video 4no? Perasaan kagak ada deh,ehm gini lo emang youtube banyak video 4no perasaan kagak ada deh,negative
2YHfX7PzVNM,Masalah nya yang di pake hp orang tua nya<br>Gak ngepek apa apa jika sebatas membatasi akses data pendaptaran akun mah.,masalah nya yang di pake hp orang tua nyagak ngepek apa apa jika sebatas membatasi akses data pendaptaran akun mah,negative
LSrWXE05LNY,Itu cuma Hoax atau beneran 😮😮😮😮,itu cuma hoax atau beneran,neutral
TdyE62mSXx0,"<a href=""http://www.youtube.com/results?search_query=%23komdigiee"">#komdigiee</a>",a href,neutral
_M85Z0Beq_g,"Pemerintah sybau, pdhl sekolah saya pakai YouTube untuk belajar😭😭😭😭😭😭😭😭😭😭😭😡🤬😡😡🤬😡😡🤬😈👿👿😈👿👿👿👿👿👿⛄👿👿",pemerintah sybau pdhl sekolah saya pakai youtube untuk belajar,negative
NzMXdwZm8B0,guys guys jangan marah dulu tapi kata teman gua itu cuma fake siapa yang setuju disini<br>👇,guys guys jangan marah dulu tapi kata teman gua itu cuma fake siapa yang setuju disini,negative
0Sa4S97M-uM,URUS SANA JUDI ONLINE 😹🗿🗿🗿🗿,urus sana judi online,negative
OTk4HFU-xn8,Itu lebih baik daripada jadi anak anak sdm rendah,itu lebih baik daripada jadi anak anak sdm rendah,positive
RsKRrIp--Mg,Gaysssssssss berita pentinggg<br>Katanya gak jadi di banned karna dia udah klarifikasi soal ini,gaysssssssss berita pentingggkatanya gak jadi di banned karna dia udah klarifikasi soal ini,negative
2BdXibzPPyc,Ada fitur report di YouTube 😃😃😃😃👍,ada fitur report di youtube,negative
RsKRrIp--Mg,Dahlah GK bisa ngonten 🗿lagi,dahlah gk bisa ngonten lagi,negative
fX2bE5ecHy4,Tangkap judi tangkap dor jangan tangkap kami,tangkap judi tangkap dor jangan tangkap kami,negative
_M85Z0Beq_g,Kalo pake akun dibawah 2009 masih aman kan? 🤔,kalo pake akun dibawah 2009 masih aman kan,negative
C8XBDjbPNNU,Nggk punya kerja&#39;an😂😂😂😂,nggk punya kerjaan,negative
LFfRhLKHdJA,Terlambat kocak 😂,terlambat kocak,negative
fX2bE5ecHy4,ya allah pdhl game rblx game favorit aku😭,ya allah pdhl game rblx game favorit aku,negative
Hy5rx58GES4,Apakah kita masih bisa menonton walaupun tak punya akun,apakah kita masih bisa menonton walaupun tak punya akun,neutral
cqVq6jZn0CM,Setuju bnget krna skrang yg firal2 ank dibawah umur dimedia,setuju bnget krna skrang yg firal2 ank dibawah umur dimedia,positive
NzMXdwZm8B0,"Alhamdulillah ,.<br>Saya sangat setuju dengan aturan ini ,. Maju terus Indonesia ku ,. Untuk anak-anakku yang sabar ya ini untuk kebaikan kalian ❤🤗",alhamdulillah saya sangat setuju dengan aturan ini maju terus indonesia ku untuk anakanakku yang sabar ya ini untuk kebaikan kalian,positive
V_mvjaonG-w,Harus Semua Game online itu yg membuat keranjingan,harus semua game online itu yg membuat keranjingan,neutral
19eKDDkJt6w,Mikirlah kalau 16 tahun ke atas mereka kebanyakan memikirkan pelajaran yang semakin sulit justru banyak pemain yang dibawah 16 tahun sungguh merugikan orang yang sudah membuat aku pro dan tiba tiba dibanned aku saja pake age group aku 15 tahun malah jadi 9-12 tahun gajelas emang lama lama mentang mentang sudah sukses seenaknya banget 😡,mikirlah kalau 16 tahun ke atas mereka kebanyakan memikirkan pelajaran yang semakin sulit justru banyak pemain yang dibawah 16 tahun sungguh merugikan orang yang sudah membuat aku pro dan tiba tiba dibanned aku saja pake age group aku 15 tahun malah jadi 912 tahun gajelas emang lama lama mentang mentang sudah sukses seenaknya banget,negative
lM-QZ4uCXuk,Kalo beneran kita harus ngapain bengong gitu😢,kalo beneran kita harus ngapain bengong gitu,negative
RsKRrIp--Mg,Tpi kan kalu anak² tapi kalian harus sepakat ngeblokir juga judol,tpi kan kalu anak tapi kalian harus sepakat ngeblokir juga judol,negative
C8XBDjbPNNU,Setuju banget. <br>Lagian ngapain juga anak-anak punya medsos.,setuju banget lagian ngapain juga anakanak punya medsos,positive
R1hQwelEGvU,Respect untuk komdigi yang ingin mencerdaskan bangsa🫡🇮🇩🇮🇩,respect untuk komdigi yang ingin mencerdaskan bangsa,positive
viGBwFO3nDA,Anak anak juga memiliki hak untuk mendapatkan hiburan dan juga yang berguna untuk masa depan.Jika mau pemerintah ngeblokir hal hal yg dilarang untuk anak,anak anak juga memiliki hak untuk mendapatkan hiburan dan juga yang berguna untuk masa depanjika mau pemerintah ngeblokir hal hal yg dilarang untuk anak,negative
TdyE62mSXx0,Boong cuy🗿,boong cuy,neutral
Hy5rx58GES4,Gak boleh kalau aplikasinya kami di Batasin Batasin noh judol sama uang pajak kami,gak boleh kalau aplikasinya kami di batasin batasin noh judol sama uang pajak kami,negative
QDj0g7Xw2rg,"Tidak😠ini pasti tidak akan terjadi😠aku masih ingin melihay youtube,main roblox,melihat tiktok😠ini pasti tidak akan terjaaadiiiiiii!",tidakini pasti tidak akan terjadiaku masih ingin melihay youtubemain robloxmelihat tiktokini pasti tidak akan terjaaadiiiiiii,negative
DfYhY-bKsZI,Seharusnya kalau mau anak anak aman Ben atau blokir akun yang berbahaya,seharusnya kalau mau anak anak aman ben atau blokir akun yang berbahaya,negative
lM-QZ4uCXuk,Ingat kata pak gm,ingat kata pak gm,neutral
viGBwFO3nDA,"😢tapi kenapa,kenapa,kenapa,kenapa.....<br>JUDI GAK DI BLOK??",tapi kenapakenapakenapakenapajudi gak di blok,negative
R1hQwelEGvU,Ah giliran judol aja kagak,ah giliran judol aja kagak,negative
_M85Z0Beq_g,Bader: kamu jangan marah gw tonjok pemerintah kalo ga gw tabrak 📢🤬😡😠😤😒,bader kamu jangan marah gw tonjok pemerintah kalo ga gw tabrak,negative
OBb8iLYgMu4,Ngatur dunia jirr,ngatur dunia jirr,negative
hzDavp3DQo4,Komdongo😡😡😡😡,komdongo,negative
hzDavp3DQo4,Komdigi❌<br>Kontolgi✅,komdigikontolgi,negative
V_mvjaonG-w,Gw bisa mempertahankan diri 😂🗿,gw bisa mempertahankan diri,neutral
DfYhY-bKsZI,Lu kayak kabing jangkrikkk,lu kayak kabing jangkrikkk,negative
tuaZNgn2rcc,Cocok biar terarah generasi kita sangat benar,cocok biar terarah generasi kita sangat benar,positive
JrCe8CVR1KY,Trs kita klo misal mau ngerjain pr gmn klo gk ada ortu?,trs kita klo misal mau ngerjain pr gmn klo gk ada ortu,negative
_M85Z0Beq_g,Mending blokir yang konten dewasa aja ngapain yang gituan MIKIR KIDS,mending blokir yang konten dewasa aja ngapain yang gituan mikir kids,negative
Hy5rx58GES4,Untuk ada gotube,untuk ada gotube,negative
aZEtsruDoQc,YouTube enggak kan😢😢😢😢,youtube enggak kan,negative
lM-QZ4uCXuk,Dan knp Roblox masuk juga?..... <br>G bkl ada tmn aku KLO g ada Roblox karena aku susah bgt berteman...,dan knp roblox masuk juga g bkl ada tmn aku klo g ada roblox karena aku susah bgt berteman,negative
JrCe8CVR1KY,Woi pemerintah lu jangan gitu dong nanti anak anak stress gimana jangan gitu kalau mau blokir MENDING JUDI ATAU JUDOL AJA YANG DI BLOCKED KALAU GITU MENDING GW STRESS TRS JANTUNGAN MATI PEMERINTAH PEMERINTAH JANGAN GITU LAGI LAH PLSS,woi pemerintah lu jangan gitu dong nanti anak anak stress gimana jangan gitu kalau mau blokir mending judi atau judol aja yang di blocked kalau gitu mending gw stress trs jantungan mati pemerintah pemerintah jangan gitu lagi lah plss,negative
TdyE62mSXx0,demo,demo,negative
LSrWXE05LNY,"Heeeey pemerintah tholol <br>Banyak orang butuh hiburan kalo di batasi anak anak akan meninggal masal<br>Jangan dibatasi napa <br>YouTube,TikTok.roblox,x bisa buat belajar<br>Anak anak bisa belajar di yutebe apalagi nonton berita<br>Banyak orang dan yautuber gak terima pengadilan nya menurun<br>Jangan dibatasi napa pemerintah tholol🤬🤬🤬🤬🤬🤬🤬🤬🤬🤬🤬🤬🤬🤬🤬🤬🤬🤬🤬🤬🤬🤬🤬🤬🤬🤬<br>Yang gak setuju like",heeeey pemerintah tholol banyak orang butuh hiburan kalo di batasi anak anak akan meninggal masaljangan dibatasi napa youtubetiktokrobloxx bisa buat belajaranak anak bisa belajar di yutebe apalagi nonton beritabanyak orang dan yautuber gak terima pengadilan nya menurunjangan dibatasi napa pemerintah thololyang gak setuju like,negative
tuaZNgn2rcc,"Kalau menurut saya sih seharusnya aturannya dibatasi mulai usia 13 tahun atau usia SMP bukan 16 tahun, karena menurut saya mulai SMP itu sudah banyak beberapa hal yg memerlukan medsos, misal menggunakan youtube untuk media pembelajaran, bahkan peraturan dari salah satu medsos yaitu instagram juga menerapkan batasan usia minimal 13 tahun, dan jika kita memasukkan tanggal lahir dibawah 13 tahun maka akun kita langsung diblokir",kalau menurut saya sih seharusnya aturannya dibatasi mulai usia 13 tahun atau usia smp bukan 16 tahun karena menurut saya mulai smp itu sudah banyak beberapa hal yg memerlukan medsos misal menggunakan youtube untuk media pembelajaran bahkan peraturan dari salah satu medsos yaitu instagram juga menerapkan batasan usia minimal 13 tahun dan jika kita memasukkan tanggal lahir dibawah 13 tahun maka akun kita langsung diblokir,negative
C8XBDjbPNNU,Peduli apa gue?<br>Kalau otak lu masih setengah nonton Mimin TOPIC INDONESIA SONOO profesi saya juga sebagai pelukis saya mencoba gambar di game kreativitas saya menambah kek Lo dah hapus judol sok sok an hapus tanda tanda sukses lohh.<br><br>Gausah hapus gausah ngatur kayak donatur titik no koma.,peduli apa guekalau otak lu masih setengah nonton mimin topic indonesia sonoo profesi saya juga sebagai pelukis saya mencoba gambar di game kreativitas saya menambah kek lo dah hapus judol sok sok an hapus tanda tanda sukses lohhgausah hapus gausah ngatur kayak donatur titik no koma,negative
LSrWXE05LNY,PEMERINTAH BE LIKE BANGET 🗿🤬,pemerintah be like banget,negative
OBb8iLYgMu4,Jagan plisssssasa 😢😢😢😢😢😢😢😢😢😢😢 plisssssss Masyarakat,jagan plisssssasa plisssssss masyarakat,negative
2BdXibzPPyc,Main FF aja laa,main ff aja laa,neutral
viGBwFO3nDA,Jujur gw ketawa sih liat ini<br>Tinggal diubah tanda tanggal lahir selesai tuh<br>Pasti bisa kebuka sosmed😂😂😂,jujur gw ketawa sih liat initinggal diubah tanda tanggal lahir selesai tuhpasti bisa kebuka sosmed,negative
V_mvjaonG-w,Bodoh bngtt ortunya anak kecil masih belia sudah di berikan hp seharusnya anak segitu beri pemahaman kasih buku atau alquran agar mengembangkan ide&quot; yg cerdas bukan malah merusak otak karena kecanduan hp😢,bodoh bngtt ortunya anak kecil masih belia sudah di berikan hp seharusnya anak segitu beri pemahaman kasih buku atau alquran agar mengembangkan ide yg cerdas bukan malah merusak otak karena kecanduan hp,negative
xOLutbfafBo,Terus gua liat cara cara pas ada tugas seni kan gua liat nya di youtube,terus gua liat cara cara pas ada tugas seni kan gua liat nya di youtube,negative
0Sa4S97M-uM,Kita demo yuk,kita demo yuk.negative
p8p-sAq_hhI,belom di blokir kok,belom di blokir kok,neutral
DfYhY-bKsZI,SAYA TIDAK TERIMA!!!!!!!!!!!!!,saya tidak terima,negative
p8p-sAq_hhI,Baguslah👍👍👍👍,baguslah,positive
QDj0g7Xw2rg,Lah ini akun gw ga ke blok,lah ini akun gw ga ke blok,neutral
2YHfX7PzVNM,"kita tuh Indonesia, bukan Australia bukan Ingris, bukan Eropa lainya, ngapain ikut2 peraturan mereka yang gak penting, udah jelas2 itu jebakan pencurian data dengan memaksa mengunakan ID di social media hanya untuk membuktikan akun dewasa yang akan resiko pencurian dan penjualan data dan doxing itu illegal di Indonesia jadi ngapain kita berlutut kaki pada peraturan negara2 luar Indonesia, yang tanggung jawab untuk menggurus anak2 itu orang tua bukan pemerintah, kalau pemerintah yang mengaturkan anak2 untuk apa gunanya ortunya mereka tetap gaka ada tanggung jawabnya dan malah merepotkan orang tua lain",kita tuh indonesia bukan australia bukan ingris bukan eropa lainya ngapain ikut2 peraturan mereka yang gak penting udah jelas2 itu jebakan pencurian data dengan memaksa mengunakan id di social media hanya untuk membuktikan akun dewasa yang akan resiko pencurian dan penjualan data dan doxing itu illegal di indonesia jadi ngapain kita berlutut kaki pada peraturan negara2 luar indonesia yang tanggung jawab untuk menggurus anak2 itu orang tua bukan pemerintah kalau pemerintah yang mengaturkan anak2 untuk apa gunanya ortunya mereka tetap gaka ada tanggung jawabnya dan malah merepotkan orang tua lain,negative
QDj0g7Xw2rg,Apa sih nggak jelas aku aja masih bisa main Roblox umur aku 7 tahun kamu ya pembohong,apa sih nggak jelas aku aja masih bisa main roblox umur aku 7 tahun kamu ya pembohong,negative
QDj0g7Xw2rg,Akun YouTube saya hilang gak ya?,akun youtube saya hilang gak ya,negative
QDj0g7Xw2rg,JANGAN.  😭😭😭😭😭😭😭😭,jangan,negative
QDj0g7Xw2rg,kalau ada pemberitahuan penting gimana,kalau ada pemberitahuan penting gimana,negative
0Sa4S97M-uM,Mantap ...komdigi....<br>Demi generasi bangsa..<br>Bangsa ini di lemah kan dgn berbagai cara oleh bangsa...,mantap komdigidemi generasi bangsabangsa ini di lemah kan dgn berbagai cara oleh bangsa,positive
tuaZNgn2rcc,Woi jadi yang bakatnya emang ada di medsos gimana,woi jadi yang bakatnya emang ada di medsos gimana,negative
0Sa4S97M-uM,Aaaaaah aturan gak jelas mending melanggar aja dasar Mentri gak guna,aaaaaah aturan gak jelas mending melanggar aja dasar mentri gak guna,negative
QDj0g7Xw2rg,Itu kayaknya enggak deh hoax mikir kids,itu kayaknya enggak deh hoax mikir kids,negative
TdyE62mSXx0,Judol,judol,negative
NzMXdwZm8B0,Kenapa capcut tidak di blokir juga?,kenapa capcut tidak di blokir juga,negative
DfYhY-bKsZI,Harus nya di ajarin yg ilegal atau yg bahaya dan yg aman dan GK bahaya bukan seenaknya doang di blockir lu tuh mau GK di berhentiin aja jadi pemerintah seenak nya kita rakyat biasa GK mau kan?,harus nya di ajarin yg ilegal atau yg bahaya dan yg aman dan gk bahaya bukan seenaknya doang di blockir lu tuh mau gk di berhentiin aja jadi pemerintah seenak nya kita rakyat biasa gk mau kan,negative
p8p-sAq_hhI,Pemerintah udh cewe sawit gak di urusin bikin banjir tau😡😡😡😊,pemerintah udh cewe sawit gak di urusin bikin banjir tau,negative
DfYhY-bKsZI,Sampe tanggal berapa nih😭😭😭😭😭,sampe tanggal berapa nih,negative
LFfRhLKHdJA,Harusnya buat akun medsos kaya buat akun perbankan pake vermuk😅,harusnya buat akun medsos kaya buat akun perbankan pake vermuk,negative
2BdXibzPPyc,Kami sudah muak. <br>Putus asa BESAR!<br>baiknya mereka masuk neraka 🔥.<br><br>Kerjanya bikin anak kecil frustasi doang lu 😤,kami sudah muak putus asa besarbaiknya mereka masuk neraka kerjanya bikin anak kecil frustasi doang lu,negative
DfYhY-bKsZI,iya lah anak anak di urus URUS TUH KORUPTOR YANG ADA DI NEGRI BUKAN NYA BIKIN PERATURAN LAGI LU KALO JADI PEJABAT MENDING BELAJAR LAGI JUDI AJA GAK LU URUS GIMANA NANTI GENERASI MUDA YANG LAIN DAH TAU MAU WW3 JIR,iya lah anak anak di urus urus tuh koruptor yang ada di negri bukan nya bikin peraturan lagi lu kalo jadi pejabat mending belajar lagi judi aja gak lu urus gimana nanti generasi muda yang lain dah tau mau ww3 jir,negative
iLERE4VmtZc,"😂saya pikir gakan jalan bu saya yakin gakan jalan,,,,kalau ibu melaran anak memegan hp saya baru percaya pasti anak anak kan bebas dari medsos,tapi kalau ibu hanya melarang untuk batasan usia di medsos,karna sistem bisa mereka akalin bu😂<br><br>Sebagai contoh nyata,gagra covid anak anak wajib punya hp untuk blajar,sampe sekarang covid nyah dah musnah kadang di sekolahan ttp blajar online,,,,gimanatuh",saya pikir gakan jalan bu saya yakin gakan jalankalau ibu melaran anak memegan hp saya baru percaya pasti anak anak kan bebas dari medsostapi kalau ibu hanya melarang untuk batasan usia di medsoskarna sistem bisa mereka akalin busebagai contoh nyatagagra covid anak anak wajib punya hp untuk blajarsampe sekarang covid nyah dah musnah kadang di sekolahan ttp blajar onlinegimanatuh,negative
LFfRhLKHdJA,"Setuju sekali,tapi ditutup tayangnya,",setuju sekalitapi ditutup tayangnya,positive
vk2Ynj24qNA,terus bocil bocil yg biasa Belajar lewat YouTube gimana?,terus bocil bocil yg biasa belajar lewat youtube gimana,negative
hzDavp3DQo4,Bacotan,bacotan,negative
DfYhY-bKsZI,Woi gak usah caper lu pemerintah 😡😡😡,woi gak usah caper lu pemerintah,negative
2YHfX7PzVNM,Demo kayak di Nepal yok gen z,demo kayak di nepal yok gen z,negative
viGBwFO3nDA,Menurut gua harus nya umur 7 kebawah aja,menurut gua harus nya umur 7 kebawah aja,negative
viGBwFO3nDA,Lah kan aku nontonnya youtuber,lah kan aku nontonnya youtuber,negative
viGBwFO3nDA,"lah bukannya umur 6 - 12 dah tahu mana yang baik mana yang buruk,gak masuk akal kocak",lah bukannya umur 6 12 dah tahu mana yang baik mana yang burukgak masuk akal kocak,negative
TdyE62mSXx0,HOAX😠😠😠😠😠😠😠😠😠😠😠😠😠😠😠😠dasar berita aneh,hoaxdasar berita aneh,negative
dVTaBKZLsds,Harusnya situl judol juga bisa doong dibatasi atau diblokirr !,harusnya situl judol juga bisa doong dibatasi atau diblokirr,negative
viGBwFO3nDA,Bagus si tapi lebih baik umur 13 tahun karena umur segitu sudah remaja dibanding kan 1-12,bagus si tapi lebih baik umur 13 tahun karena umur segitu sudah remaja dibanding kan 112,negative
2BdXibzPPyc,Youtube tempat gua cari cuan cuy,youtube tempat gua cari cuan cuy,negative
_M85Z0Beq_g,Untung umurku 31,untung umurku 31,positive
RsKRrIp--Mg,hey ba*i kenapa lu gak blokir ml ff pubg aja gausah roblox kan roblox ada game pelajarannya kek lava matematika tebak negara kek gitu,hey bai kenapa lu gak blokir ml ff pubg aja gausah roblox kan roblox ada game pelajarannya kek lava matematika tebak negara kek gitu,negative
iLERE4VmtZc,"Alhamdulillah ,. Saya sebagai orang tua sangat setuju ❤🤗",alhamdulillah saya sebagai orang tua sangat setuju,positive
LSrWXE05LNY,rumah bohong bohong,rumah bohong bohong,negative
iLERE4VmtZc,"Nggak seru banget, kalau sosmed dibatasi artinya gw nggak bisa ngapa ngapain, tapi semua orang termasuk bocah sedih, nangis, dan kecewa, nggak setuju!, kalau menurut gua itu berita buruk, tapi kalau videonya gua pindahin ke Bstation, biar jaga jaga, aman, dan baik baik saja, pas aku coba tes video, musik, game, dll itu semuanya aman nggak ada masalah!",nggak seru banget kalau sosmed dibatasi artinya gw nggak bisa ngapa ngapain tapi semua orang termasuk bocah sedih nangis dan kecewa nggak setuju kalau menurut gua itu berita buruk tapi kalau videonya gua pindahin ke bstation biar jaga jaga aman dan baik baik saja pas aku coba tes video musik game dll itu semuanya aman nggak ada masalah,negative
iLERE4VmtZc,Sangat.setuju.bosssss..,sangatsetujubosssss,positive
R1hQwelEGvU,Intinya :<br>16+ terima<br>-16 gak terima,intinya 16 terima16 gak terima,neutral
iLERE4VmtZc,Klo bisa game online epep mlh aov PUBG dan roblok di hapus skalian bikin toxic ga punya adab,klo bisa game online epep mlh aov pubg dan roblok di hapus skalian bikin toxic ga punya adab,positive
p8p-sAq_hhI,Tulong woy nek youtube ojo!!!!!!,tulong woy nek youtube ojo,negative
_M85Z0Beq_g,Termasuk Willy Salim gak sih,termasuk willy salim gak sih,neutral
RsKRrIp--Mg,hoax,hoax,negative
hzDavp3DQo4,HP itu buat belajar privasi bukan di blok-blok anak jadi rewel bukannya senang tapi gak becus jondigir,hp itu buat belajar privasi bukan di blokblok anak jadi rewel bukannya senang tapi gak becus jondigir,negative
TdyE62mSXx0,Tapi lintah bohong contohnya aja nih aku masih bisa aku aja masih bisa buka Roblox YouTube,tapi lintah bohong contohnya aja nih aku masih bisa aku aja masih bisa buka roblox youtube,negative
C8XBDjbPNNU,Jangan hanya melarang ksh solusi dong pemerintah/pejabat,jangan hanya melarang ksh solusi dong pemerintahpejabat,negative
xOLutbfafBo,Gimana ini umur aku 6 thn 😭,gimana ini umur aku 6 thn,negative
hzDavp3DQo4,GAK BOLEHH!!????,gak bolehh,negative
viGBwFO3nDA,"Tapi gimana ya, youtube soalnya buat belajar smp ku saya baru umur 15 kalo akun youtube saya ga bisa buka lgi, berarti saya ga bisa liat tutorial belajar atau kerja kelompok video olahraga",tapi gimana ya youtube soalnya buat belajar smp ku saya baru umur 15 kalo akun youtube saya ga bisa buka lgi berarti saya ga bisa liat tutorial belajar atau kerja kelompok video olahraga,negative
iLERE4VmtZc,Tapi korupsi malah di biarin aja🤣🤣,tapi korupsi malah di biarin aja,negative
RsKRrIp--Mg,Mending mah di batasi dari pada di ban ( setuju? ),mending mah di batasi dari pada di ban setuju,negative
hzDavp3DQo4,Gua mending kepala nya gugejek,gua mending kepala nya gugejek,negative
iLERE4VmtZc,pembuatan tidak adda terbatas,pembuatan tidak adda terbatas,neutral
iLERE4VmtZc,Gk setujuuuuu,gk setujuuuuu,negative
8i7X3KrGeF0,Boong😂😂😂😂😂😂😂😂😂😂😂😂 masih bisa main roblox,boong masih bisa main roblox,negative
xOLutbfafBo,"ihh gk setuju lagian anak yg punya media sosial fi yt ngapain!?. prabowo nanam sawit sampe banyak org meninggal aja gak dilarang!!. mentang² lagian dpr juga korupsi lagian aku cuman main hp jumat, sabtu, ,minggu aj. kita juga tau nerita dari yt sma tt+juga vidionya ini di uplad di yt ane bgt sumpah liat napa negara!!!😡",ihh gk setuju lagian anak yg punya media sosial fi yt ngapain prabowo nanam sawit sampe banyak org meninggal aja gak dilarang mentang lagian dpr juga korupsi lagian aku cuman main hp jumat sabtu minggu aj kita juga tau nerita dari yt sma ttjuga vidionya ini di uplad di yt ane bgt sumpah liat napa negara,negative
aZEtsruDoQc,Aku kesel,aku kesel,negative
2BdXibzPPyc,Saya setuju bangat,saya setuju bangat,positive
p8p-sAq_hhI,Bolongin peraturannya,bolongin peraturannya,negative
tuaZNgn2rcc,"Kata gw gak jadi sih beberapa kasus komdigi pernah bikin gerakan, ujung ujungnya gak ada kabar",kata gw gak jadi sih beberapa kasus komdigi pernah bikin gerakan ujung ujungnya gak ada kabar,negative
LFfRhLKHdJA,Truss bagaimana soal Keracunan makanan yang terjadi di sekolah2.!!!??? <br>Siapa yang harus bertaggung jawab.??????<br>Mereka juga masih di bawa umur.!!!!!!!!!,truss bagaimana soal keracunan makanan yang terjadi di sekolah2 siapa yang harus bertaggung jawabmereka juga masih di bawa umur,neutral
tuaZNgn2rcc,Setuju.,setuju,positive
QDj0g7Xw2rg,urusin dulu noh judol,urusin dulu noh judol,negative
LSrWXE05LNY,nggak adil  giliran keropsi nggak di berentikan aku aja  di bolehhi sama mama aku main roblox dan topup sebanyak mungkin,nggak adil giliran keropsi nggak di berentikan aku aja di bolehhi sama mama aku main roblox dan topup sebanyak mungkin,negative
OBb8iLYgMu4,Yang tim bohong <br>👇👇,yang tim bohong,neutral
19eKDDkJt6w,Kenapa ada youtuber si tapi gilirab judol gk pili kasi loh,kenapa ada youtuber si tapi gilirab judol gk pili kasi loh,negative
KIH6ZXRp9g0,"Jujur ini kebijakan terbaik, karena bbrpa kali anak smp kepergok warga, ini krna hal tabu mudah diakses diinternet",jujur ini kebijakan terbaik karena bbrpa kali anak smp kepergok warga ini krna hal tabu mudah diakses diinternet,positive
QDj0g7Xw2rg,Bro dia mengambil ke bahagia kita dan kita gk belajar di yutub lagi kan bisa dibatasi ortu contoh gua dilarang main hp sampe 1 minggu,bro dia mengambil ke bahagia kita dan kita gk belajar di yutub lagi kan bisa dibatasi ortu contoh gua dilarang main hp sampe 1 minggu,negative
NzMXdwZm8B0,Yok Kita Demo!!!!!!😡😡😡😡😡😡,yok kita demo,negative
iLERE4VmtZc,tidak setuju,tidak setuju,negative
xOLutbfafBo,Kalau gitu KLO udah boleh main hp nya tanggal berapa,kalau gitu klo udah boleh main hp nya tanggal berapa
OTk4HFU-xn8,Sudah terlambat sudah banyak anak yg stres nga di kasih hp,sudah terlambat sudah banyak anak yg stres nga di kasih hp,neutral
0Sa4S97M-uM,"Bocil pada klenger, guru kaga bisa tik-tok&#39;an lagi, ortu rebutan hp Ama bocil buat pansos... 😂😂😂, sukurin... 😂😂😂,",bocil pada klenger guru kaga bisa tiktokan lagi ortu rebutan hp ama bocil buat pansos sukurin,neutral
LFfRhLKHdJA,Dimari masih banyak R4 parkir di sepanjang P coret dan Taxi ngetem disepanjang S coret. Kalo pagi lewat aja sekitaran KS. Tubun dan kalo sore sekitaran BPK,dimari masih banyak r4 parkir di sepanjang p coret dan taxi ngetem disepanjang s coret kalo pagi lewat aja sekitaran ks tubun dan kalo sore sekitaran bpk,neutral
JrCe8CVR1KY,Gua bisa coi,gua bisa coi,neutral
TdyE62mSXx0,mantap😂,mantap,positive
0Sa4S97M-uM,"Kenapa wanita ini agar mudah dikendalikan oleh elite global, oligarki lokal. Orang2 jujur, lurus mana mau makanya tidak diberikan ruang atau jabatan.",kenapa wanita ini agar mudah dikendalikan oleh elite global oligarki lokal orang2 jujur lurus mana mau makanya tidak diberikan ruang atau jabatan,negative
viGBwFO3nDA,Aku 12 aja udah tau mana yang buruk mana yang baik🤔,aku 12 aja udah tau mana yang buruk mana yang baik,negative
C8XBDjbPNNU,Kurng ajar,kurng ajar,negative
JrCe8CVR1KY,"TERUS KITA NONTON ATAU MEMPERLIHATKAN KREASI KITA PAKAI APA DONG, 😌💥💢",terus kita nonton atau memperlihatkan kreasi kita pakai apa dong,negative
C8XBDjbPNNU,setuju aja sih gw...kembali ke zaman di mana belum ada hp....modal pakai buku....,setuju aja sih gwkembali ke zaman di mana belum ada hpmodal pakai buku,positive
8i7X3KrGeF0,Judi sama koruptor nya kapan ya Bu😏,judi sama koruptor nya kapan ya bu,negative
viGBwFO3nDA,😮‍💨 sebenarnya itu sangat tidak baik 🙂 itu sangat tidak baik karena aku adalah anak kecil dan memainkan game Roblox yang sangat baik tapi kenapa diblokir karena banyak yang tidak suka sama game Roblox dan mereka cuman membuat karakter mereka khususnya mereka mau 😬 Roblox Tik tok YouTube dan Instagram Facebook itu gara-gara bocil yang memainkan Roblox dan akhirnya semua pun diblokir😢,sebenarnya itu sangat tidak baik itu sangat tidak baik karena aku adalah anak kecil dan memainkan game roblox yang sangat baik tapi kenapa diblokir karena banyak yang tidak suka sama game roblox dan mereka cuman membuat karakter mereka khususnya mereka mau roblox tik tok youtube dan instagram facebook itu garagara bocil yang memainkan roblox dan akhirnya semua pun diblokir,negative
RsKRrIp--Mg,Saya nggak setuju 🥀🥀,saya nggak setuju,negative
QDj0g7Xw2rg,"Peraturan ini sih bagus, tapi gimana anak anak yng ingin mencari ilmu, apalagi di SMP, hp digunakan untuk ulangan secara online.<br>Youtube juga jadi tempat untuk mengekspresikan hobi, menambah ilmu bagi anak anak, kenapa malah ditutup!<br>game juga jangan ditutup dong, itu buat hiburan anak anak, sampe Roblox dibawa bawa loh. Aduhhh!!<br>Giliran korupsi, judol, pertambangan ilegal, penebangan ilegal, pemerintah yang rakus malah dilindungi dan dijaga.!! Gimana sih nih negara?!",peraturan ini sih bagus tapi gimana anak anak yng ingin mencari ilmu apalagi di smp hp digunakan untuk ulangan secara onlineyoutube juga jadi tempat untuk mengekspresikan hobi menambah ilmu bagi anak anak kenapa malah ditutupgame juga jangan ditutup dong itu buat hiburan anak anak sampe roblox dibawa bawa loh aduhhhgiliran korupsi judol pertambangan ilegal penebangan ilegal pemerintah yang rakus malah dilindungi dan dijaga gimana sih nih negara,negative
xOLutbfafBo,"5 tahun gw buat dapat 1000 subscriber,terus ini video muncul, Dahlah capek gw.",5 tahun gw buat dapat 1000 subscriberterus ini video muncul dahlah capek gw,negative
R1hQwelEGvU,Pilih kasih kenapa harus robloxx harusnya game lain juga pemerintah pilih kasihhh ga adiilll 😌,pilih kasih kenapa harus robloxx harusnya game lain juga pemerintah pilih kasihhh ga adiilll,negative
JrCe8CVR1KY,Justru peraturan itu yang membuat ku malas hidup,justru peraturan itu yang membuat ku malas hidup
2BdXibzPPyc,Padahal subs ku udh 243 ini pun butuh 1 tahun ngumpulin nya;(<br>  Yaaa harus ngulang lagii<br>Padahal aku mau dapet play button..,padahal subs ku udh 243 ini pun butuh 1 tahun ngumpulin nya yaaa harus ngulang lagiipadahal aku mau dapet play button,negative
0Sa4S97M-uM,terlambat&quot; sering kali adalah momen tepat bagi Tuhan untuk menunjukkan kuasa-Nya agar manusia sadar bahwa pertolongan hanya berasal dari-Nya.,terlambat sering kali adalah momen tepat bagi tuhan untuk menunjukkan kuasanya agar manusia sadar bahwa pertolongan hanya berasal darinya,negative
cqVq6jZn0CM,Yg ga kecanduan dan dibatasi: aku ada salah apa ya?,yg ga kecanduan dan dibatasi aku ada salah apa ya,negative
DfYhY-bKsZI,Tapi ini sawit makin banyak koruptor gak di usir terus masih banyak gw kasian Ama bocah bocah,tapi ini sawit makin banyak koruptor gak di usir terus masih banyak gw kasian ama bocah bocah,negative
2BdXibzPPyc,Lah gantian koruptor di biarkan,lah gantian koruptor di biarkan,negative
OTk4HFU-xn8,"Gw lebih setuju klo pembatasan umurnya itu di 9 tahun kebawah, krena sosmed di masa2 smp itu dibutuhin bgt, entah buat tugas disekolah, g smua yg ada di sosmed itu buruk kok msih ada hal positifnya, cuma cara pke anaknya aj yg harus diawasi, atau pemerintah bikin aplikasi parental controls yang di instal di hp ortu, jdi ortu bisa ngatur batas waktu bermain hp untuk anak, bisa pantau layar hp anak, bisa nyalain batasan konten buat anak, dll. <br>Ini pendapat gw ya🙏",gw lebih setuju klo pembatasan umurnya itu di 9 tahun kebawah krena sosmed di masa2 smp itu dibutuhin bgt entah buat tugas disekolah g smua yg ada di sosmed itu buruk kok msih ada hal positifnya cuma cara pke anaknya aj yg harus diawasi atau pemerintah bikin aplikasi parental controls yang di instal di hp ortu jdi ortu bisa ngatur batas waktu bermain hp untuk anak bisa pantau layar hp anak bisa nyalain batasan konten buat anak dll ini pendapat gw ya,negative
R1hQwelEGvU,"Jujur,sebenernya gak semua kek gitu,masa dari beberapa anak doang malah jadi satu negara yang kena?,gak worth it negara ini,kalau gasuka mbg dihujat mending yg bener kerjanya",jujursebenernya gak semua kek gitumasa dari beberapa anak doang malah jadi satu negara yang kenagak worth it negara inikalau gasuka mbg dihujat mending yg bener kerjanya,negative
QDj0g7Xw2rg,"anak anak juga bisa belajar di hp, kenapa harus dibatasi?",anak anak juga bisa belajar di hp kenapa harus dibatasi,negative
C8XBDjbPNNU,Saya se7 apalagi di apk FB itu banyak banget vidio2?🤔,saya se7 apalagi di apk fb itu banyak banget vidio2,positive
hzDavp3DQo4,Aku LOLOSSSSSSSSSSS,aku lolosssssssssss,negative
vk2Ynj24qNA,Konsepnya gimana dah harusnya yang di ban itu yang masih kecil yang umurnya itu belum ngerti apa-apa lah ini malah sampe 10 -15 tahun emang masih bocil gitu!?,konsepnya gimana dah harusnya yang di ban itu yang masih kecil yang umurnya itu belum ngerti apaapa lah ini malah sampe 10 15 tahun emang masih bocil gitu,negative
0Sa4S97M-uM,"Sampe hari ini belum kena Ban akun adek saya 😅 game FF, Roblox, ML, FIFA, dan medsos lainnya , dipercepat lebih baik",sampe hari ini belum kena ban akun adek saya game ff roblox ml fifa dan medsos lainnya dipercepat lebih baik,positive
0Sa4S97M-uM,Lah hp gua aman tik tok aman 😂,lah hp gua aman tik tok aman,neutral
TdyE62mSXx0,Akun orang tua/dewasa juga diusut karena hpnya dipinjam oleh anak.,akun orang tuadewasa juga diusut karena hpnya dipinjam oleh anak,neutral
OBb8iLYgMu4,dema demo masih kecil udah demo,dema demo masih kecil udah demo,neutral
LSrWXE05LNY,Kamu Jahat,kamu jahat,negative
LFfRhLKHdJA,Berkurangnya lawan debatku fans barca,berkurangnya lawan debatku fans barca,neutral
TdyE62mSXx0,Iyh fit tu hf😭😭😭😭😭😭💝💝🥹,iyh fit tu hf,neutral
KIH6ZXRp9g0,untung aja usia ku di bawah 15 tahun 😂😂😊,untung aja usia ku di bawah 15 tahun,positive
V_mvjaonG-w,Anak artis gimana itu,anak artis gimana itu,neutral
xOLutbfafBo,😭😭😭😭😭😭😭😭😭😭😭😭😭😭😭😭😭😭😭😭😭😭😭😭😭😭😭😭😭😭<br>ya. allah aku salah apa  aku tau. HP itu merusak  mental emang  saya anak yang pernah juga di bully juga  . di jauhi karena ada alasanya karena sebab. katanya  egak. main. tik tok. engak main Roblox pokonya tik tok dan Roblox juga harus di blokir untuk anak rendah  umur dari16😢😢,ya allah aku salah apa aku tau hp itu merusak mental emang saya anak yang pernah juga di bully juga di jauhi karena ada alasanya karena sebab katanya egak main tik tok engak main roblox pokonya tik tok dan roblox juga harus di blokir untuk anak rendah umur dari16,negative
KFR9jjVi1D4,Klo judol gak di blokir tu?,klo judol gak di blokir tu,negative
hzDavp3DQo4,Kenapa itu dong yang ke sorot epeep itu jelas bunuh bunuh gak di blok sama urusin tuh judi blok judi,kenapa itu dong yang ke sorot epeep itu jelas bunuh bunuh gak di blok sama urusin tuh judi blok judi,negative
C8XBDjbPNNU,Sekarang udah tanggal 29 jadi gw minta tolong gausah di hapus kalau ini HANYA HOAX,sekarang udah tanggal 29 jadi gw minta tolong gausah di hapus kalau ini hanya hoax,negative
LSrWXE05LNY,Saya nggak setuju banget,saya nggak setuju banget,negative
TdyE62mSXx0,Nooooooooo roblox 😢😢😢😢😢😢😢😢😭😭😭😭😭😭😭👋,nooooooooo roblox,negative
LSrWXE05LNY,Gua gak akan maafin sampai kiamat,gua gak akan maafin sampai kiamat,negative
LSrWXE05LNY,Halah siapa yang setuju 😏 🖕,halah siapa yang setuju,negative
DfYhY-bKsZI,Kenapa sih GK boleh kan emak bapak nya yang beliin😢,kenapa sih gk boleh kan emak bapak nya yang beliin,negative
OTk4HFU-xn8,"Aturan ini harusnya menyeluruh termasuk di sekolah , guru harus memberi tugas2 sekolah harus lewat off lline perbanyak referensi  kepada buku, ,,,",aturan ini harusnya menyeluruh termasuk di sekolah guru harus memberi tugas2 sekolah harus lewat off lline perbanyak referensi kepada buku,neutral
2YHfX7PzVNM,Gak ada hiburan banget,gak ada hiburan banget,negative
tuaZNgn2rcc,Setuju&#39;,setuju,positive
fX2bE5ecHy4,Mending bikin aturan korupsi hukum mati,mending bikin aturan korupsi hukum mati,negative
JrCe8CVR1KY,Noooooooo jangan 😢😢😢😢😢,noooooooo jangan,negative
lM-QZ4uCXuk,"Tapi jangan di hapus juga😢 kami gak bisa ngirim tugas lagi di Instagram dan juga kami gak bisa liat tutorial tanpa YouTube, kadang kadang orang tua juga ada yang gak bisa ,ada juga sibuk sehingga anak juga pengen melonggarkan pikiran mereka walau sendiri an menggunakan medsos",tapi jangan di hapus juga kami gak bisa ngirim tugas lagi di instagram dan juga kami gak bisa liat tutorial tanpa youtube kadang kadang orang tua juga ada yang gak bisa ada juga sibuk sehingga anak juga pengen melonggarkan pikiran mereka walau sendiri an menggunakan medsos,negative
KFR9jjVi1D4,Saya sedih sekali tapi apalah daya aku cuma manusia biasa😢😢,saya sedih sekali tapi apalah daya aku cuma manusia biasa,negative
2BdXibzPPyc,Ishowspeed tu Kena in aja,ishowspeed tu kena in aja,neutral
aZEtsruDoQc,aku aja masih 7 tahun bisa main roblox yeee,aku aja masih 7 tahun bisa main roblox yeee,negative
aZEtsruDoQc,Semoga hoax,semoga hoax,negative
2YHfX7PzVNM,mantaap,mantaap,positive
TdyE62mSXx0,Kalau ada orang tua pacar akan muncul kedatangan buat anak-anak dan menangis jadi marah engkau itu membuatku jadi merah apakah yang dimaksud dengan 😡,kalau ada orang tua pacar akan muncul kedatangan buat anakanak dan menangis jadi marah engkau itu membuatku jadi merah apakah yang dimaksud dengan,neutral
cqVq6jZn0CM,DUOLINGO GRATIS jangan banyak alasan masalah bahasa,duolingo gratis jangan banyak alasan masalah bahasa,neutral
QDj0g7Xw2rg,kenapa sih harus di blok yang ada malah mental kita tampah sesak bisa gak sih gak usah di blok walapun juga itu bermanfaat tapitapi blok aja yang bersalah jangan blok yang gak salah mentang mentang peresiden Sampek segitunya yang gak setuju komen gak setuju,kenapa sih harus di blok yang ada malah mental kita tampah sesak bisa gak sih gak usah di blok walapun juga itu bermanfaat tapitapi blok aja yang bersalah jangan blok yang gak salah mentang mentang peresiden sampek segitunya yang gak setuju komen gak setuju,negative
lM-QZ4uCXuk,Syukur sih gw pake email Abang gw yg 16+...,syukur sih gw pake email abang gw yg 16,neutral
R1hQwelEGvU,Terus aku mau jadi YouTuber gimana caranya,terus aku mau jadi youtuber gimana caranya,negative
OTk4HFU-xn8,Terus hiburannya apa deh kalo udah biasa HP????????,terus hiburannya apa deh kalo udah biasa hp,neutral
fX2bE5ecHy4,!!?!?!?!?!?!? Gimana mengatasinya.. Kan di pengaturan bisa dirubah Untuk Ttg Lahir nya.???? 😅,gimana mengatasinya kan di pengaturan bisa dirubah untuk ttg lahir nya,negative
2BdXibzPPyc,Saya akan kembali ke youtube kids sebagai anak biasa,saya akan kembali ke youtube kids sebagai anak biasa,neutral
C8XBDjbPNNU,Setuju,setuju,positive
JrCe8CVR1KY,Untung pemerintah luput Minecraft belum,untung pemerintah luput minecraft belum,neutral
TdyE62mSXx0,Gak ada cyu😂😂😂😂😂😂😂😂😂,gak ada cyu,neutral
vk2Ynj24qNA,Judi aja GK di blokir,judi aja gk di blokir,negative
QDj0g7Xw2rg,Udah 28 Maret oiiiii,udah 28 maret oiiiii,neutral
vk2Ynj24qNA,"Iklan jud*l KORUPT ITU HILANGIN DULU, KALO PEJABAT KORUP GAPAPA MASYARAKAT KORUP LANGSUNG DIPENJARA BERAPA TAHUN, BER PULUH PULUHAN TAHUN BAHKAN LEBIH, INI YOUTUBE GAK SALAH APA APA, MALAH DISALAHKAN. TEROSSSS, KALO GAK BOLEH NONTON MEDSOS KONTEN ELO SEPII, KARENA 90% ORANG YANG NONTON VIDEO BERITA, RATA RATA ANAK ANAK DI BAWAH UMUR, MAKANYA BANYAK YANG GAK TERIMA, BANGS*L",iklan judl korupt itu hilangin dulu kalo pejabat korup gapapa masyarakat korup langsung dipenjara berapa tahun ber puluh puluhan tahun bahkan lebih ini youtube gak salah apa apa malah disalahkan terossss kalo gak boleh nonton medsos konten elo sepii karena 90 orang yang nonton video berita rata rata anak anak di bawah umur makanya banyak yang gak terima bangsl,negative
C8XBDjbPNNU,Saya tidak setuju 😠😠😡😠😠😠😠😠😠😠😡,saya tidak setuju,negative
TdyE62mSXx0,Berisi k*<b>***kita juga butuh hiburan itu tuh judol kagak lu koruptor balapan berhenti gimana sih jadi pemerintah bot demo lagi kapok umurku berapa tahun jir umurku 20 tahun aku udah gede umur adikku 17 tahun dan 17 tahun Tik tok YouTube Facebook itu konten orang tuaku Kamu jangan kayak gitu anjir k****</b> lagi itu juga butuh hiburan aku belum belum punya uang aku konten untuk biar dapat uang untuk kalau liburan ke pantai kek kan harus bayar ganti otak woi pemerintah,berisi kkita juga butuh hiburan itu tuh judol kagak lu koruptor balapan berhenti gimana sih jadi pemerintah bot demo lagi kapok umurku berapa tahun jir umurku 20 tahun aku udah gede umur adikku 17 tahun dan 17 tahun tik tok youtube facebook itu konten orang tuaku kamu jangan kayak gitu anjir k lagi itu juga butuh hiburan aku belum belum punya uang aku konten untuk biar dapat uang untuk kalau liburan ke pantai kek kan harus bayar ganti otak woi pemerintah,negative
TdyE62mSXx0,KNP YA GAK NGURUSIN JUDI DULU HMM KNP HAH JAWABBBB🤬🤬🤬,knp ya gak ngurusin judi dulu hmm knp hah jawabbbb,negative
2YHfX7PzVNM,Tulisannya &quot;anak dibawah umur 13-16 tahun dilarang nonton medsos&quot; berarti anak yang umur 5-12 gak papa liat medsos,tulisannya anak dibawah umur 1316 tahun dilarang nonton medsos berarti anak yang umur 512 gak papa liat medsos,neutral
LSrWXE05LNY,Kok judol dak dibatasi 🧐,kok judol dak dibatasi,negative
tuaZNgn2rcc,Kalo yutube ga ada sama tiktok pasti yutuber pada sedih ga bisa bikin konten ga bisa jadi creator gaming kan yutuber udah susah susah cari sub sama folowers siapa yang ganti rugi kan berita ini yang ganti rugi,kalo yutube ga ada sama tiktok pasti yutuber pada sedih ga bisa bikin konten ga bisa jadi creator gaming kan yutuber udah susah susah cari sub sama folowers siapa yang ganti rugi kan berita ini yang ganti rugi
RsKRrIp--Mg,Jadi pengen demo,jadi pengen demo,negative
_M85Z0Beq_g,Ngapain aja dong kalo gak ada aplikasi itu kon### gak setuju!!!!!!!!!!!!!,ngapain aja dong kalo gak ada aplikasi itu kon gak setuju,negative
19eKDDkJt6w,Aku disini apa woy aku dibawah 16 tahun 😂😂,aku disini apa woy aku dibawah 16 tahun,neutral
TdyE62mSXx0,sok ngatur anjir 😤😤😡😡🤬,sok ngatur anjir,negative
TdyE62mSXx0,Untung Aja Tidak Di Blokir Karena Redfinger,untung aja tidak di blokir karena redfinger,positive
QDj0g7Xw2rg,Percuma bikin konten capek-capek ujung nya diblokir ah elah🙁🙁🙁,percuma bikin konten capekcapek ujung nya diblokir ah elah,negative
R1hQwelEGvU,Makasih banyak min,makasih banyak min,positive
NzMXdwZm8B0,sosmed di batasi <br>koruptor di biarin😹😹😹😹,sosmed di batasi koruptor di biarin,negative
19eKDDkJt6w,Youtube kids era coming in 2045 fr🥀,youtube kids era coming in 2045 fr,neutral
JrCe8CVR1KY,Kenapa harus youtube sih....,kenapa harus youtube sih,negative
OBb8iLYgMu4,aku tidak setuju huuuuuuuuuuuuuuuu,aku tidak setuju huuuuuuuuuuuuuuuu,negative
tuaZNgn2rcc,Bikin akunnya aja bisa asal ko tgl lahirnya,bikin akunnya aja bisa asal ko tgl lahirnya,neutral
V_mvjaonG-w,Tapi situs judol masih boleh kan? Pemerintah koplak,tapi situs judol masih boleh kan pemerintah koplak,negative
2YHfX7PzVNM,Judol gk dihapus tuh? 😹😹,judol gk dihapus tuh,negative
NzMXdwZm8B0,sok ngatur merasa paling benar nanti juga dapat karna karma itu nyata. paling karma nya di demo sama 1 Indonesia,sok ngatur merasa paling benar nanti juga dapat karna karma itu nyata paling karma nya di demo sama 1 indonesia,negative
C8XBDjbPNNU,Kurang ajar ngapain YouTube ikut dibatasi juga 🤬🤬🤬🤬🤬🤬🤬🤬🤬🤬🤬🤬🤬🤬🤬🤬🤬🤬🤬🤬,kurang ajar ngapain youtube ikut dibatasi juga,negative
JrCe8CVR1KY,Ubah umur,ubah umur,neutral
fX2bE5ecHy4,Hoax Hoax Hoax Hoax udah jelas Berita Hoax huuuuuuu,hoax hoax hoax hoax udah jelas berita hoax huuuuuuu,negative
Hy5rx58GES4,Ngatur banget lu😡,ngatur banget lu,negative
C8XBDjbPNNU,Me chat aman 😂,me chat aman,neutral
2YHfX7PzVNM,Anjingnya,anjingnya,negative
dVTaBKZLsds,Judol kpn judol...<br>Indonesia ngga akan miskin ngga Ada nya judol,judol kpn judolindonesia ngga akan miskin ngga ada nya judol,negative
RsKRrIp--Mg,Aku sih setuju bgt,aku sih setuju bgt,positive
aZEtsruDoQc,Yg ini ok Bu menteri...sangat bagus...dlu bgmana dg judol.ibu...ini sepertinya kok GK kelar kelar Bu...jaringan ini rupanya kok kuat sekali ya...sampai kabupaten pun...banyak admin admin siluman Bu...apa mungkin aparat juga ada yg ikutan juga...ini SDH mau 12 tahun LBH kyaknya Bu...blm habis juga... kpn bisa 00000000 ...zero zero zero😅😅😅,yg ini ok bu menterisangat bagusdlu bgmana dg judolibuini sepertinya kok gk kelar kelar bujaringan ini rupanya kok kuat sekali yasampai kabupaten punbanyak admin admin siluman buapa mungkin aparat juga ada yg ikutan jugaini sdh mau 12 tahun lbh kyaknya bublm habis juga kpn bisa 00000000 zero zero zero,positive
19eKDDkJt6w,HP HP gua kok lu yang ngatur emng yang beli HP bapak mu ta sk penak mu dewe sesok sabtu yaallah dunia iki ra adel 😢😢😢😢😢,hp hp gua kok lu yang ngatur emng yang beli hp bapak mu ta sk penak mu dewe sesok sabtu yaallah dunia iki ra adel,negative
NzMXdwZm8B0,Aku benci 😡😡,aku benci,negative
0Sa4S97M-uM,blunder kementrian,blunder kementrian,negative
tuaZNgn2rcc,"Setuju sekali terutama medsos bikin aku kecanduan main hape karena gara² main medsos dan juga bikin males berpikir,minim literasi dan lain² .",setuju sekali terutama medsos bikin aku kecanduan main hape karena gara main medsos dan juga bikin males berpikirminim literasi dan lain,positive
KFR9jjVi1D4,Gak ikut beliin hp ajah ngelarang &#39; huhuh,gak ikut beliin hp ajah ngelarang huhuh,negative
OBb8iLYgMu4,28❎✅30😆ᴀʜᴀʜᴀʜᴀʜᴀʜᴀʜᴀʜᴀʜᴀʜ,2830,neutral
V_mvjaonG-w,Alhamdulillah,alhamdulillah,positive
R1hQwelEGvU,Bubarkan mabar jangan ada games online,bubarkan mabar jangan ada games online,positive
viGBwFO3nDA,Roblox di awasi✅<br><br>Judi gk di awasi❌❌❌<br>Pemerintah tolo-,roblox di awasijudi gk di awasipemerintah tolo,negative
tuaZNgn2rcc,Gara&quot; MBG,gara mbg,negative
viGBwFO3nDA,Pake akun bapa apa susahnya👏🏻👏🏻👏🏻,pake akun bapa apa susahnya,neutral
tuaZNgn2rcc,setuju banget,setuju banget,positive
hzDavp3DQo4,Yang nggak setuju Roblox dihapus <br>👇<br>👇<br>👇,yang nggak setuju roblox dihapus,negative
tuaZNgn2rcc,Gw setujue banget,gw setujue banget,positive
LFfRhLKHdJA,Keliatan bingung pemerintah 😂😅😂😅<br>Lah itu AI yg sering bikin hoax gak diatur..!!!,keliatan bingung pemerintah lah itu ai yg sering bikin hoax gak diatur,negative
vk2Ynj24qNA,Pemerintah jahat jahat,pemerintah jahat jahat,negative
0Sa4S97M-uM,Jangan lah plis KUKRITIK KAU,jangan lah plis kukritik kau,negative
19eKDDkJt6w,Bruh🗿 orang sudah lewat tanggal 28 maret kok sudah bulan april😂😂,bruh orang sudah lewat tanggal 28 maret kok sudah bulan april,neutral
V_mvjaonG-w,Sosialisasi di sekolah Bu anak pasti nurut. Mereka punya akun waktu covid kemarin lewat sekolah online,sosialisasi di sekolah bu anak pasti nurut mereka punya akun waktu covid kemarin lewat sekolah online,neutral
JrCe8CVR1KY,Terus aku nonton apa dong kalo aku hapus YouTube aku kan aku nonton belajar matematika hadeh mana lagi aku umur 9 lagi aaaaaaaa pls jangan gitu sebentar lagi 😭🙏🏻,terus aku nonton apa dong kalo aku hapus youtube aku kan aku nonton belajar matematika hadeh mana lagi aku umur 9 lagi aaaaaaaa pls jangan gitu sebentar lagi,negative
LSrWXE05LNY,NYAMAN WOI,nyaman woi,neutral
iLERE4VmtZc,Bgusss pk langsung praktekan....kasih anak ilmu sain..kimia mate fisika biar pnter,bgusss pk langsung praktekankasih anak ilmu sainkimia mate fisika biar pnter,positive
viGBwFO3nDA,kan ada busit,kan ada busit,neutral
fX2bE5ecHy4,gw sih fifty fifty aja. gw bikin konten audiens &lt;16 tahun. mungkin saatnya bikin konten audiens luar negeri,gw sih fifty fifty aja gw bikin konten audiens 16 tahun mungkin saatnya bikin konten audiens luar negeri,neutral
iLERE4VmtZc,bagus.... media sosial bikin masa depan generasi kita suram.............,bagus media sosial bikin masa depan generasi kita suram,positive
NzMXdwZm8B0,Udh berlaku kah?,udh berlaku kah,neutral
viGBwFO3nDA,bener banget jir pemerintah,bener banget jir pemerintah,positive
C8XBDjbPNNU,"Seharusnya dibatasi saja, kenapa harus langsung di hapus",seharusnya dibatasi saja kenapa harus langsung di hapus,negative
LSrWXE05LNY,Mana nih g terjadi2,mana nih g terjadi2,neutral
iLERE4VmtZc,saya walaupun umur 12thn tapi saya dukung ini,saya walaupun umur 12thn tapi saya dukung ini,positive
LFfRhLKHdJA,Alhamdulillah akhirnya ada perhatian dari pemerintah...👍,alhamdulillah akhirnya ada perhatian dari pemerintah,positive
aZEtsruDoQc,Roblox gk aman judol malah diamanin,roblox gk aman judol malah diamanin,negative
iLERE4VmtZc,Saya mendukung tapii kalo anak ingin menonton kartun di mana ya maaf hanya tanya🙏🙏,saya mendukung tapii kalo anak ingin menonton kartun di mana ya maaf hanya tanya,neutral
RsKRrIp--Mg,Pemerintah ga guna cuma ngomong stop judol di stop2 juga bakal di lakukiin jadi kalau mau belajar apa harus lewat apa pemerintah gblk,pemerintah ga guna cuma ngomong stop judol di stop2 juga bakal di lakukiin jadi kalau mau belajar apa harus lewat apa pemerintah gblk,negative
8i7X3KrGeF0,Cape gw bikin akun dari nol sampe sekarang nyesel NYESEL!!,cape gw bikin akun dari nol sampe sekarang nyesel nyesel,negative
LFfRhLKHdJA,Rakyat melarang Pemerintah  cari pejabat korup dan hapus MBG,rakyat melarang pemerintah cari pejabat korup dan hapus mbg,negative
dVTaBKZLsds,"Kebijakan yang diambil sudah sangat baik Bu. Semangat Bu menteri, semoga berkah amalnya",kebijakan yang diambil sudah sangat baik bu semangat bu menteri semoga berkah amalnya,positive
fX2bE5ecHy4,"Lah YouTube di blokir buat anak-anak di bawah umur 16 tahun!? Itu! Itu judol napa gak di hapus hah!? Mikir judol itu haram apalagi sampe taruhan pake uang, kalian udah joget-joget cuma karna gaji 3jt perhari cuihh",lah youtube di blokir buat anakanak di bawah umur 16 tahun itu itu judol napa gak di hapus hah mikir judol itu haram apalagi sampe taruhan pake uang kalian udah jogetjoget cuma karna gaji 3jt perhari cuihh,negative
p8p-sAq_hhI,Pemerintah kayak mau korupsi selamanya,pemerintah kayak mau korupsi selamanya,negative
RsKRrIp--Mg,Bang cara mencegah bocil membeli akun orang dewasa bisa di denda GK sih bang AQ punya tetangga songong mereka memanjakan anak ya demi keuntungan si bocil damn kedua orang tua ya walau peneninta sudah membokrir akun mereka Masih banyak bocil yang membeli akun orang dewasa itu apa ada denda ya ....,bang cara mencegah bocil membeli akun orang dewasa bisa di denda gk sih bang aq punya tetangga songong mereka memanjakan anak ya demi keuntungan si bocil damn kedua orang tua ya walau peneninta sudah membokrir akun mereka masih banyak bocil yang membeli akun orang dewasa itu apa ada denda ya,neutral
QDj0g7Xw2rg,"KENAPA!!???<br>GAME, SOSMED DI BLOK KNP JUDI KAGA LAGIAN GUA NGONTEN BUAT AYAH/IBU GUA!!!!!!!😠😠😠",kenapagame sosmed di blok knp judi kaga lagian gua ngonten buat ayahibu gua,negative
19eKDDkJt6w,Dasar cuman bikin peraturan peraturannya tuh Bikin orang marah aja kalau aja nggak ada peraturan,dasar cuman bikin peraturan peraturannya tuh bikin orang marah aja kalau aja nggak ada peraturan,negative
_M85Z0Beq_g,pls Bu YouTube dan tiktok jangan kalau Roblox saya iklas Bu kalau ga ada YouTube yang nonton video gimana,pls bu youtube dan tiktok jangan kalau roblox saya iklas bu kalau ga ada youtube yang nonton video gimana,negative
R1hQwelEGvU,Berhentikan ini kita akan berbakti dengan orang tua tapi dengan satu syarat hp kita gak boleh dinonaktifkan kalau gak mau gak usah dipaksakan😇😇😇,berhentikan ini kita akan berbakti dengan orang tua tapi dengan satu syarat hp kita gak boleh dinonaktifkan kalau gak mau gak usah dipaksakan,negative
LSrWXE05LNY,Gua bakalan ikut demo,gua bakalan ikut demo,negative
JrCe8CVR1KY,Kan bisa main game sakura stumble guys dan lain lain selain Roblox,kan bisa main game sakura stumble guys dan lain lain selain roblox,neutral
NzMXdwZm8B0,Besokkkkkkk 😢😢😢😢😢😢😢 noooooooooooooooooooooooooooooooooooooo,besokkkkkkk noooooooooooooooooooooooooooooooooooooo,negative
C8XBDjbPNNU,Gak setuju😡😡😡😡😡,gak setuju,negative
p8p-sAq_hhI,Giliran judol gak dibatasi,giliran judol gak dibatasi,negative
RsKRrIp--Mg,Gw bilang BIGO live buat ap?,gw bilang bigo live buat ap,neutral
TdyE62mSXx0,Gue dukung keputusan,gue dukung keputusan,positive
KIH6ZXRp9g0,"Untung anak Aku gak megang hp , mungkin setelah lewat umur 10 Baru kukasih hp jumat Dan sabtu saja,",untung anak aku gak megang hp mungkin setelah lewat umur 10 baru kukasih hp jumat dan sabtu saja,positive
R1hQwelEGvU,"di YouTube kids ga banyak video edukasi, di YouTube kids gada jerome polin.",di youtube kids ga banyak video edukasi di youtube kids gada jerome polin,negative
fX2bE5ecHy4,ATUR SEBAWOK MUNGKIN!,atur sebawok mungkin,negative
R1hQwelEGvU,2026 tahun terburuk😢,2026 tahun terburuk,negative
dVTaBKZLsds,Setujuuu setujuuuu setujuu sekali,setujuuu setujuuuu setujuu sekali,positive
OTk4HFU-xn8,Demo Roblox!!!! Indonesia,demo roblox indonesia,negative
aZEtsruDoQc,bundaaaaaaaaaaaaaaaa 😭😭😭😭😭,bundaaaaaaaaaaaaaaaa,negative
JrCe8CVR1KY,Pliss youtube jangan🙏,pliss youtube jangan,negative
OTk4HFU-xn8,Kalau orang tuanya becus semuanya gk seperti ini dan anak2 nurut kepadanya.,kalau orang tuanya becus semuanya gk seperti ini dan anak2 nurut kepadanya,negative
lM-QZ4uCXuk,Alhamdulillah❤,alhamdulillah,positive
TdyE62mSXx0,Woi Cok itu hoax aku aja umu 11 Aja masih bisa main😡😡😡😡🤬,woi cok itu hoax aku aja umu 11 aja masih bisa main,negative
OBb8iLYgMu4,Pemerintah Pao😮 sok ngatur bejir,pemerintah pao sok ngatur bejir,negative
C8XBDjbPNNU,"Seharusnya KONTENNYA diblok, bukan USERNYA",seharusnya kontennya diblok bukan usernya,negative
RsKRrIp--Mg,"Aku setuju soalnya banyak cyberbullying di berbagai platform dan juga bisa jadi brainrot/pelupa kalo lama-lama main hp eh Tapi jangan YouTube gimana mau cari tentang pelajaran gitu, iya aku tau bisa belajar di sekolah tapi kadang-kadang guru ga niat ngajar. Kalo di medsos bisa ulang-ulang dan langsung ngerti<br><br>Opini ku aja yha..",aku setuju soalnya banyak cyberbullying di berbagai platform dan juga bisa jadi brainrotpelupa kalo lamalama main hp eh tapi jangan youtube gimana mau cari tentang pelajaran gitu iya aku tau bisa belajar di sekolah tapi kadangkadang guru ga niat ngajar kalo di medsos bisa ulangulang dan langsung ngertiopini ku aja yha,positive
KIH6ZXRp9g0,Plisssss youtube roblox jangan 😭😭😭,plisssss youtube roblox jangan,negative
2BdXibzPPyc,Semoga dia cepat masuk RSJ,semoga dia cepat masuk rsj,negative
fX2bE5ecHy4,Kenapa sih,kenapa sih,negative
0Sa4S97M-uM,Jujur sebagai penguna YouTube dibawah 16 tahun ini adalah hak yang tidak adil jika Roblox YouTube sosmed di hapus apakah robux (uang Roblox) saya di kembalikan atau di biarkan saja? Jika ini tetap di lakukan justru yang rugi semua rakyat Indonesia karna hampir semua anak punya hp dan Roblox rame karena anak Roblox uang yang sudah dipake buat beli hp sia sia? Dunia keji dan jahat,jujur sebagai penguna youtube dibawah 16 tahun ini adalah hak yang tidak adil jika roblox youtube sosmed di hapus apakah robux uang roblox saya di kembalikan atau di biarkan saja jika ini tetap di lakukan justru yang rugi semua rakyat indonesia karna hampir semua anak punya hp dan roblox rame karena anak roblox uang yang sudah dipake buat beli hp sia sia dunia keji dan jahat,negative
_M85Z0Beq_g,Kalau 15 tahun keatas bisa kah min,kalau 15 tahun keatas bisa kah min,neutral
JrCe8CVR1KY,Ini tidak adil 😢😢😢,ini tidak adil,negative
viGBwFO3nDA,"Dampak positif:<br>Menghindari cyberbullying<br>Menghindari tren&quot; tidak berfaedah<br>Mengurangi paparan radiasi ke anak<br>Mengurangi resiko anak menjumpai orang berbahaya <br><br>Dampak Negatif:<br>Informasi tidak semudah dibanding memiliki sosmed<br>Hilangnya tempat menunjukkan minat &amp; bakat<br>Hilangnya tempat bersosialisasi dengan mudah<br><br>Sarana:<br>Dari SD, Anak harus sudah langsung diajari Etika berinternet. Diterapkan di rumah, sekolah, dll. Nonton YouTube  Konten yang berfaedah. Harus udah tau baik dan buruk dari kecil, caranya diajari. Diawasi ortu. Pas anaknya sudah bisa, bikinlah akun yt, Ig, dll nya. Anak pasti akan menjumpai tren&quot; tidak berfaedah. tetapi sudah mengetahui dan mengerti bahwa ya, tidak bagus. Alhasil, mereka mengabaikan tren yg tidak bagus. Dan cara algoritma sosmed bekerja, kalo diabaikan/discroll artinya tidak disuka penonton, jangan dikasih video&quot; kayak gini.<br>Fyp bersih, otak bersih, Beretika dalam berinternet.",dampak positifmenghindari cyberbullyingmenghindari tren tidak berfaedahmengurangi paparan radiasi ke anakmengurangi resiko anak menjumpai orang berbahaya dampak negatifinformasi tidak semudah dibanding memiliki sosmedhilangnya tempat menunjukkan minat bakathilangnya tempat bersosialisasi dengan mudahsaranadari sd anak harus sudah langsung diajari etika berinternet diterapkan di rumah sekolah dll nonton youtube konten yang berfaedah harus udah tau baik dan buruk dari kecil caranya diajari diawasi ortu pas anaknya sudah bisa bikinlah akun yt ig dll nya anak pasti akan menjumpai tren tidak berfaedah tetapi sudah mengetahui dan mengerti bahwa ya tidak bagus alhasil mereka mengabaikan tren yg tidak bagus dan cara algoritma sosmed bekerja kalo diabaikandiscroll artinya tidak disuka penonton jangan dikasih video kayak ginifyp bersih otak bersih beretika dalam berinternet,neutral
NzMXdwZm8B0,Apala😡😡😡😡😡😡😡😡😡😡😡😡😡😡😡😡😡😡😡😡😡😡😡😡😡😡😡😡😡😡😡😡😡😡😡😡😡😡😡😡😡😡😡😡😡😡😡😡😡😡😡😡😡😡😡😡😡😡😡😡😡😡😡😡😡😡😡😡😡😡😡h pemerintah ini Jadi orang kalau apa mau ngetik sesuatu misalnya memakai kalkulator gimana,apalah pemerintah ini jadi orang kalau apa mau ngetik sesuatu misalnya memakai kalkulator gimana,negative
DfYhY-bKsZI,Pemerintah ban 😡😡😡😡😡👎,pemerintah ban,negative
viGBwFO3nDA,"Ban Roblox bisa, Tapi Sosmed? <br>Wah gila 😲",ban roblox bisa tapi sosmed wah gila,negative
viGBwFO3nDA,Mending tonton YouTube kids 🗿,mending tonton youtube kids,neutral
vk2Ynj24qNA,guys gimana kita demo aja istana presiden,guys gimana kita demo aja istana presiden,negative
2BdXibzPPyc,Alah😢😢😢😢,alah,negative
tuaZNgn2rcc,Ijin bertanya. Konten kreator anak di YouTube bagaimana nasibnya. Apakah akun mereka akan dihapus juga?,ijin bertanya konten kreator anak di youtube bagaimana nasibnya apakah akun mereka akan dihapus juga,neutral
R1hQwelEGvU,Diblokir pun gak berguna karena anak anak dapat membuat akun baru dengan umur 16 tahun keatas.,diblokir pun gak berguna karena anak anak dapat membuat akun baru dengan umur 16 tahun keatas,negative
xOLutbfafBo,Bukan kurangin koruptor malah dibatasi medsosnya ya masa kita cuman nonton TV doang kan nggak seru temen aku aja yang sedih,bukan kurangin koruptor malah dibatasi medsosnya ya masa kita cuman nonton tv doang kan nggak seru temen aku aja yang sedih,negative
lM-QZ4uCXuk,"Aduh, aku mau buat akun khusus share resep makanan, udah enggak bisa😢😢 kena batasan",aduh aku mau buat akun khusus share resep makanan udah enggak bisa kena batasan,negative
KFR9jjVi1D4,Sayak bayak yang menglihat setuju di bawah ini karena mereka udah di atas16 tahun. Tapi yang di bawah 16 tahun tidak setujuh karena bayak di media sosial yang membantu pembelajaran kita di sekolah<br>Terimakasih🙏,sayak bayak yang menglihat setuju di bawah ini karena mereka udah di atas16 tahun tapi yang di bawah 16 tahun tidak setujuh karena bayak di media sosial yang membantu pembelajaran kita di sekolahterimakasih,neutral
aZEtsruDoQc,"Bagaimana dengan judi ?? .... Kakkk bagaimana judi ??? Kan judi dosa. Roblox, tiktok, YouTube itu cita-cita anak jadi tiktokker , yau tuber kakkk harus nyaa judi juga di hapus kannn benerrr yaaaa kakkk tolongggggg jadi menurut. Gem itu aplikasi itu gak baik tapi ada gunanya lohhhh Yau tube itu untuk cari karyaaa kannnn informasi kannn kannnn kannn kann iya kannnn",bagaimana dengan judi kakkk bagaimana judi kan judi dosa roblox tiktok youtube itu citacita anak jadi tiktokker yau tuber kakkk harus nyaa judi juga di hapus kannn benerrr yaaaa kakkk tolongggggg jadi menurut gem itu aplikasi itu gak baik tapi ada gunanya lohhhh yau tube itu untuk cari karyaaa kannnn informasi kannn kannnn kannn kann iya kannnn,negative
viGBwFO3nDA,Untung aku orang malaysia tapi aku sedih kanak kanak Indonesia sudah makin kacau😢,untung aku orang malaysia tapi aku sedih kanak kanak indonesia sudah makin kacau,negative
19eKDDkJt6w,Kalau anak penjabat bagaimana,kalau anak penjabat bagaimana,neutral
fX2bE5ecHy4,"Saya sejujurnya setuju dengan aturan ini, tapi menurut saya Roblox itu jangan sepenuhnya di blokir untuk anak dibawah 16 tahun, kalau bisa di batasi saja, karena Roblox dari awal dibuat untuk anak², Roblox juga punya aturan seperti parental control, dll",saya sejujurnya setuju dengan aturan ini tapi menurut saya roblox itu jangan sepenuhnya di blokir untuk anak dibawah 16 tahun kalau bisa di batasi saja karena roblox dari awal dibuat untuk anak roblox juga punya aturan seperti parental control dll,positive
LSrWXE05LNY,Eh geme mobalejen kan bunuh bunuh kenapa roblox kan gunung  dan matematika goblok ke napa jugak youtube gak ada aneh aneh kan goblok😡😡🤬,eh geme mobalejen kan bunuh bunuh kenapa roblox kan gunung dan matematika goblok ke napa jugak youtube gak ada aneh aneh kan goblok,negative
dVTaBKZLsds,Jangan dong mana gua bocil lagi,jangan dong mana gua bocil lagi,negative
19eKDDkJt6w,Roblox dibatasi epep pun tiba,roblox dibatasi epep pun tiba,neutral
TdyE62mSXx0,Saya tidak setuju kenapa dodol nggak diblokir kenapa kotor dibiarin kenapa kenapa kalian nggak urusin koruptor kenapa kalian nggak urusin jodol dan kalian malah urusin sosmed Saya tidak setuju,saya tidak setuju kenapa dodol nggak diblokir kenapa kotor dibiarin kenapa kenapa kalian nggak urusin koruptor kenapa kalian nggak urusin jodol dan kalian malah urusin sosmed saya tidak setuju,negative
Hy5rx58GES4,Setuju sekali,setuju sekali,positive
C8XBDjbPNNU,Sisi Negatif aja yang di liat,sisi negatif aja yang di liat,negative
OTk4HFU-xn8,Woy jangan block akun saya udah atur tgl lahir menjadi 1960,woy jangan block akun saya udah atur tgl lahir menjadi 1960,negative
JrCe8CVR1KY,Gara gara ada kerudung pink inih,gara gara ada kerudung pink inih,negative
vk2Ynj24qNA,Klo gw bisa milih kek nya g bkl milih tinggal di indo,klo gw bisa milih kek nya g bkl milih tinggal di indo,negative
NzMXdwZm8B0,Kena Pasih harus begitu 🤬🤬🤬🤬🤬🤬🤬😡😡😡😡😡😡🤬😡🤬😡🤬😡🤬😡🤬😡🤬😡🤬😡🤬😡👎👎👎👎,kena pasih harus begitu,negative
TdyE62mSXx0,Ah negara gk maju mending pindah ke amrik damai gw daripada indo gw kasih rating negara indo -0,ah negara gk maju mending pindah ke amrik damai gw daripada indo gw kasih rating negara indo 0,negative
2BdXibzPPyc,Somoga dia langsung lupain,somoga dia langsung lupain,neutral
vk2Ynj24qNA,Body,body,neutral
QDj0g7Xw2rg,Jagannn noo,jagannn noo,negative
KIH6ZXRp9g0,Ini baru kebijakan yg kreen n melindungi generasi bangsa,ini baru kebijakan yg kreen n melindungi generasi bangsa,positive
p8p-sAq_hhI,Woi korupsi Karo Judi urong kok selesai nakap pe,woi korupsi karo judi urong kok selesai nakap pe,negative
TdyE62mSXx0,itu hoax itu enggak bener patut nya Roblox enggak di blokir malah ada yg beda kok asik enggak di blokir horeeeeeeeee 😊😊😊😆😆😀😀😄😄,itu hoax itu enggak bener patut nya roblox enggak di blokir malah ada yg beda kok asik enggak di blokir horeeeeeeeee,negative
hzDavp3DQo4,Yang gak setuju Roblox diblokir ngumpul di sini 😡<br>👇<br>👇,yang gak setuju roblox diblokir ngumpul di sini,negative
2BdXibzPPyc,"Setuju ,TPI lebih setuju KLO aplikasi game yg sering dimainkan anak anak",setuju tpi lebih setuju klo aplikasi game yg sering dimainkan anak anak,positive
2YHfX7PzVNM,"@Lui:1) zaman sekarang sudah penuh teknologi, termasuk hp. zaman sekarang standarnya memang sudah memegang hp di usia 12+. hp sekrang menjadi hiburan utama, solusi utama, pengenalan dunia luar, mengakses informasi besar pun juga dari sosmed.<br>2) dampak negatif: adiksi, penipuan online, paparan pornografi, serangan siber.<br>→penipuan: bisa memberikan anak2 pengenalan &amp; pengetahuan tentang penipuan, dan cara mengidentifikasikannya. melarang sosmed justru menolak perkembangan antisipasi.<br>→ serangan siber: pemerintah bisa membloki atau memfilter kata2, konten, tujuan yang bersifat perundungan, pelecehan, intimidasi. caranya: bisa meningkatkan keketatan filter aplikasi. ketika konten banyak di report dengan bukti yang kuat, bisa langsung di blokir.<br>→ paparan pornografi: orang tua bisa mengawasi penggunaan, pencarian web, histori konten yang di telusuri anak. penyelidikan akses pornografi juga perlu ditingkatkan, tidak hanya melarang, tetapi pemerintah juga perlu terjun untuk melakukan pemberantasan akses pornografi. pemfilteran report juga bisa semakin di ketatkan.<br>→ adiksi: pemfilteran dan keketatan blokir sistem bisa di terapkan ke seluruh konten. sistem filter di aplikasi juga perlu ditingkatkan. ketika konten banyak di report; dengan bukti kuat bisa langsung diblokir.<br>kalau kita analisis lebih dalam, banyak solusi yang bisa kita pake.<br>dampak positif sosmed:<br>peningkatan akses informasi, pengenalan dunia luar, peningkatan sdm, pergaulan sosial lebih luas, hiburan, pemikiran remaja banyak yang rasional &amp; kritis, pendidikan&amp; edukasi lebih lengkap di sosmed, dll. kalau dilakukan pemblokiran akses di bawah 16. Sdm di indonesia semakin turun, kualitas pemikiran semakin kacau, generasi semakin ga terarah, kewajiban orang tua menurun (kontrol sosmed), kewajiban sistem filterisasi sosmed di negara juga kacau. ketika dah di atas umur 16 juga kalau belum di didik juga akan terus mendapat dampak negatif.",lui1 zaman sekarang sudah penuh teknologi termasuk hp zaman sekarang standarnya memang sudah memegang hp di usia 12 hp sekrang menjadi hiburan utama solusi utama pengenalan dunia luar mengakses informasi besar pun juga dari sosmed2 dampak negatif adiksi penipuan online paparan pornografi serangan siberpenipuan bisa memberikan anak2 pengenalan pengetahuan tentang penipuan dan cara mengidentifikasikannya melarang sosmed justru menolak perkembangan antisipasi serangan siber pemerintah bisa membloki atau memfilter kata2 konten tujuan yang bersifat perundungan pelecehan intimidasi caranya bisa meningkatkan keketatan filter aplikasi ketika konten banyak di report dengan bukti yang kuat bisa langsung di blokir paparan pornografi orang tua bisa mengawasi penggunaan pencarian web histori konten yang di telusuri anak penyelidikan akses pornografi juga perlu ditingkatkan tidak hanya melarang tetapi pemerintah juga perlu terjun untuk melakukan pemberantasan akses pornografi pemfilteran report juga bisa semakin di ketatkan adiksi pemfilteran dan keketatan blokir sistem bisa di terapkan ke seluruh konten sistem filter di aplikasi juga perlu ditingkatkan ketika konten banyak di report dengan bukti kuat bisa langsung diblokirkalau kita analisis lebih dalam banyak solusi yang bisa kita pakedampak positif sosmedpeningkatan akses informasi pengenalan dunia luar peningkatan sdm pergaulan sosial lebih luas hiburan pemikiran remaja banyak yang rasional kritis pendidikan edukasi lebih lengkap di sosmed dll kalau dilakukan pemblokiran akses di bawah 16 sdm di indonesia semakin turun kualitas pemikiran semakin kacau generasi semakin ga terarah kewajiban orang tua menurun kontrol sosmed kewajiban sistem filterisasi sosmed di negara juga kacau ketika dah di atas umur 16 juga kalau belum di didik juga akan terus mendapat dampak negatif,negative
LFfRhLKHdJA,"Ini pembodhan, contoh cucu saya, kretive sekali, dia kita batasi bermain Roblock hanya sabtu dan minggu dia patuh, sekarang dia bisa buat game sendiri, coba bayangkan bagaimana memacu anak untuk kreative jika di batasi, kita sih ketawa saja, saya pakai acun saya untuk roblock dgn parent control, jangan membuat anak bangsa bodoh mesti di latih sejak dini, jika di larang apa ada solusi memanusiakan anak, mana ada kartoon yang mendidik, selain upin ipin? Ini bentuk mematikan kreativitas anak, apa tujuanya. Contoh hukuman jika anak tidak patuh, mereka di hukum tidak boleh main game pada sabtu dan minggu, ini bentuk mendidik anak yang benar, buat jadual dan parent controll, sogong",ini pembodhan contoh cucu saya kretive sekali dia kita batasi bermain roblock hanya sabtu dan minggu dia patuh sekarang dia bisa buat game sendiri coba bayangkan bagaimana memacu anak untuk kreative jika di batasi kita sih ketawa saja saya pakai acun saya untuk roblock dgn parent control jangan membuat anak bangsa bodoh mesti di latih sejak dini jika di larang apa ada solusi memanusiakan anak mana ada kartoon yang mendidik selain upin ipin ini bentuk mematikan kreativitas anak apa tujuanya contoh hukuman jika anak tidak patuh mereka di hukum tidak boleh main game pada sabtu dan minggu ini bentuk mendidik anak yang benar buat jadual dan parent controll sogong,negative
R1hQwelEGvU,LAH NGATUR,lah ngatur,negative
JrCe8CVR1KY,"Dan juga anak Indonesia butuh hiburan main hp supaya tidak stress ,karena pelajaran,belajar nya gk ngotak😂😂😂",dan juga anak indonesia butuh hiburan main hp supaya tidak stress karena pelajaranbelajar nya gk ngotak,negative
aZEtsruDoQc,Harusnya mereka itu mikir! Kalo tanpa medsos di umur segitu ada yang merasa dirugikan krn ada yg membuat usaha dll,harusnya mereka itu mikir kalo tanpa medsos di umur segitu ada yang merasa dirugikan krn ada yg membuat usaha dll,negative
JrCe8CVR1KY,Dh lh,dh lh,negative
nVMFsgHRcnY,"YAH ELAH, DIKIT DIKIT ROBLOX DI BAWA BAWA DAH, KEMAREN MAU DI BLOKIR SEKARANG GAK BOLEH TERUS, KALO YOUTUBE GAK ADA KITA GAK NONTON NIH CHANNEL PASTI",yah elah dikit dikit roblox di bawa bawa dah kemaren mau di blokir sekarang gak boleh terus kalo youtube gak ada kita gak nonton nih channel pasti,negative
lM-QZ4uCXuk,Kalo yang introvert gimana 😢,kalo yang introvert gimana,neutral
hzDavp3DQo4,Emang kalian tau umur kami berapa,emang kalian tau umur kami berapa,neutral
_M85Z0Beq_g,Laaa tidak dinonaktifkan ff,laaa tidak dinonaktifkan ff,neutral
V_mvjaonG-w,Setuju bgt.mmg inilah solusinya yg paling tepat.mudah2 segera terealisasi❤,setuju bgtmmg inilah solusinya yg paling tepatmudah2 segera terealisasi,positive
p8p-sAq_hhI,So asik l kuda lumping banyak omong gj bgt,so asik l kuda lumping banyak omong gj bgt,negative
V_mvjaonG-w,Gmn dengan anak2 yg punya chanel youtube smpe jutaan sub apakah di blokir juga <br>Kocaaaakk😂😂,gmn dengan anak2 yg punya chanel youtube smpe jutaan sub apakah di blokir juga kocaaaakk,negative
8i7X3KrGeF0,Kak?... Aku capek dengan kehidupan ku... Banyak bullying.. Setiap pulang sekolah aku langsung ngerjain tugas.. Lalu hanya ingin mencari hiburan tidak boleh ?.. Teman teman saya kebanyakan mandang fisik jadi malas...,kak aku capek dengan kehidupan ku banyak bullying setiap pulang sekolah aku langsung ngerjain tugas lalu hanya ingin mencari hiburan tidak boleh teman teman saya kebanyakan mandang fisik jadi malas,negative
lM-QZ4uCXuk,mantap..,mantap,positive
fX2bE5ecHy4,Hahahahaha gini nih kalau gila hahaha,hahahahaha gini nih kalau gila hahaha,negative
OTk4HFU-xn8,Saya setuju bgt media sosial ini ditutup buat anak di bawah umur itu. Anak2 menjadi bodor karna sosmed ini.,saya setuju bgt media sosial ini ditutup buat anak di bawah umur itu anak2 menjadi bodor karna sosmed ini,positive
tuaZNgn2rcc,1000% setuju,1000 setuju,positive
p8p-sAq_hhI,Halah nyocot 😂😂,halah nyocot,negative
NzMXdwZm8B0,Ini sudah cemas🥀,ini sudah cemas,neutral
LSrWXE05LNY,jangan begitu😊,jangan begitu,negative
dVTaBKZLsds,Apa gak ada TEROBOSAN lain yg spektakuler ???!!!!!!!  Hadehhhhh.....😅,apa gak ada terobosan lain yg spektakuler hadehhhhh,negative
QDj0g7Xw2rg,Woi Roblox salah apa anj🤬🤬,woi roblox salah apa anj,negative
vk2Ynj24qNA,Kok kementrian tegasih kalau gak ada bocil tiktok dan YouTube akan sepi terus semua YouTuber akan sepi YouTube ku sepi dong 😭😭😭😭😭😭😭😭😭😭😭😭😭😭,kok kementrian tegasih kalau gak ada bocil tiktok dan youtube akan sepi terus semua youtuber akan sepi youtube ku sepi dong,negative
V_mvjaonG-w,Setujuuuuuu banget kalau benar benar terlaksana,setujuuuuuu banget kalau benar benar terlaksana,positive
QDj0g7Xw2rg,"WOI GW BELAJAR PAKE MEDSOS, MIKIR PAKE OTAK",woi gw belajar pake medsos mikir pake otak,negative
xOLutbfafBo,Gua tau berita ini sekarag gak ada medsos karna roblox dihapus,gua tau berita ini sekarag gak ada medsos karna roblox dihapus,neutral
DfYhY-bKsZI,Sampe batu kajang kah,sampe batu kajang kah,neutral
NzMXdwZm8B0,Gua belajar dari mana gitu orang aku tuh belajar di you tube,gua belajar dari mana gitu orang aku tuh belajar di you tube,negative
TdyE62mSXx0,Jangan dihapus Please jangan dihapus aku masih kangen Roblox,jangan dihapus please jangan dihapus aku masih kangen roblox,negative
JrCe8CVR1KY,Aku gak mau ke hilang semua YouTube oh iya umur ku kan udah 20 tahun mungkin,aku gak mau ke hilang semua youtube oh iya umur ku kan udah 20 tahun mungkin,negative
C8XBDjbPNNU,"KebayakAn org tuanya sendiri yg bikin akunya, gimana mau tau anaknya yg pake.aplikasinya di bolokir",kebayakan org tuanya sendiri yg bikin akunya gimana mau tau anaknya yg pakeaplikasinya di bolokir,negative
TdyE62mSXx0,Bising,bising,negative
aZEtsruDoQc,Kita nonton yutube untuk belajar,kita nonton yutube untuk belajar,negative
tuaZNgn2rcc,Ini lagi ... lelucuan ... hahahaha,ini lagi lelucuan hahahaha,neutral
0Sa4S97M-uM,Judol blokir juga lah pemerintah dongo🤣🤫😬,judol blokir juga lah pemerintah dongo,negative
LFfRhLKHdJA,Bayak bocil maen EPEP jadi darksistem harus di larang soalyah beban tim....,bayak bocil maen epep jadi darksistem harus di larang soalyah beban tim,neutral
fX2bE5ecHy4,"gw yang konten kreator gimana:( , di sini tempat gw cari uang dikit dikit plss , buat sedikit ngeringanin beban ortu, ga setuju banget 💔 gamauuuuu!!!",gw yang konten kreator gimana di sini tempat gw cari uang dikit dikit plss buat sedikit ngeringanin beban ortu ga setuju banget gamauuuuu,negative
QDj0g7Xw2rg,"jadi gini,udah bertahun tahun loh ya judi gak di blokir😂",jadi giniudah bertahun tahun loh ya judi gak di blokir,negative
2YHfX7PzVNM,Kemungkinan besar klian ini adalah umur 13-15 tahun -_-,kemungkinan besar klian ini adalah umur 1315 tahun,neutral
RsKRrIp--Mg,Masih bisa ah ini,masih bisa ah ini,neutral
C8XBDjbPNNU,Aku tidak setuju kalau YouTube di blokir. Kalau itu blokir terus kalau menambah pembelajaran matematika gimana? Kalau ada pertanyaan susah gimana? Terus kalau di YouTube kan ada isi tentang pembelajaran soal agama islam,aku tidak setuju kalau youtube di blokir kalau itu blokir terus kalau menambah pembelajaran matematika gimana kalau ada pertanyaan susah gimana terus kalau di youtube kan ada isi tentang pembelajaran soal agama islam,negative
C8XBDjbPNNU,Takut viralin MBG,takut viralin mbg,negative
p8p-sAq_hhI,NO ROBLOX NO KORUPSI<br>NO ROBLOX NO JUDI<br>NO ROBLOX NO NGATUR<br>ROBLOX ROBLOX YES<br>KORUPSI KORUPSI NOO<br><br>PEMERINTAH GAK ADA AKHLAK BUKANNYA MENJAUHI HACKER ATAU MENINGKATKAN KE AMANAN TAMBAH DI BLOKIR GAK PUNYA OTAAAAK,no roblox no korupsino roblox no judino roblox no ngaturroblox roblox yeskorupsi korupsi noopemerintah gak ada akhlak bukannya menjauhi hacker atau meningkatkan ke amanan tambah di blokir gak punya otaaaak,negative
lM-QZ4uCXuk,Jadi... Bagaimana kalau 14 and 15 tahun?,jadi bagaimana kalau 14 and 15 tahun,neutral
fX2bE5ecHy4,Memang tidak masuk akal,memang tidak masuk akal,negative
8i7X3KrGeF0,bang aku boleh punya akun umur aku aja 16,bang aku boleh punya akun umur aku aja 16,neutral
viGBwFO3nDA,Noooooo jangan di blokir tiktok YouTube nooo vidio gua udah capek bikin malah di blokir emang mau pindah negara aja Indonesia gak bisa maju kalo semua harus blokir koruptor gak blokir judi apa aaaaaa malas,noooooo jangan di blokir tiktok youtube nooo vidio gua udah capek bikin malah di blokir emang mau pindah negara aja indonesia gak bisa maju kalo semua harus blokir koruptor gak blokir judi apa aaaaaa malas,negative
C8XBDjbPNNU,Gua lebih baik pidah negara dari pada tinggal di konoha,gua lebih baik pidah negara dari pada tinggal di konoha,negative
C8XBDjbPNNU,"itu bagi org dewasa bagi kita ga yg ditanya yg setuju aja jir 🙄 di roblox udah gabisa chat malah ikut ikutan di blok avatar/karakter udah diawasain malah ikut ikutan jir gaasik tau 🥲 <a href=""https://www.youtube.com/watch?v=C8XBDjbPNNU&amp;t=149"">2:29</a>",itu bagi org dewasa bagi kita ga yg ditanya yg setuju aja jir di roblox udah gabisa chat malah ikut ikutan di blok avatarkarakter udah diawasain malah ikut ikutan jir gaasik tau a href,negative
vk2Ynj24qNA,kami dukung pemerintah dan komdigi. ini aturan terbaik untuk generasi mudah indonesia.,kami dukung pemerintah dan komdigi ini aturan terbaik untuk generasi mudah indonesia,positive
C8XBDjbPNNU,banyak aplikasi ilegal...,banyak aplikasi ilegal,neutral
OTk4HFU-xn8,Blokir seluruh aplikasi judol dan seluruh game,blokir seluruh aplikasi judol dan seluruh game,neutral
nVMFsgHRcnY,Knp Roblox g diblokir aja😁mo umur 16 THN kek blokir aja,knp roblox g diblokir ajamo umur 16 thn kek blokir aja,neutral
_M85Z0Beq_g,Pake HP nenek saya aja🫵😂,pake hp nenek saya aja,neutral
OBb8iLYgMu4,Oi pemerinta  demo yok,oi pemerinta demo yok,negative
viGBwFO3nDA,Bagusnya juga ada aturan melarang ortu meminjam kan KTP atau surat pribadi terhadap anak,bagusnya juga ada aturan melarang ortu meminjam kan ktp atau surat pribadi terhadap anak,positive
lM-QZ4uCXuk,Atur juga akun yg mmbuat berita hoax bu. Bnyk akun yg jd akun berita dadakan. Minal klo mau biat berita ada izin nya,atur juga akun yg mmbuat berita hoax bu bnyk akun yg jd akun berita dadakan minal klo mau biat berita ada izin nya,neutral
TdyE62mSXx0,Ancaman-ancaman bapak bapake mbahmu ancaman-ancaman semua orang udah tahu semua bocil udah tahu semua bocil itu butuh konten untuk bayar-bayar apa kek membantu orang tua kek membantu anda agar lebih jelas otak kamu diganti sana ke dokter,ancamanancaman bapak bapake mbahmu ancamanancaman semua orang udah tahu semua bocil udah tahu semua bocil itu butuh konten untuk bayarbayar apa kek membantu orang tua kek membantu anda agar lebih jelas otak kamu diganti sana ke dokter,negative
QDj0g7Xw2rg,Sakit apasai,sakit apasai,negative
viGBwFO3nDA,Koten kreator bisa panik karena pendukung nya loh😭😭😭😭,koten kreator bisa panik karena pendukung nya loh,neutral
8i7X3KrGeF0,Sudah tahu ( im already know),sudah tahu im already know,neutral
lM-QZ4uCXuk,anomali tingggal ganti tanggal lahir sams gmail,anomali tingggal ganti tanggal lahir sams gmail,neutral
LFfRhLKHdJA,Cara pengawasannya gimana? Yg melanggar dilaporin kemana? Pertanyaan2 ini nawaitunya agar aturan ini efektif.,cara pengawasannya gimana yg melanggar dilaporin kemana pertanyaan2 ini nawaitunya agar aturan ini efektif,neutral
_M85Z0Beq_g,Capek pemerintah dihina sama bocil bocil wkwk jadi di blokir,capek pemerintah dihina sama bocil bocil wkwk jadi di blokir,neutral
nVMFsgHRcnY,itu tak adil,itu tak adil,negative
DfYhY-bKsZI,demo demo demo,demo demo demo,negative
iLERE4VmtZc,"Supaya ibu menteri tau, konten porno, konten judi dan segala macam sudah masuk di game online dan yg live streamer pun seperti Bisu Ibu.. klo ibu mau jaga anak² penerus bangsa ya ijin saran Bu, tutup semua game online ibu atau di ambil alih servernya oleh pemerintah biar benar2 di kontrol. Ngeri pengaruhnya Bu",supaya ibu menteri tau konten porno konten judi dan segala macam sudah masuk di game online dan yg live streamer pun seperti bisu ibu klo ibu mau jaga anak penerus bangsa ya ijin saran bu tutup semua game online ibu atau di ambil alih servernya oleh pemerintah biar benar2 di kontrol ngeri pengaruhnya bu,positive
hzDavp3DQo4,Yang ini lebih buruk daripada dicuci otaknya,yang ini lebih buruk daripada dicuci otaknya,negative
iLERE4VmtZc,Terlambat,terlambat,negative
KIH6ZXRp9g0,Buat apa gw punya hp,buat apa gw punya hp,negative
p8p-sAq_hhI,Kayak yah kau sala deh soal yah sayah umur 10 tahun padahal sayah kelas 3 SD selamat tin gal pelang garan hp bai bai selm mat tigal 7 tahun lagi tirima kasi,kayak yah kau sala deh soal yah sayah umur 10 tahun padahal sayah kelas 3 sd selamat tin gal pelang garan hp bai bai selm mat tigal 7 tahun lagi tirima kasi,neutral
aZEtsruDoQc,"aku gk mau kehilangan roblox ku aku robux ada 993k lagi masih banyak sama youtube aku suka belajar dari youtube<a href=""UCkszU2WH9gy1mb0dV-11UJg/7cIfY5niDOmSkNAP08CA6A4""></a><a href=""UCkszU2WH9gy1mb0dV-11UJg/7cIfY5niDOmSkNAP08CA6A4""></a>😭😭☹☹😭😭😭😭😭😭",aku gk mau kehilangan roblox ku aku robux ada 993k lagi masih banyak sama youtube aku suka belajar dari youtube,negative
0Sa4S97M-uM,Gak peduli gue 🗿,gak peduli gue,neutral
TdyE62mSXx0,Lah ini tanggal 29 Maret Lo kenapa Roblox masih ada padahal aku umur 8 tahun lohhhhhhh mitosssss anjay 😂😂😂😂😂,lah ini tanggal 29 maret lo kenapa roblox masih ada padahal aku umur 8 tahun lohhhhhhh mitosssss anjay,neutral
C8XBDjbPNNU,Tidak setuju 🤬🤬🤬🤬🤬🤬🤬,tidak setuju,negative
tuaZNgn2rcc,"Ini lah senjata y yahudi untuk membodohi anak2 juga penerus bangsa negri tercinta ini ...baru terasa y efek digital🤣🤣🤣sampean ingat waktu jaman kopid knpa anak2 tidak boleh ke sekolah,tus belajar dng apa dan siapa yg membolehkan dan memperkenalkan digital bahkan kalian mempasilitasi internet gratis untuk anak2...",ini lah senjata y yahudi untuk membodohi anak2 juga penerus bangsa negri tercinta ini baru terasa y efek digitalsampean ingat waktu jaman kopid knpa anak2 tidak boleh ke sekolahtus belajar dng apa dan siapa yg membolehkan dan memperkenalkan digital bahkan kalian mempasilitasi internet gratis untuk anak2,negative
JrCe8CVR1KY,YES GW NGGAK LES LAGI 🎉🎉 KAN LES GUA OFLINE DIRUMAH 😂,yes gw nggak les lagi kan les gua ofline dirumah,positive
V_mvjaonG-w,Terapkan dr anak2 pejabat dahulu...,terapkan dr anak2 pejabat dahulu,neutral
19eKDDkJt6w,Pemerintah THOLOL,pemerintah tholol,negative
V_mvjaonG-w,se7 walo agak terlambat,se7 walo agak terlambat,positive
aZEtsruDoQc,Kami sangat sangat tidak setuju karena Indonesia adalah salah satu negara yang memiliki banyak anak berhobi bermain Roblox dan medsos,kami sangat sangat tidak setuju karena indonesia adalah salah satu negara yang memiliki banyak anak berhobi bermain roblox dan medsos,negative
dVTaBKZLsds,Gimana caranya ? Orang tua yg serumah saha gagal apalagi pemerintah. Kalau mau batasi jumlah hp. Pembelian hp harus dengan aturan yg ketat serta penggunaan kartu SIM Card tanam yg tidak bisa ganti ganti nomor. Hp untuk anak harus menggunakan nomor khusus yg hanya bisa untuk nelpon dan wa saja.,gimana caranya orang tua yg serumah saha gagal apalagi pemerintah kalau mau batasi jumlah hp pembelian hp harus dengan aturan yg ketat serta penggunaan kartu sim card tanam yg tidak bisa ganti ganti nomor hp untuk anak harus menggunakan nomor khusus yg hanya bisa untuk nelpon dan wa saja,negative
QDj0g7Xw2rg,alhamdulilah ternyata benar 2045 bukan indonesia emas❎ tapi indonesia cemas✅,alhamdulilah ternyata benar 2045 bukan indonesia emas tapi indonesia cemas,negative
viGBwFO3nDA,Umur 13-14 itu udah tau mana yang baik dan mana yang buruk,umur 1314 itu udah tau mana yang baik dan mana yang buruk,negative
hzDavp3DQo4,tenang saja itu hanya dibatasi bukan dihapus,tenang saja itu hanya dibatasi bukan dihapus,positive
hzDavp3DQo4,ko discord ga,ko discord ga,negative
LSrWXE05LNY,Udah nene pelajaran anak kecil pikir kids,udah nene pelajaran anak kecil pikir kids,neutral
iLERE4VmtZc,Wow 😂😂😂😂,wow,neutral
QDj0g7Xw2rg,Beresin judol dulu dong😡😡😡😡,beresin judol dulu dong,negative
iLERE4VmtZc,Judoll gk di di blokirrrrrr,judoll gk di di blokirrrrrr,negative
R1hQwelEGvU,Gak setuju,gak setuju,negative
8i7X3KrGeF0,Ini udah tanggal 28 Maret 2026! Hoax,ini udah tanggal 28 maret 2026 hoax,neutral
cqVq6jZn0CM,Menyimak,menyimak,neutral
19eKDDkJt6w,ye elah gimana sih awas aja lu blokir robolx Mulu etdah coy,ye elah gimana sih awas aja lu blokir robolx mulu etdah coy,negative
0Sa4S97M-uM,Woi gob,woi gob,negative
R1hQwelEGvU,Iklannn judollll duluuu woiii,iklannn judollll duluuu woiii,negative
dVTaBKZLsds,Wait kenapa game Roblox di blokir😂,wait kenapa game roblox di blokir,neutral
_M85Z0Beq_g,"Kami ratyat INDONESIA!,kami tidak TERIMAA!😡😡 <br><br><br>Terus kami melakukan apa? Hah!,  kayak nya kita harud protes nih😡😡😡",kami ratyat indonesiakami tidak terimaa terus kami melakukan apa hah kayak nya kita harud protes nih,negative
cqVq6jZn0CM,Setuju penon aktifkan,setuju penon aktifkan,positive
DfYhY-bKsZI,bagus gak jadi good job,bagus gak jadi good job,negative
TdyE62mSXx0,Gue baru aja ulang tahun ke-13 lu bisa-bisanya melarang remaja seperti ku untuk bermain Roblox,gue baru aja ulang tahun ke13 lu bisabisanya melarang remaja seperti ku untuk bermain roblox,negative
LFfRhLKHdJA,Bagus.. Sangat membantu org tua dan menyelamatkan generasi indonesia,bagus sangat membantu org tua dan menyelamatkan generasi indonesia,positive
C8XBDjbPNNU,Kalau Youtube Kids Its Okelah Bebas,kalau youtube kids its okelah bebas,neutral
OBb8iLYgMu4,Boong,boong,neutral
C8XBDjbPNNU,Gua gk tau Apakah umur 11-15 tahun masih bisa akses internet😢,gua gk tau apakah umur 1115 tahun masih bisa akses internet,neutral
0Sa4S97M-uM,Nggak lama lagi demo ini😂,nggak lama lagi demo ini,neutral
lM-QZ4uCXuk,TIDAK TAU YA ATAU PURA2 TUDAK TAU DARI FPR YA BAGUSIN DULU DIRIMU OKE,tidak tau ya atau pura2 tudak tau dari fpr ya bagusin dulu dirimu oke,negative
NzMXdwZm8B0,Sekarang 28 Maret guya,sekarang 28 maret guya,neutral
TdyE62mSXx0,NO NO NO,no no no,negative
NzMXdwZm8B0,Urussin judol duluuuuuu,urussin judol duluuuuuu,negative
2YHfX7PzVNM,"judol noh berantas ,",judol noh berantas,negative
TdyE62mSXx0,Koruptor ga di belokir,koruptor ga di belokir,negative
aZEtsruDoQc,Kalau youtube kan ad gotube😎👍,kalau youtube kan ad gotube,neutral
xOLutbfafBo,Berhati roblox udah dihapus sama berita,berhati roblox udah dihapus sama berita,neutral
RsKRrIp--Mg,Itu cuman dibatasi blokir❌dibatasi✔️,itu cuman dibatasi blokirdibatasi,positive
_M85Z0Beq_g,Kasihan miaw aug dan frost diamond gak dapet duit tinggal main layangan dek,kasihan miaw aug dan frost diamond gak dapet duit tinggal main layangan dek,negative
tuaZNgn2rcc,Judol apa kabar,judol apa kabar,negative
RsKRrIp--Mg,Nanti Kita Saat 28 mar 2026 kita demo yuk siapa yang mau ikut,nanti kita saat 28 mar 2026 kita demo yuk siapa yang mau ikut,negative
NzMXdwZm8B0,"<a href=""https://www.youtube.com/watch?v=NzMXdwZm8B0&amp;t=112"">1:52</a>",a href,neutral
xOLutbfafBo,"Terus koruptor di biarin aja nih, 😂😂 kocak emang",terus koruptor di biarin aja nih kocak emang,negative
tuaZNgn2rcc,Judol dan Pinjol kapan diblokir permanen Bu??????????????????????????????????????????,judol dan pinjol kapan diblokir permanen bu,neutral
QDj0g7Xw2rg,Yang lahir 27 Maret 2010: 😁😆🥳<br>Yang lahir 29 Maret 2010: 😭😡💀,yang lahir 27 maret 2010 yang lahir 29 maret 2010,neutral
vk2Ynj24qNA,Uuh dasar  pemerintah gak jelas 😡😡😡,uuh dasar pemerintah gak jelas,negative
V_mvjaonG-w,Untung Gw Dibantu Bikin Akun Oleh Om Gw😂,untung gw dibantu bikin akun oleh om gw,neutral
TdyE62mSXx0,"Hehhhhh kenapa tulisan nya cuman Roblox padahal Roblox itu kandungan nya soal kreativitas, bahkan saya bisa belajar bahasa inggris karena Roblox apa masalahnya kenapa ga PUBG game haram ga di blokir juga! Mobile legend dan ff aja tembak tembakan bodoh apa apalagi mobile legend bunuh bunuhan masa cuma roblox lagian Roblox itu buat aku pintar inggris apa sih ini pemerintah",hehhhhh kenapa tulisan nya cuman roblox padahal roblox itu kandungan nya soal kreativitas bahkan saya bisa belajar bahasa inggris karena roblox apa masalahnya kenapa ga pubg game haram ga di blokir juga mobile legend dan ff aja tembak tembakan bodoh apa apalagi mobile legend bunuh bunuhan masa cuma roblox lagian roblox itu buat aku pintar inggris apa sih ini pemerintah,negative
aZEtsruDoQc,kenapa roblox doang ff game yang mengajarkan anak anak tembak tembakan ml pupj gimana tuh kan ga adil harusnya ff ml sama pupj juga dibaned,kenapa roblox doang ff game yang mengajarkan anak anak tembak tembakan ml pupj gimana tuh kan ga adil harusnya ff ml sama pupj juga dibaned,negative
OBb8iLYgMu4,Judi aja belum diberesin,judi aja belum diberesin,negative
LFfRhLKHdJA,Ciri ciri negara tertinggal adalah banyak memproduksi aturan tapi tidak sanggub melaksanakannya lalu bikin lagi aturan baru begitu seterusnya,ciri ciri negara tertinggal adalah banyak memproduksi aturan tapi tidak sanggub melaksanakannya lalu bikin lagi aturan baru begitu seterusnya,negative
19eKDDkJt6w,Hoax ajingg,hoax ajingg,neutral
aZEtsruDoQc,"Gw Engga sih, seharusnya kalo ada pemblokiran gitu pasti bakal ada yang akunnya udah tua tapi yang pake bocilkan?, terus juga kalo mau blokir gitu jangan langsung blokir seharusnya KOMINFO harus mendapatkan restu dari orang tuanya, bisa aja ada yang butuh banget tapi gabisa dipake lagi karena di blokir sama KOMINFO ANJ",gw engga sih seharusnya kalo ada pemblokiran gitu pasti bakal ada yang akunnya udah tua tapi yang pake bocilkan terus juga kalo mau blokir gitu jangan langsung blokir seharusnya kominfo harus mendapatkan restu dari orang tuanya bisa aja ada yang butuh banget tapi gabisa dipake lagi karena di blokir sama kominfo anj,negative
aZEtsruDoQc,Plias jangann🙏🙏😭😭😭😭,plias jangann,negative
2YHfX7PzVNM,Judol kok ga di hapus?,judol kok ga di hapus,neutral
xOLutbfafBo,Ngo nyepi nyihh 😂,ngo nyepi nyihh,neutral
QDj0g7Xw2rg,carmuk pemerintah,carmuk pemerintah,neutral
viGBwFO3nDA,gue udh tau kok mana baik mana buruk TRS JUDOL DIBIARKAN GITU???🫪🙄,gue udh tau kok mana baik mana buruk trs judol dibiarkan gitu,negative
C8XBDjbPNNU,"bro and sis, i mean media sosial gak seharusnya ditindak sampai sejauh itu, karena dari yang saya alami sendiri, banyak ability/kemampuan yang bisa kudapatkan, semisalnya ini peraturan sudah ada dari dulu, i cann&#39;t get ability ngoding, fotografi or videografi, graphic design, drawing, and many things, that all ability i can do because media social and now you what to block all, i don&#39;t get it, i need an more explanation???",bro and sis i mean media sosial gak seharusnya ditindak sampai sejauh itu karena dari yang saya alami sendiri banyak abilitykemampuan yang bisa kudapatkan semisalnya ini peraturan sudah ada dari dulu i cannt get ability ngoding fotografi or videografi graphic design drawing and many things that all ability i can do because media social and now you what to block all i dont get it i need an more explanation,negative
p8p-sAq_hhI,Emang ada masalah apasih anak anak,emang ada masalah apasih anak anak,neutral
0Sa4S97M-uM,blokir judi online,blokir judi online,neutral
tuaZNgn2rcc,Mikir dampak nya! Anak² bisa gangguan mental,mikir dampak nya anak bisa gangguan mental,negative
DfYhY-bKsZI,Ayo hujat habis habisan😡😡😡🤬😡🤬🤬😡😡😡,ayo hujat habis habisan,negative
19eKDDkJt6w,gimana nonton nissa sabyan kamu benci nissa sabyan hah sholawatnya merdu banget ayo jawab kenapa sih,gimana nonton nissa sabyan kamu benci nissa sabyan hah sholawatnya merdu banget ayo jawab kenapa sih,negative
Hy5rx58GES4,Saya setuju tapi saya tidak setuju kalau YouTube dan Roblox di hapus <br>saya tidak setuju 😢😢😢,saya setuju tapi saya tidak setuju kalau youtube dan roblox di hapus saya tidak setuju,positive
hzDavp3DQo4,"Akun medsos dibatasi sementara Apk judi HGI berkedok game hiburan diberi akses di playstore,, Pencitraan lagi ini video",akun medsos dibatasi sementara apk judi hgi berkedok game hiburan diberi akses di playstore pencitraan lagi ini video,negative
p8p-sAq_hhI,"1 titik 2 koma <br>Lu cantik kaya doma <br><br>Dari pada aturan gini mending batasi dulu pajak, korupsi, dan kok cuman satu pihak itu coba lu ada di posisi kita lu akan merasakan apa dampak bagi kita semua, ya setidaknya daripada seperti itu perketat aja  aturan nya atau seperti ini<br>Kita harus memisah kan duri dari ikan dengan daging nya bukan malah membung semuanya 🥺🥺",1 titik 2 koma lu cantik kaya doma dari pada aturan gini mending batasi dulu pajak korupsi dan kok cuman satu pihak itu coba lu ada di posisi kita lu akan merasakan apa dampak bagi kita semua ya setidaknya daripada seperti itu perketat aja aturan nya atau seperti inikita harus memisah kan duri dari ikan dengan daging nya bukan malah membung semuanya,negative
NzMXdwZm8B0,Woi para pemimpin ntar jangan percaya ya soalnya itu semua bohong,woi para pemimpin ntar jangan percaya ya soalnya itu semua bohong,neutral
2YHfX7PzVNM,"Bod*hnya pemerintah, anak2 dibawah usia itu juga harusnya dilarang 😭😭😭😭 kalian benar2 budak kapitalisme, siap-siaplah kalian pertanggungjawabkan hasil dr apa yg kalian perbuat atas jabatan kalian, langsung di hadapan Tuhan, siap-siaplah menanggung akibatnya, krn umur ga ada yg tau",bodhnya pemerintah anak2 dibawah usia itu juga harusnya dilarang kalian benar2 budak kapitalisme siapsiaplah kalian pertanggungjawabkan hasil dr apa yg kalian perbuat atas jabatan kalian langsung di hadapan tuhan siapsiaplah menanggung akibatnya krn umur ga ada yg tau,negative
JrCe8CVR1KY,Kita akan kembali ke YouTube kids dan menjadi anak biasa 🥺🥺🥲🥲,kita akan kembali ke youtube kids dan menjadi anak biasa,neutral
lM-QZ4uCXuk,Bravo ibu KOMONDIGI ....<br>Mengurangi segala nya ...demi masa depan anak ....sangat setuju,bravo ibu komondigi mengurangi segala nya demi masa depan anak sangat setuju,positive
LFfRhLKHdJA,"Remeh temeh diurusin, judol yg merampok rakyat dibiarin",remeh temeh diurusin judol yg merampok rakyat dibiarin,negative
viGBwFO3nDA,kalau mau blokir akun medsos jangan YouTube lah kami mau nonton apa televisi kalau gak punya gimana. lu tinggal ngomong doang kalau lu jadi anak yang umurnya dibawah 16 tahun pasti gak terima,kalau mau blokir akun medsos jangan youtube lah kami mau nonton apa televisi kalau gak punya gimana lu tinggal ngomong doang kalau lu jadi anak yang umurnya dibawah 16 tahun pasti gak terima,negative
2BdXibzPPyc,g peduli lgi gue,g peduli lgi gue,neutral
iLERE4VmtZc,Gak setuju 😡😡😡,gak setuju,negative
fX2bE5ecHy4,Nambah gila❎️<br>Nambah stress❎️<br>Nambah otak ngilang✅️,nambah gilanambah stressnambah otak ngilang,negative
C8XBDjbPNNU,Setuju kalau sudah 17 tahun baru boleh.,setuju kalau sudah 17 tahun baru boleh,positive
lM-QZ4uCXuk,"Bocil pada klenger, guru ga bisa tiktod&#39;an lagi, ortu rebutan hp Ama bocil buat pansos... Sukurin 😂😂😂, kalo bisa, sekalian itu anak dibawah umur 18 tahun dilarang mengakses internet dan memiliki gadget atau dalam pengawasan orang tua. Mantap",bocil pada klenger guru ga bisa tiktodan lagi ortu rebutan hp ama bocil buat pansos sukurin kalo bisa sekalian itu anak dibawah umur 18 tahun dilarang mengakses internet dan memiliki gadget atau dalam pengawasan orang tua mantap,positive
p8p-sAq_hhI,Emang lu siapa emang kamu yg lahirin kami sok sok ngatur hidup orang lu dancoo,emang lu siapa emang kamu yg lahirin kami sok sok ngatur hidup orang lu dancoo,negative
tuaZNgn2rcc,Baru kali ini gua setuju,baru kali ini gua setuju,positive
LSrWXE05LNY,Kita kan mau belajar di YouTube mana mungkin kita belajar di Pala peag mu,kita kan mau belajar di youtube mana mungkin kita belajar di pala peag mu,negative
0Sa4S97M-uM,Tidak setuju 😡 judol kagak di blokir 😡,tidak setuju judol kagak di blokir,negative
dVTaBKZLsds,"kalau dinaikkan tahunnya bagaimana ? anak daftar baru, ambil tahun 1990.",kalau dinaikkan tahunnya bagaimana anak daftar baru ambil tahun 1990,neutral
LSrWXE05LNY,Diam pemerintah itu hoax,diam pemerintah itu hoax,neutral
viGBwFO3nDA,Walaupun saya gak peduli dengan x facebook dan tiktok karena saya juga jarang main itu sekalian YouTube karena udah ada go tube hanya Roblox doang yang masalahnya menurut saya karena saya dah kebiasaan main game di situ Dan saya lumayan malas main game lain jadi walaupun saya Masih setuju dikit dengan sosmed lain mendingan gak usah roblox,walaupun saya gak peduli dengan x facebook dan tiktok karena saya juga jarang main itu sekalian youtube karena udah ada go tube hanya roblox doang yang masalahnya menurut saya karena saya dah kebiasaan main game di situ dan saya lumayan malas main game lain jadi walaupun saya masih setuju dikit dengan sosmed lain mendingan gak usah roblox,neutral
8i7X3KrGeF0,hoax itu,hoax itu,neutral
R1hQwelEGvU,Pemerintah dodol🤬🤬,pemerintah dodol,negative
vk2Ynj24qNA,Izin tolong banned judol dan gogle chorme,izin tolong banned judol dan gogle chorme,neutral
DfYhY-bKsZI,Dasar orang dewasa,dasar orang dewasa,negative
aZEtsruDoQc,Roblox : aaaaaagggggg!!!!!!,roblox aaaaaagggggg,neutral
_M85Z0Beq_g,Ga jelas banget sih tiba tiba di blok gitu aja kan kurang ajar emang ga tau diri alay 🤬🤬🤬🤬🤬🤬🤬🤬🤬🤬🤬<br><br><br><br><br><br><br><br><br><br><br><br><br><br><br><br><br><br><br><br><br>Tim ga setuju SM sekali<br>👇<br>👇<br>👇,ga jelas banget sih tiba tiba di blok gitu aja kan kurang ajar emang ga tau diri alay tim ga setuju sm sekali,negative
DfYhY-bKsZI,"Gak gitu pemerintah,😡😡😡😡😡😡😡😡😡😡😡😡😡😡😡😡😡😡😡😡😡😡🥀🥀🥀🥀🥀🥀🥀🥀🥀",gak gitu pemerintah,negative
dVTaBKZLsds,Yes aku udah tamat dong,yes aku udah tamat dong,neutral
p8p-sAq_hhI,Indo jadi rusuh gara-gara berita ini,indo jadi rusuh garagara berita ini,negative
C8XBDjbPNNU,Dasar warga indonesia yang gak becus😠😠😠😠😠😠😠😡😠,dasar warga indonesia yang gak becus,negative
lM-QZ4uCXuk,Gimana cara liat berita kaya gini kalo ngga ada tv,gimana cara liat berita kaya gini kalo ngga ada tv,negative
lM-QZ4uCXuk,Pemerintah sio asik,pemerintah sio asik,negative
0Sa4S97M-uM,Pembodohan,pembodohan,negative
LSrWXE05LNY,Kelakuannya macam koruptor sih,kelakuannya macam koruptor sih,negative
RsKRrIp--Mg,Itu hoax<br>Yang dimaksud hoax itu <br>Sosmed nya akan di blokir itu hoax yang benar itu dibatasi saja,itu hoaxyang dimaksud hoax itu sosmed nya akan di blokir itu hoax yang benar itu dibatasi saja,neutral
KFR9jjVi1D4,"Alhamdulillah..anak2 terutama muslim mending hafalan Al quran, blajar bahasa Arab, bhs inggris",alhamdulillahanak2 terutama muslim mending hafalan al quran blajar bahasa arab bhs inggris,positive
RsKRrIp--Mg,Kecewa berat YouTube di blokir,kecewa berat youtube di blokir,negative
2YHfX7PzVNM,Aplikasi nya apa saja jangan m net plus,aplikasi nya apa saja jangan m net plus,neutral
OBb8iLYgMu4,Woyyyy jangan woi,woyyyy jangan woi,negative
tuaZNgn2rcc,"kasian mbak yg masih kecil mau nonton kartun, harus nya nyuruh ortu aja buat awasin tontonan anak, bukan ngelarang, yg korupsi yg main judol yg meres uang rakyat gak di larang? malah di biarin, yg kaya di puji yg miskin di tindas, pantes ga maju²",kasian mbak yg masih kecil mau nonton kartun harus nya nyuruh ortu aja buat awasin tontonan anak bukan ngelarang yg korupsi yg main judol yg meres uang rakyat gak di larang malah di biarin yg kaya di puji yg miskin di tindas pantes ga maju,negative
fX2bE5ecHy4,"Saya tidak menyukai ide ini! <br><br>Tidak semua medsos itu negatif kebanyakan ini hanya sudut pandang orang yang tidak berpendidikan yang mengsudut pandangkan medsos itu negatif<br><br>Kami sebagai generasi muda seharusnya mendapatkan pendidikan dengan online dan teknologi untuk belajar<br><br>Saya tidak setuju dengan ide pemerintah yang meanggap generasi muda seperti kami masih 3 tahun kami sudah bisa membedakan mana yang salah dan mana yang benar<br><br><br>Kami memiliki hak untuk belajar menggunakan barang teknologi apa lagi yang baru untuk menuntut ilmu lebih tinggi kalau seperti ini akan mengurangi pendidikan generasi muda seperti kami<br><br>Kami bukan generasi yang harus dibungkam atau dibatasi tanpa alasan yang jelas. Kami adalah generasi digital yang berhak belajar, bersuara, dan berkembang di dunia yang juga akan menjadi masa depan kami.<br><br>Sekali lagi saya minta kepada pemerintah untuk mengganti pengaturan medsos tidak semua medsos itu negatif<br><br>Dengarkan suara kami. Jangan membuat kebijakan tentang kami tanpa melibatkan kami. 🚫📱",saya tidak menyukai ide ini tidak semua medsos itu negatif kebanyakan ini hanya sudut pandang orang yang tidak berpendidikan yang mengsudut pandangkan medsos itu negatifkami sebagai generasi muda seharusnya mendapatkan pendidikan dengan online dan teknologi untuk belajarsaya tidak setuju dengan ide pemerintah yang meanggap generasi muda seperti kami masih 3 tahun kami sudah bisa membedakan mana yang salah dan mana yang benarkami memiliki hak untuk belajar menggunakan barang teknologi apa lagi yang baru untuk menuntut ilmu lebih tinggi kalau seperti ini akan mengurangi pendidikan generasi muda seperti kamikami bukan generasi yang harus dibungkam atau dibatasi tanpa alasan yang jelas kami adalah generasi digital yang berhak belajar bersuara dan berkembang di dunia yang juga akan menjadi masa depan kamisekali lagi saya minta kepada pemerintah untuk mengganti pengaturan medsos tidak semua medsos itu negatifdengarkan suara kami jangan membuat kebijakan tentang kami tanpa melibatkan kami,negative
TdyE62mSXx0,Aku liat ini aja pas tanggal 30 Maret apalagi aku umur 8,aku liat ini aja pas tanggal 30 maret apalagi aku umur 8,neutral
LSrWXE05LNY,yah akun aku udah di hapus deh😢,yah akun aku udah di hapus deh,neutral
R1hQwelEGvU,Saya setuju banget,saya setuju banget,positive
2BdXibzPPyc,Pembatasan penggunaan sosmed bagi anak-anak bukanlah solusi yang hakiki karena mereka akan tetap bisa bersosmed dengan akun palsu atau akun orang lain apalagi game online ini memberikan dampak negatif yaitu kecanduan. Dunia digital sosmed digunakan untuk kepentingan para kapitalis ada keuntungannya bagi mereka maka sudah tak heran penguasa membuat aturan setengah hati. Islam mengatur dunia digital atas kemaslahatan umat yaitu membuat dunia sosmed untuk menambah keimanan kepada Allah dan dari sosmed tersebut membentuk generasi yang takut kepada Allah serta  menjalankan aturan Nya dengan sempurna sebab generasi mampu memilah perbuatan baik atau buruk.,pembatasan penggunaan sosmed bagi anakanak bukanlah solusi yang hakiki karena mereka akan tetap bisa bersosmed dengan akun palsu atau akun orang lain apalagi game online ini memberikan dampak negatif yaitu kecanduan dunia digital sosmed digunakan untuk kepentingan para kapitalis ada keuntungannya bagi mereka maka sudah tak heran penguasa membuat aturan setengah hati islam mengatur dunia digital atas kemaslahatan umat yaitu membuat dunia sosmed untuk menambah keimanan kepada allah dan dari sosmed tersebut membentuk generasi yang takut kepada allah serta menjalankan aturan nya dengan sempurna sebab generasi mampu memilah perbuatan baik atau buruk,negative
R1hQwelEGvU,tapi kalau udah lama terus udah di atas 16 tahun boleh gak?   maksud nya pas udah lewat 28 Maret 2026 semoga di baca🙏🏻,tapi kalau udah lama terus udah di atas 16 tahun boleh gak maksud nya pas udah lewat 28 maret 2026 semoga di baca,neutral
vk2Ynj24qNA,Hoax.. Teman temanku.. Ini hoax,hoax teman temanku ini hoax,neutral
NzMXdwZm8B0,Peraturan kurang bagus contohnya anak saya sedang mengikuti lomba olimpiade OSN individu pendaftaran mewajibkan punya akun email sendiri terus gimana jika di blokir anak saya berumur 12 THN 1smp,peraturan kurang bagus contohnya anak saya sedang mengikuti lomba olimpiade osn individu pendaftaran mewajibkan punya akun email sendiri terus gimana jika di blokir anak saya berumur 12 thn 1smp,negative
p8p-sAq_hhI,umurku 18 tahun lagi aku kerja SMP lulus anak pekerja terus,umurku 18 tahun lagi aku kerja smp lulus anak pekerja terus,neutral
p8p-sAq_hhI,Jangan gitulah,jangan gitulah,negative
hzDavp3DQo4,Eh tenang jgn bertengkar memang semua itu buat kita bingung bener apa bohong tapi itu klo beneran berati baik demi negeri palingan ini yg komen bocil semua sok tau korupsi judol,eh tenang jgn bertengkar memang semua itu buat kita bingung bener apa bohong tapi itu klo beneran berati baik demi negeri palingan ini yg komen bocil semua sok tau korupsi judol,positive
viGBwFO3nDA,Ah kalo gitu 2029 klo ada jokowi aku pilih pria solo,ah kalo gitu 2029 klo ada jokowi aku pilih pria solo,neutral
dVTaBKZLsds,Anak anak banyak kena virus game. 😂,anak anak banyak kena virus game,neutral
KIH6ZXRp9g0,Mulai main bredel media,mulai main bredel media,neutral
p8p-sAq_hhI,"Oh hell nah, ini pemerintah mau ngebungkam kami (rakyat) kah ceritanya?",oh hell nah ini pemerintah mau ngebungkam kami rakyat kah ceritanya,negative
2BdXibzPPyc,Alhamdulillah tiktok udah ditidak di akses oleh orang dongo,alhamdulillah tiktok udah ditidak di akses oleh orang dongo,positive
LSrWXE05LNY,Ih kenapa sih dilarang kan Roblox itu banyak jenisnya ya kan Kak mendownload juga banyak gunung-gunung gunung Jawa atau lain Kenapa di Band anak-anak sama book Seven parkour Warkop apa apapun semua🤬🤬,ih kenapa sih dilarang kan roblox itu banyak jenisnya ya kan kak mendownload juga banyak gununggunung gunung jawa atau lain kenapa di band anakanak sama book seven parkour warkop apa apapun semua,neutral
Hy5rx58GES4,Kami sgt setuju bila membenahi ke arah yg lebih good lbih positip keturunan dari kita ank Indonesia agr cerdas semua kalo pinter SDH bnyak yg keplinger ngga guna,kami sgt setuju bila membenahi ke arah yg lebih good lbih positip keturunan dari kita ank indonesia agr cerdas semua kalo pinter sdh bnyak yg keplinger ngga guna,positive
dVTaBKZLsds,kapan aplikasi judol di tutup....,kapan aplikasi judol di tutup,neutral
R1hQwelEGvU,"<a href=""https://www.youtube.com/watch?v=R1hQwelEGvU&amp;t=80"">1:20</a> iya lah!!! Aku ngluh. Langkah terbaik apanya.",a href iya lah aku ngluh langkah terbaik apanya,neutral
p8p-sAq_hhI,Awas lu gua demo nanti lu,awas lu gua demo nanti lu,negative
p8p-sAq_hhI,No!!!!!!!!!,no,negative
OBb8iLYgMu4,Tipu tipu,tipu tipu,neutral
0Sa4S97M-uM,Rata rata semua di komentar ini hanya bocil bocil yang kepansan yang mendegar berita baru ini.,rata rata semua di komentar ini hanya bocil bocil yang kepansan yang mendegar berita baru ini,neutral
R1hQwelEGvU,"Medsos terlalu mengerikan untuk anak-anak dibawah umur, jadi ini adalah langkah terbaik untuk anak Indonesia 🇮🇩",medsos terlalu mengerikan untuk anakanak dibawah umur jadi ini adalah langkah terbaik untuk anak indonesia,positive
0Sa4S97M-uM,Harusnya dibawah 13thn,harusnya dibawah 13thn,negative
LFfRhLKHdJA,Udah Telatt!!,udah telatt,negative
iLERE4VmtZc,Jangan 16 tahun Mestinya di larang dibawah 25 tahun biar fokus pendidikan,jangan 16 tahun mestinya di larang dibawah 25 tahun biar fokus pendidikan,negative
aZEtsruDoQc,MASA ROBUX KU YANG 300 HILANG BEGITU SAJA???,masa robux ku yang 300 hilang begitu saja
Hy5rx58GES4,Diblokir aja😂😂,diblokir aja,neutral
V_mvjaonG-w,Setuju Bu dan judi onlen,setuju bu dan judi onlen,positive
DfYhY-bKsZI,Trs teman gw yang baru umur 14 THN gimana dia kan ulangan pake hp aneh,trs teman gw yang baru umur 14 thn gimana dia kan ulangan pake hp aneh,negative
tuaZNgn2rcc,"1 acount dgn NIK, access  pakai face recog  jurus jitu",1 acount dgn nik access pakai face recog jurus jitu,neutral
JrCe8CVR1KY,Bg kalo nonton YouTub masih bisa kah,bg kalo nonton youtub masih bisa kah,neutral
DfYhY-bKsZI,Apalah kenapaaaaa woiii,apalah kenapaaaaa woiii,negative
hzDavp3DQo4,Sebuah kebijakan yang konyol,sebuah kebijakan yang konyol,negative
fX2bE5ecHy4,Gimana cara kita nonton tutorial  kalo di Gugel doang mana ngerti <br><br>Mana Vivan vantasi  belum  rilis<br><br>Gua setuju sama peraturan ini kalo youtoube gak di blokir <br><br>That&#39;s my source of pleasure,gimana cara kita nonton tutorial kalo di gugel doang mana ngerti mana vivan vantasi belum rilisgua setuju sama peraturan ini kalo youtoube gak di blokir thats my source of pleasure,negative
lM-QZ4uCXuk,Hoaks,hoaks,neutral
KFR9jjVi1D4,kenapa judol di biarin sedangkan medsos ganoleh,kenapa judol di biarin sedangkan medsos ganoleh,negative
19eKDDkJt6w,Gw masih mau main mlbb lol,gw masih mau main mlbb lol,neutral
19eKDDkJt6w,Kamu jahat banget sih 🤬,kamu jahat banget sih,negative
fX2bE5ecHy4,Kenapa harus pada hal aku masih umur 10 Tahun gimana ini 😢😢😢😢😢,kenapa harus pada hal aku masih umur 10 tahun gimana ini,negative
_M85Z0Beq_g,Kami bohong YouTube tidak boleh tutup aplikasi yang lain bisa tutup karena YouTube aku bisa nonton berita,kami bohong youtube tidak boleh tutup aplikasi yang lain bisa tutup karena youtube aku bisa nonton berita,negative
19eKDDkJt6w,Udah la mending jangan di ban aah👎👎👎👎👎,udah la mending jangan di ban aah,negative
2BdXibzPPyc,Gk aku gimana mau bikin konten untuk gasilin uang itu juga untuk orang tua ku😭😭,gk aku gimana mau bikin konten untuk gasilin uang itu juga untuk orang tua ku,negative
fX2bE5ecHy4,Ini hoax yang aslinya dibatasi,ini hoax yang aslinya dibatasi,neutral
viGBwFO3nDA,"Saya heran deh, kok Roblox juga dibatasin kan bukan medsos. Coba jelasin🙏",saya heran deh kok roblox juga dibatasin kan bukan medsos coba jelasin,neutral
hzDavp3DQo4,Kumparan jahat,kumparan jahat,negative
LSrWXE05LNY,Semoga jokoi lagi,semoga jokoi lagi,neutral
0Sa4S97M-uM,Puji Tuhan ...,puji tuhan,neutral
lM-QZ4uCXuk,aku  belajar  lagu iqro   itu  di  yutube   kenapa,aku belajar lagu iqro itu di yutube kenapa,negative
DfYhY-bKsZI,Kenapa sekalinya korupsi narkoba  gak cepat bergerak. tapi kalau tentang pembatasan digital pemerintah sok asik,kenapa sekalinya korupsi narkoba gak cepat bergerak tapi kalau tentang pembatasan digital pemerintah sok asik,negative
LFfRhLKHdJA,"Ah tai mana mungkin bisa diatasi, anak2 tidak bodoh pasti bisa aja cari cara lain, kalau mampuh sekalian aja putus internet..",ah tai mana mungkin bisa diatasi anak2 tidak bodoh pasti bisa aja cari cara lain kalau mampuh sekalian aja putus internet,negative
V_mvjaonG-w,Alhamdulillah akhirnya aturan anak kecil tidak boleh memiliki sosial media.,alhamdulillah akhirnya aturan anak kecil tidak boleh memiliki sosial media,positive
19eKDDkJt6w,aku harus balas dendam ke pemerintah sok ngatur aku marah besarrrr,aku harus balas dendam ke pemerintah sok ngatur aku marah besarrrr,negative
Hy5rx58GES4,Kami setuju kadang2 anak dibawah 16 th kll sudah maen hp rata 2semua lupa diri.setuju setuju setuju..dulu di masjid di musoollah anak2 rame pada ngaji kumpul. sekarang semua pada maen hp gak perduli waktu mantaaap,kami setuju kadang2 anak dibawah 16 th kll sudah maen hp rata 2semua lupa dirisetuju setuju setujudulu di masjid di musoollah anak2 rame pada ngaji kumpul sekarang semua pada maen hp gak perduli waktu mantaaap,positive
JrCe8CVR1KY,Lah kok masih bisa,lah kok masih bisa,neutral
LSrWXE05LNY,demo pls DEMO!!!! PERAMPASAN INI MAH!  MASA GW HARUS NUNGGU DARI 7 SAMPE 16 INI GIMANA SIH DEMO AJA LAH DEMO!!!!,demo pls demo perampasan ini mah masa gw harus nunggu dari 7 sampe 16 ini gimana sih demo aja lah demo,negative
dVTaBKZLsds,setuju . konten anak bahasanya jorok dan tak patut,setuju konten anak bahasanya jorok dan tak patut,positive
aZEtsruDoQc,"Umur gw di akun Roblox 15 tahun, tinggal nunggu 3 bulan lagi tapi dah kepepet, bisa sih ubah tanggal cuman perlu password dan gw lupa😅",umur gw di akun roblox 15 tahun tinggal nunggu 3 bulan lagi tapi dah kepepet bisa sih ubah tanggal cuman perlu password dan gw lupa,neutral
lM-QZ4uCXuk,ITU ADALAH 😢😢😢 KENANGKANANGAN DAN AKU SUKA NONTON YOUTUBE,itu adalah kenangkanangan dan aku suka nonton youtube,negative
vk2Ynj24qNA,Udh 5 tahun Akun roblox ku Buat tapi Malah di Nonaktif emang Asuuu,udh 5 tahun akun roblox ku buat tapi malah di nonaktif emang asuuu,neutral
lM-QZ4uCXuk,Awokawokawok tapi aku dari awal udah pakai akun orang tua jadi aman. Santai aja wkwkwk😂,awokawokawok tapi aku dari awal udah pakai akun orang tua jadi aman santai aja wkwkwk,neutral
2YHfX7PzVNM,Setuju....parah sekarang,setujuparah sekarang,positive
fX2bE5ecHy4,"Pemerintah makin kesini makin lawak, daripada blokir platform media sosial untuk anak dibawah 16 tahun, mending blokir sana situs-situs judol ngapain blokir media sosial cuma buat anak dibawah umur. Iya gw tau anak-anak jaman sekarang begonya bener bener, tapi ngotak dikit Napa situs judol dibiarin koruptor dibebasin. Lama-lama kagak jelas ini negara sumpah",pemerintah makin kesini makin lawak daripada blokir platform media sosial untuk anak dibawah 16 tahun mending blokir sana situssitus judol ngapain blokir media sosial cuma buat anak dibawah umur iya gw tau anakanak jaman sekarang begonya bener bener tapi ngotak dikit napa situs judol dibiarin koruptor dibebasin lamalama kagak jelas ini negara sumpah,negative
C8XBDjbPNNU,Aku tidak setuju😡 masa kalo udah punya akun yang susah-susah dirawat harus diblokir! Walaupun aman aku tetap tak setuju! Kenapa ga blokir langsung hal buruknya dan jangan hapus hal baiknya! Bagaimana aku bisa nonton Smurf Indonesia,aku tidak setuju masa kalo udah punya akun yang susahsusah dirawat harus diblokir walaupun aman aku tetap tak setuju kenapa ga blokir langsung hal buruknya dan jangan hapus hal baiknya bagaimana aku bisa nonton smurf indonesia,negative
R1hQwelEGvU,Pengumuman!!!!!!! Sudah ada orang yg memberi tahu cara gak diblokir oleh pemerintah!!! Bahaya bngt nih,pengumuman sudah ada orang yg memberi tahu cara gak diblokir oleh pemerintah bahaya bngt nih,negative
LFfRhLKHdJA,Sangat penting untuk Indonesia emas,sangat penting untuk indonesia emas,positive
KFR9jjVi1D4,Main HP daripada al-quran 😊,main hp daripada alquran,positive
QDj0g7Xw2rg,GW EDITOR UDH 6 TAHUN AKUN GW UMUR GW 10.MASA DIHAPUS?,gw editor udh 6 tahun akun gw umur gw 10masa dihapus,negative
19eKDDkJt6w,Dasar pemerintah Dajjal ngapain Hapus Roblox 🤬🖕,dasar pemerintah dajjal ngapain hapus roblox,neutral
2BdXibzPPyc,Ini bahaya ini kalo anaknya tidak kuat mental bisa bisa membahayakan anak anak tersebut,ini bahaya ini kalo anaknya tidak kuat mental bisa bisa membahayakan anak anak tersebut,negative
TdyE62mSXx0,16,16,neutral
viGBwFO3nDA,Lah kalo di larang malah bikin anak gk mau sekolah bosen soalnya 😹😹,lah kalo di larang malah bikin anak gk mau sekolah bosen soalnya,negative
viGBwFO3nDA,Itu bukan di blokir itu dibatasin,itu bukan di blokir itu dibatasin,neutral
R1hQwelEGvU,Sekarang sosial media sekarang ap? Judol gitu?,sekarang sosial media sekarang ap judol gitu,neutral
_M85Z0Beq_g,Janganlah Bu saya masih mau main,janganlah bu saya masih mau main,negative
0Sa4S97M-uM,mantap,mantap,positive
19eKDDkJt6w,WOI LU GK MIKIRIN KORUPTOR MIKIR LAH,woi lu gk mikirin koruptor mikir lah,negative
C8XBDjbPNNU,"Yg komen tidak setuju pasti bocil2 under 16 tahun ini 😂😂😂, belajar cil biar gk blegug",yg komen tidak setuju pasti bocil2 under 16 tahun ini belajar cil biar gk blegug,neutral
V_mvjaonG-w,😭😭😭😭😭😭😭😭😭😭😭😭😭😭 iya sih demi keselamatan tapi nanti aku nonton apa 😢😢😢,iya sih demi keselamatan tapi nanti aku nonton apa,negative
aZEtsruDoQc,Plese lah urusin dulu orang orang korupsi lah,plese lah urusin dulu orang orang korupsi lah,negative
8i7X3KrGeF0,Dari pada ngurusin hp kami mendingan urusin itu judi online soal nya sudah mwmbuat orang orang terjerumus ke ambang kemiskinan kasihan juga keluarga yang salah satu anggota keluarga nya menjadi korban dari judi online yang meresahkan😢😢😢,dari pada ngurusin hp kami mendingan urusin itu judi online soal nya sudah mwmbuat orang orang terjerumus ke ambang kemiskinan kasihan juga keluarga yang salah satu anggota keluarga nya menjadi korban dari judi online yang meresahkan,negative
p8p-sAq_hhI,Fix demo,fix demo,negative
V_mvjaonG-w,Huhuhuhuhu kalo di blokir gw gak bisa mabarrrrrr sama temen akuuuuuuu😭😭,huhuhuhuhu kalo di blokir gw gak bisa mabarrrrrr sama temen akuuuuuuu,neutral
p8p-sAq_hhI,Berita noh banned 😤,berita noh banned,neutral
nVMFsgHRcnY,Btw apa kabar yang ganti tanggal lahir ke 16+ ya padahal Masi dibawah 16th 😂,btw apa kabar yang ganti tanggal lahir ke 16 ya padahal masi dibawah 16th,neutral
KFR9jjVi1D4,Untung Gw Pake Akun Temen Gw😂,untung gw pake akun temen gw,neutral
JrCe8CVR1KY,Yang Dewasa aja belum tentu main sosmed dengan positif,yang dewasa aja belum tentu main sosmed dengan positif,negative
2YHfX7PzVNM,judol juga hapus,judol juga hapus,neutral
2BdXibzPPyc,Kalian pikir nga susah bikin 700 subs kalian pikir gampang HAH?!,kalian pikir nga susah bikin 700 subs kalian pikir gampang hah,negative
iLERE4VmtZc,AWAS KALO FREE FIRE JUGA!!!! 👊😡,awas kalo free fire juga,neutral
0Sa4S97M-uM,Anak yang di eksploitasi buat konten <br>Juga batasi akunnya.,anak yang di eksploitasi buat konten juga batasi akunnya,neutral
8i7X3KrGeF0,Hoax oiiiiiiii,hoax oiiiiiiii,neutral
lM-QZ4uCXuk,Nanti gw videonya sepi please jangan!!!!😢😢,nanti gw videonya sepi please jangan,negative
JrCe8CVR1KY,"PILIH KASIH,KORUPTOR AJA NGGAK DIBATASI😂",pilih kasihkoruptor aja nggak dibatasi,negative
LSrWXE05LNY,Aku nggak setuju aku nggak setuju aku nggak setuju 🤬🤬🤬🤬🤬🤬🤬🤬,aku nggak setuju aku nggak setuju aku nggak setuju,negative
JrCe8CVR1KY,kita buat tiktok cape cape bikin malah pengen di blokir,kita buat tiktok cape cape bikin malah pengen di blokir,negative
C8XBDjbPNNU,Berati gw nonton yutub kids😭🗿,berati gw nonton yutub kids,neutral
p8p-sAq_hhI,Judi juga diberesin pemerintah koncet,judi juga diberesin pemerintah koncet,negative
hzDavp3DQo4,Eehh dong jangan gitu rablox nya🤬🤬🤬🤬🤬🤬😡😡😡tolol amat,eehh dong jangan gitu rablox nyatolol amat,neutral
RsKRrIp--Mg,Tapi katanya hoax,tapi katanya hoax,neutral
cqVq6jZn0CM,"AKU GA SETUJUH APRIKASI² DI NONAKTIFIN, KARENA ANAK² BUTUH HIBURAN, DAN KESENANGAN DAN KALAU DI NONAKTIFIN LALU ANAK² BAKAL NGAPAIN DONG UDAH JADI BOSAN SEMUA GARA² PEMERINTAH YG BANGSAT MEMBUAT SEGALA MACAM PERATURAN YG ADA!!",aku ga setujuh aprikasi di nonaktifin karena anak butuh hiburan dan kesenangan dan kalau di nonaktifin lalu anak bakal ngapain dong udah jadi bosan semua gara pemerintah yg bangsat membuat segala macam peraturan yg ada,negative
JrCe8CVR1KY,Untung ini hp ibu ku buat barengan hehe😊😊,untung ini hp ibu ku buat barengan hehe,neutral
0Sa4S97M-uM,KLO saya minta Indonesia bangun nuklir,klo saya minta indonesia bangun nuklir,neutral
p8p-sAq_hhI,Game jika berkaitan Dengan akun FB atau apapun akan diblokir Juga kan? Mengapa gak aja Judol yang diblokir? Anak juga butuh Hiburan,game jika berkaitan dengan akun fb atau apapun akan diblokir juga kan mengapa gak aja judol yang diblokir anak juga butuh hiburan,neutral
V_mvjaonG-w,kapan mbg dilarang juga?,kapan mbg dilarang juga,neutral
fX2bE5ecHy4,Sia² aku udah beli robux sama usaha ku sampe 400 sub.<br>(Udalah ganti negara aja capek gua🗿),sia aku udah beli robux sama usaha ku sampe 400 subudalah ganti negara aja capek gua,neutral
fX2bE5ecHy4,Ayo kita  suarakan ke pemerintah untuk ngeblokir judol atau kita demo sebelum tanggal 28 maret 2026 😡😡😡,ayo kita suarakan ke pemerintah untuk ngeblokir judol atau kita demo sebelum tanggal 28 maret 2026,neutral
hzDavp3DQo4,Setuju tapi ternyata hoaks🤣 makanya jangan sok sok an dong,setuju tapi ternyata hoaks makanya jangan sok sok an dong,positive
xOLutbfafBo,Yang gak setuju sini ngumpul,yang gak setuju sini ngumpul,negative
lM-QZ4uCXuk,Kita jadi lemes karena dengerin suara menyebalkan itu,kita jadi lemes karena dengerin suara menyebalkan itu,neutral
xOLutbfafBo,Dasar korup,dasar korup,negative
KFR9jjVi1D4,Demi masa depan anak bangsa🎉,demi masa depan anak bangsa,positive
LSrWXE05LNY,Makanya punya otak,makanya punya otak,negative
TdyE62mSXx0,Gak ada anjirr ini udah lewat tanggal 28 marap gak ada gua aja umur 8 tahun ga ada tuh robrox aku yang di hapus ini aja udah tanggal 30 bejir hu boong dasar,gak ada anjirr ini udah lewat tanggal 28 marap gak ada gua aja umur 8 tahun ga ada tuh robrox aku yang di hapus ini aja udah tanggal 30 bejir hu boong dasar
p8p-sAq_hhI,Yaallah😭😭,yaallah,neutral
OBb8iLYgMu4,Itu booong aku masih ada roblox dan yutub😂😂😂😂😂😂😡😡,itu booong aku masih ada roblox dan yutub,neutral
Hy5rx58GES4,You tube jangan lah 😢😢😢😢😢😢😢😢😢😢😢😢😢😢😢😢,you tube jangan lah,negative
LSrWXE05LNY,Aku anak kecil aku tak setuju,aku anak kecil aku tak setuju,negative
p8p-sAq_hhI,Dasar asv pemerintah,dasar asv pemerintah,negative
C8XBDjbPNNU,Setuju...,setuju,positive
NzMXdwZm8B0,Mana nih Woi wes kelewatan sudah 28 Maret 2026,mana nih woi wes kelewatan sudah 28 maret 2026,neutral
fX2bE5ecHy4,Gak setuju gua gak ada hiburan lagi 😢,gak setuju gua gak ada hiburan lagi,negative
tuaZNgn2rcc,Jangan sampe gw photo dah,jangan sampe gw photo dah,neutral
KIH6ZXRp9g0,Konoha²,konoha,neutral
fX2bE5ecHy4,Apala kek gini Nega nggak maju,apala kek gini nega nggak maju,negative
vk2Ynj24qNA,Nah nah kalok Roblox di blokir kok  judol gak di blokir urusin korupsi aja enggak di urusin kan masih banyak game kecuali Roblox kayak ml HOK ff juga kok gak di blokir kocak banget,nah nah kalok roblox di blokir kok judol gak di blokir urusin korupsi aja enggak di urusin kan masih banyak game kecuali roblox kayak ml hok ff juga kok gak di blokir kocak banget,neutral
fX2bE5ecHy4,Aku beli hp sendiri tapi kenapa kok situ yang ngatur,aku beli hp sendiri tapi kenapa kok situ yang ngatur,negative
C8XBDjbPNNU,Se7,se7,positive
QDj0g7Xw2rg,Benar tu kami gak mau,benar tu kami gak mau,negative
tuaZNgn2rcc,"Lah iklan judol, pinjol dan aplikasi judol gak di berantas gimana sih bu mentri?????",lah iklan judol pinjol dan aplikasi judol gak di berantas gimana sih bu mentri,neutral
tuaZNgn2rcc,"Itu aja ijazah palsu harus di audit di basmi, untuk penerus generasi muda yang sekolah 🏫 <br>Ega perlu masalah di gital atau informasi internet.<br>Jangan seperti ijazah nya si Joko Widodo yang lulus s1.dari UGM Yogyakarta.<br>Di adili aja di pengadilan jangan berlarut larut di tunda tunda masalah sidang ijazah palsu Joko Widodo.jgn di ulur -ulur.atau di tunda tunda.sidangnya.",itu aja ijazah palsu harus di audit di basmi untuk penerus generasi muda yang sekolah ega perlu masalah di gital atau informasi internetjangan seperti ijazah nya si joko widodo yang lulus s1dari ugm yogyakartadi adili aja di pengadilan jangan berlarut larut di tunda tunda masalah sidang ijazah palsu joko widodojgn di ulur uluratau di tunda tundasidangnya,neutral
hzDavp3DQo4,Bacot,bacot,negative
TdyE62mSXx0,Mekanismenya bgmn ?,mekanismenya bgmn,neutral
hzDavp3DQo4,Gak setuju 😡😡😡😡,gak setuju,negative
aZEtsruDoQc,Keputusan Paling Bodoh Yang Pernah Ku Dengar...,keputusan paling bodoh yang pernah ku dengar,negative
aZEtsruDoQc,Setuju ga si,setuju ga si,neutral
fX2bE5ecHy4,Jir yang dikasih liat bukan game roblox😭😭😭😭,jir yang dikasih liat bukan game roblox,neutral
0Sa4S97M-uM,"Judool sama Pinjol jg di Fikir Boss,,sudah sangat meresahkan",judool sama pinjol jg di fikir bosssudah sangat meresahkan,neutral
19eKDDkJt6w,"Lu punya otak gua dah main hampir 6 tahun lu baru ngebban Roblox se karang. Judok, dulu korupsi tuh, berbahaya apa dulu Roblox game bocil sekarang aja bocil gabisa main. Membantu apa ff , ml game lain ga gara-gara Roblox rame baru gua udah bermain 6 tahun usah top up lah main seneng dan pemerintah blokir otaknya mana di kaki ha",lu punya otak gua dah main hampir 6 tahun lu baru ngebban roblox se karang judok dulu korupsi tuh berbahaya apa dulu roblox game bocil sekarang aja bocil gabisa main membantu apa ff ml game lain ga garagara roblox rame baru gua udah bermain 6 tahun usah top up lah main seneng dan pemerintah blokir otaknya mana di kaki ha,neutral
RsKRrIp--Mg,Gk,gk,negative
DfYhY-bKsZI,ANJ😞👈,anj,negative
19eKDDkJt6w,AYO DEMO AJA KUMPUL DI SINI <br>SOK² BLOKIR AYO KITA BERONTAK BIAR ROBLOX DAN YOUTUBE DAN FACEBOOK JANGAN DI BAN AYO DEMO SAJA<br>👇<br>👇,ayo demo aja kumpul di sini sok blokir ayo kita berontak biar roblox dan youtube dan facebook jangan di ban ayo demo saja,negative
aZEtsruDoQc,aku azkiya masih anak anak ❤️🧡💛💚🩵💙💜🤎🖤🩶🤍🩷🩸💧🌈🎀,aku azkiya masih anak anak,neutral
JrCe8CVR1KY,Ngapa kalo judol gak diblokir,ngapa kalo judol gak diblokir,neutral
lM-QZ4uCXuk,Setuju gua ..gen alpha KLO udh kena hp males,setuju gua gen alpha klo udh kena hp males,positive
DfYhY-bKsZI,Dadi mengkel isun,dadi mengkel isun,neutral
RsKRrIp--Mg,Blokir itu situs judol Sabatoto. Kenapa bikin peraturan gk jelas.,blokir itu situs judol sabatoto kenapa bikin peraturan gk jelas,negative
NzMXdwZm8B0,Ini bohongan kalau benaran gw gerebek,ini bohongan kalau benaran gw gerebek,negative
_M85Z0Beq_g,no aku yg berusaha di roblox jadi hilang padahal aku dah berusaha,no aku yg berusaha di roblox jadi hilang padahal aku dah berusaha,neutral
QDj0g7Xw2rg,Hoax guys,hoax guys,neutral
xOLutbfafBo,Gua liat tugas sekolah dari mana kalo ngak  WhatsApp,gua liat tugas sekolah dari mana kalo ngak whatsapp,neutral
2YHfX7PzVNM,Kenapa ga jelas kita bukan negara seperti eropa apa lah,kenapa ga jelas kita bukan negara seperti eropa apa lah,negative
lM-QZ4uCXuk,"Udah salah nyolot pula, dah jelek ngatur pula",udah salah nyolot pula dah jelek ngatur pula,negative
p8p-sAq_hhI,"Nyawit nih orang😒<br>Dahlah lahan buat kita main dibikin lahan pembangunan, sekarang hiburan kita satu²nya diblokir coba",nyawit nih orangdahlah lahan buat kita main dibikin lahan pembangunan sekarang hiburan kita satunya diblokir coba,negative
TdyE62mSXx0,hidup Jokowi!!!,hidup jokowi,neutral
2BdXibzPPyc,dalah block akun Ishowspeed tu,dalah block akun ishowspeed tu,neutral
19eKDDkJt6w,Ya roblox akan blokir kalo anak membikin steres anak lalu kalo anak main perang perang di roblox kalo makin main dia memukul memukul ayah dan bunda jadi anak diatas umur 7 tetap tidak boleh,ya roblox akan blokir kalo anak membikin steres anak lalu kalo anak main perang perang di roblox kalo makin main dia memukul memukul ayah dan bunda jadi anak diatas umur 7 tetap tidak boleh,neutral
TdyE62mSXx0,Kalian menghancurkan kebahagiaan,kalian menghancurkan kebahagiaan,negative
vk2Ynj24qNA,Oi slot dan iklan iklan hilangin juga,oi slot dan iklan iklan hilangin juga,neutral
NzMXdwZm8B0,Youtube aman lahhhh 😢😢😢,youtube aman lahhhh,neutral
nVMFsgHRcnY,indo itu karena korup,indo itu karena korup,neutral
2BdXibzPPyc,YouTube sama Roblox jangan plisss,youtube sama roblox jangan plisss,negative
_M85Z0Beq_g,eee itu bukan gue itu anak anak bandel  looo Napa gua juga ha Napa lu😡😡🤬🤬🤬,eee itu bukan gue itu anak anak bandel looo napa gua juga ha napa lu,neutral
DfYhY-bKsZI,Halah gua aja ya nonton biasa kayak penting info ada apa (CONTOH) katanya ada gerhana bulan nah kan kita gak tahu jadi gerhana yang kita tunggu tunggu malah Terlewat <br>Dan kata kata hari ini : kenapa Indonesia tidak maju karena fideo yang penting untuk anak anak seperti gerhana bulan atau matematika tidak bisah tau orang yang mau liat kereta taupun kendaraan lain gitu <br>. Kenapa gak begini urusin judi  dulu nah ke. 2. Video yang tidak pantas untuk di tonton anak anak harus nya di hapus atau di praifet gitu loh 🤬🤬🤬🤬🤬🤬🙏🤬🤬🤬😑😅,halah gua aja ya nonton biasa kayak penting info ada apa contoh katanya ada gerhana bulan nah kan kita gak tahu jadi gerhana yang kita tunggu tunggu malah terlewat dan kata kata hari ini kenapa indonesia tidak maju karena fideo yang penting untuk anak anak seperti gerhana bulan atau matematika tidak bisah tau orang yang mau liat kereta taupun kendaraan lain gitu kenapa gak begini urusin judi dulu nah ke 2 video yang tidak pantas untuk di tonton anak anak harus nya di hapus atau di praifet gitu loh,negative
iLERE4VmtZc,"Aku umur 9 plliiss jagan <a href=""https://www.youtube.com/watch?v=iLERE4VmtZc&amp;t=189"">3:09</a>",aku umur 9 plliiss jagan a href,negative
aZEtsruDoQc,Ngak jelas gua di roblox udah keluar duit banyak gj bet dah,ngak jelas gua di roblox udah keluar duit banyak gj bet dah,neutral
LFfRhLKHdJA,"Meutya ini salah satu mentri yang kompetensi nya sangat rendah, terlalu banyak buat statement dengan kualitas pemikiran anak smp. Menyedihkan rakyat dipaksa prabowo bayarin gaji dan fasilitas mentri seperti ini. Uhhh dosa apa rakyat indonesia ya TUHAN",meutya ini salah satu mentri yang kompetensi nya sangat rendah terlalu banyak buat statement dengan kualitas pemikiran anak smp menyedihkan rakyat dipaksa prabowo bayarin gaji dan fasilitas mentri seperti ini uhhh dosa apa rakyat indonesia ya tuhan,negative
V_mvjaonG-w,We literally cooked☠️😭,we literally cooked,neutral
fX2bE5ecHy4,"setuju,tpi nnti pelaksanaan nya bagaimana? apakah tetap bisa mengakses tpi interaksi dibatasi? filter konten? sebelum melaksanakan apakah sudah sesuai dengan data dan fakta? krn bisa saja anak meminjam dan dipinjam kan akun orang tua. Email / akun Google nanti gimana? Pemerintah harusnya kasih “wadah” atau malah membatasi? <br><br><br>bagaimana caranya bikin sosmed aman tanpa menghambat belajar anak?",setujutpi nnti pelaksanaan nya bagaimana apakah tetap bisa mengakses tpi interaksi dibatasi filter konten sebelum melaksanakan apakah sudah sesuai dengan data dan fakta krn bisa saja anak meminjam dan dipinjam kan akun orang tua email akun google nanti gimana pemerintah harusnya kasih wadah atau malah membatasi bagaimana caranya bikin sosmed aman tanpa menghambat belajar anak,positive
_M85Z0Beq_g,oi tutorial di YouTube gabisaaaa,oi tutorial di youtube gabisaaaa,negative
LFfRhLKHdJA,"Walah dah terlambat,,, ganti ide yg baru dan cemerlang",walah dah terlambat ganti ide yg baru dan cemerlang,negative
hzDavp3DQo4,yang mau bikin dia jadi tornado KOEMPOEL!!!,yang mau bikin dia jadi tornado koempoel,negative
DfYhY-bKsZI,Peraturan nya jelek 😡😡😡🤬😡🤬🤬😡🤬😡🤬🤬😡🤬😡,peraturan nya jelek,negative
TdyE62mSXx0,Tolong hentikan sekarang dari pada anak anak terus menangis sedih dan galau,tolong hentikan sekarang dari pada anak anak terus menangis sedih dan galau,negative
p8p-sAq_hhI,Go terimo,go terimo,negative
vk2Ynj24qNA,Hoax coy😏,hoax coy,neutral
lM-QZ4uCXuk,Aku punya saran ya anak anak boleh medsos kenapa GK begini aja jika ada vidio yg tidak pantas itu di hapus dari Indonesia dan apa bila anak anak ketik kata kasar di sensor seperti Roblox dan juga Roblox itu udah ketat dan udah ada peraturan verifikasi wajah dan  KTP dan Roblox juga udah di pisah akun anak dan akun remaja dari aturan tersebut dan juga Roblox kan geme anak anak dan Roblox itu buat kreasi geme ringan dan mempelajari ilmu dan pengalaman jadi itu aja si saran ku jika ada salah maaf,aku punya saran ya anak anak boleh medsos kenapa gk begini aja jika ada vidio yg tidak pantas itu di hapus dari indonesia dan apa bila anak anak ketik kata kasar di sensor seperti roblox dan juga roblox itu udah ketat dan udah ada peraturan verifikasi wajah dan ktp dan roblox juga udah di pisah akun anak dan akun remaja dari aturan tersebut dan juga roblox kan geme anak anak dan roblox itu buat kreasi geme ringan dan mempelajari ilmu dan pengalaman jadi itu aja si saran ku jika ada salah maaf,neutral
OBb8iLYgMu4,AMAAAAAAN,amaaaaaan,neutral
lM-QZ4uCXuk,kita mau demontrasi kayak gini 👹👹,kita mau demontrasi kayak gini,negative
QDj0g7Xw2rg,HP hp kita kok kalian yang ngatur,hp hp kita kok kalian yang ngatur,negative
KFR9jjVi1D4,Untung aku main sakura😂,untung aku main sakura,neutral
nVMFsgHRcnY,"INI SAMA SAJA SEPERTI MENGAMBIL HAK KITA , BAYANGKAN AKUN YANG DIRAWAT BERTAHUN TAHUN SERING TOP UP DAN SUDAH SULTAN HARGA NYA BSA RATUSAN HINGGA JUTAAN LALU DISITA BEGITU SAJA? PENCURIAN INI BANYAK YG TIDAK BERSALAH KENA AKUN YG DIRAWAT UDAH KAYAK DIRAMPAS PAKSA , MENGISOLASI ANAK ANAK INI BSA AJA KENA PENYAKIT MENTAL WOI",ini sama saja seperti mengambil hak kita bayangkan akun yang dirawat bertahun tahun sering top up dan sudah sultan harga nya bsa ratusan hingga jutaan lalu disita begitu saja pencurian ini banyak yg tidak bersalah kena akun yg dirawat udah kayak dirampas paksa mengisolasi anak anak ini bsa aja kena penyakit mental woi,negative
vk2Ynj24qNA,"<a href=""https://www.youtube.com/watch?v=vk2Ynj24qNA&amp;t=71"">1:11</a> pala kau terbaik",a href pala kau terbaik,negative
aZEtsruDoQc,"🙄 &quot;Konoha cemetary, share location&quot; 😪",konoha cemetary share location,neutral
Hy5rx58GES4,"GAME,SOSMED DI HAPUS!!???<br>JUDI KAGA DI HAPUS!?<br>PERCUMA LU BIKIN ATURAN KAYA GINI NANTI UJUNG-UJUNGNYA ORANG DEWASA GAK BERPENDIDIKAN!!!!!!😠😠😠😠😠😠😠😡😡🤬🤬🤬🤬🤬🤬",gamesosmed di hapusjudi kaga di hapuspercuma lu bikin aturan kaya gini nanti ujungujungnya orang dewasa gak berpendidikan,negative
LSrWXE05LNY,"INI MAH PERAMPASAN AKUN!!! SEMUA ORANG PUNYA HAK MEREKA SENDIRI !!!!! DPR KENAPA GA DIBERHENTIIN? MASALAH DPR BLM SELESAI SECEPAT ITU KALO KAPAN INDONESIA MAJU, KASIAN WOI BOCIL YANG MAU NGASILIN UANG DARI SITU, KALO GITU GENERASI EMAS BAKAL JADI GENERASI SAMPAH!!!!!??? YANG SETUJU KITA DEMO INDONESIA LIKE KOMENTAR GW DAN VIRALIN KOMENTAR KUU!!!",ini mah perampasan akun semua orang punya hak mereka sendiri dpr kenapa ga diberhentiin masalah dpr blm selesai secepat itu kalo kapan indonesia maju kasian woi bocil yang mau ngasilin uang dari situ kalo gitu generasi emas bakal jadi generasi sampah yang setuju kita demo indonesia like komentar gw dan viralin komentar kuu,negative
hzDavp3DQo4,"Setuju emang harus di ban ,bocil&quot; sekarang banyak yang ga bener dari cara bicaranya sampe kelakuan ny",setuju emang harus di ban bocil sekarang banyak yang ga bener dari cara bicaranya sampe kelakuan ny,positive
2BdXibzPPyc,sok jadi tuhan lo,sok jadi tuhan lo,negative
KIH6ZXRp9g0,"Tidak, Kenapa Harus 28 Maret, Aku Itu Animators Konten😢",tidak kenapa harus 28 maret aku itu animators konten,negative